service_code,zone_id,zone_label,country_codes,postal_codes,cities,zone_min_weight,zone_max_weight,rate,cost,zone_transit_days
royal_mail_international_tracked_large_letter,europe_zone_1,Europe Zone 1,IE:FR:DE:DK:MC,,,0,100.001,9.80,9.80,
royal_mail_international_tracked_large_letter,europe_zone_1,Europe Zone 1,IE:FR:DE:DK:MC,,,100,250.001,9.90,9.90,
royal_mail_international_tracked_large_letter,europe_zone_1,Europe Zone 1,IE:FR:DE:DK:MC,,,250,500.001,10.50,10.50,
royal_mail_international_tracked_large_letter,europe_zone_1,Europe Zone 1,IE:FR:DE:DK:MC,,,500,750.001,10.90,10.90,
royal_mail_international_tracked_large_letter,europe_zone_2,Europe Zone 2,AT:LV:PT:LT:ES:LU:BE:BG:MT:NL:HR:PL:CY:RO:CZ:SK:EE:SI:FI:GR:HU:SE:IT,,,0,100.001,9.80,9.80,
royal_mail_international_tracked_large_letter,europe_zone_2,Europe Zone 2,AT:LV:PT:LT:ES:LU:BE:BG:MT:NL:HR:PL:CY:RO:CZ:SK:EE:SI:FI:GR:HU:SE:IT,,,100,250.001,9.90,9.90,
royal_mail_international_tracked_large_letter,europe_zone_2,Europe Zone 2,AT:LV:PT:LT:ES:LU:BE:BG:MT:NL:HR:PL:CY:RO:CZ:SK:EE:SI:FI:GR:HU:SE:IT,,,250,500.001,10.50,10.50,
royal_mail_international_tracked_large_letter,europe_zone_2,Europe Zone 2,AT:LV:PT:LT:ES:LU:BE:BG:MT:NL:HR:PL:CY:RO:CZ:SK:EE:SI:FI:GR:HU:SE:IT,,,500,750.001,10.90,10.90,
royal_mail_international_tracked_large_letter,europe_zone_3,Europe Zone 3,AL:MD:AD:ME:AM:MK:AZ:NO:SJ:BY:RU:BA:SM:FO:RS:GE:CH:GI:TJ:GL:TR:IS:TM:KZ:UA:XK:UZ:KG:VA:LI,,,0,100.001,9.80,9.80,
royal_mail_international_tracked_large_letter,europe_zone_3,Europe Zone 3,AL:MD:AD:ME:AM:MK:AZ:NO:SJ:BY:RU:BA:SM:FO:RS:GE:CH:GI:TJ:GL:TR:IS:TM:KZ:UA:XK:UZ:KG:VA:LI,,,100,250.001,9.90,9.90,
royal_mail_international_tracked_large_letter,europe_zone_3,Europe Zone 3,AL:MD:AD:ME:AM:MK:AZ:NO:SJ:BY:RU:BA:SM:FO:RS:GE:CH:GI:TJ:GL:TR:IS:TM:KZ:UA:XK:UZ:KG:VA:LI,,,250,500.001,10.50,10.50,
royal_mail_international_tracked_large_letter,europe_zone_3,Europe Zone 3,AL:MD:AD:ME:AM:MK:AZ:NO:SJ:BY:RU:BA:SM:FO:RS:GE:CH:GI:TJ:GL:TR:IS:TM:KZ:UA:XK:UZ:KG:VA:LI,,,500,750.001,10.90,10.90,
royal_mail_international_tracked_large_letter,world_zone_1,World Zone 1,,,,0,100.001,11.75,11.75,
royal_mail_international_tracked_large_letter,world_zone_1,World Zone 1,,,,100,250.001,12.55,12.55,
royal_mail_international_tracked_large_letter,world_zone_1,World Zone 1,,,,250,500.001,14.60,14.60,
royal_mail_international_tracked_large_letter,world_zone_1,World Zone 1,,,,500,750.001,17.85,17.85,
royal_mail_international_tracked_large_letter,world_zone_2,World Zone 2,AU:PW:IO:CX:CC:CK:FJ:PF:TF:KI:MO:NR:NC:NZ:AQ:NU:NF:BV:PG:LA:PN:SG:SB:TK:TO:TV:AS:WS,,,0,100.001,11.30,11.30,
royal_mail_international_tracked_large_letter,world_zone_2,World Zone 2,AU:PW:IO:CX:CC:CK:FJ:PF:TF:KI:MO:NR:NC:NZ:AQ:NU:NF:BV:PG:LA:PN:SG:SB:TK:TO:TV:AS:WS,,,100,250.001,13.25,13.25,
royal_mail_international_tracked_large_letter,world_zone_2,World Zone 2,AU:PW:IO:CX:CC:CK:FJ:PF:TF:KI:MO:NR:NC:NZ:AQ:NU:NF:BV:PG:LA:PN:SG:SB:TK:TO:TV:AS:WS,,,250,500.001,15.65,15.65,
royal_mail_international_tracked_large_letter,world_zone_2,World Zone 2,AU:PW:IO:CX:CC:CK:FJ:PF:TF:KI:MO:NR:NC:NZ:AQ:NU:NF:BV:PG:LA:PN:SG:SB:TK:TO:TV:AS:WS,,,500,750.001,19.95,19.95,
royal_mail_international_tracked_large_letter,world_zone_3,World Zone 3,US,,,0,100.001,10.90,10.90,
royal_mail_international_tracked_large_letter,world_zone_3,World Zone 3,US,,,100,250.001,12.05,12.05,
royal_mail_international_tracked_large_letter,world_zone_3,World Zone 3,US,,,250,500.001,14.20,14.20,
royal_mail_international_tracked_large_letter,world_zone_3,World Zone 3,US,,,500,750.001,16.65,16.65,
royal_mail_international_tracked_small_parcel,europe_zone_1,France,FR,,,0,250.001,9.90,9.90,
royal_mail_international_tracked_small_parcel,europe_zone_1,France,FR,,,250,500.001,10.85,10.85,
royal_mail_international_tracked_small_parcel,europe_zone_1,France,FR,,,500,750.001,11.10,11.10,
royal_mail_international_tracked_small_parcel,europe_zone_1,France,FR,,,750,1000.001,11.15,11.15,
royal_mail_international_tracked_small_parcel,europe_zone_1,France,FR,,,1000,1250.001,11.15,11.15,
royal_mail_international_tracked_small_parcel,europe_zone_1,France,FR,,,1250,1500.001,11.15,11.15,
royal_mail_international_tracked_small_parcel,europe_zone_1,France,FR,,,1500,2000.001,11.15,11.15,
royal_mail_international_tracked_small_parcel,europe_zone_1,Germany,DE,,,0,250.001,8.15,8.15,
royal_mail_international_tracked_small_parcel,europe_zone_1,Germany,DE,,,250,500.001,9.40,9.40,
royal_mail_international_tracked_small_parcel,europe_zone_1,Germany,DE,,,500,750.001,9.95,9.95,
royal_mail_international_tracked_small_parcel,europe_zone_1,Germany,DE,,,750,1000.001,9.95,9.95,
royal_mail_international_tracked_small_parcel,europe_zone_1,Germany,DE,,,1000,1250.001,9.95,9.95,
royal_mail_international_tracked_small_parcel,europe_zone_1,Germany,DE,,,1250,1500.001,9.95,9.95,
royal_mail_international_tracked_small_parcel,europe_zone_1,Germany,DE,,,1500,2000.001,9.95,9.95,
royal_mail_international_tracked_small_parcel,europe_zone_1,Ireland,IE,,,0,250.001,8.80,8.80,
royal_mail_international_tracked_small_parcel,europe_zone_1,Ireland,IE,,,250,500.001,8.80,8.80,
royal_mail_international_tracked_small_parcel,europe_zone_1,Ireland,IE,,,500,750.001,8.80,8.80,
royal_mail_international_tracked_small_parcel,europe_zone_1,Ireland,IE,,,750,1000.001,8.80,8.80,
royal_mail_international_tracked_small_parcel,europe_zone_1,Ireland,IE,,,1000,1250.001,10.30,10.30,
royal_mail_international_tracked_small_parcel,europe_zone_1,Ireland,IE,,,1250,1500.001,10.30,10.30,
royal_mail_international_tracked_small_parcel,europe_zone_1,Ireland,IE,,,1500,2000.001,10.30,10.30,
royal_mail_international_tracked_small_parcel,europe_zone_1,Rest of Europe Zone 1,DK:MC,,,0,250.001,8.95,8.95,
royal_mail_international_tracked_small_parcel,europe_zone_1,Rest of Europe Zone 1,DK:MC,,,250,500.001,10.05,10.05,
royal_mail_international_tracked_small_parcel,europe_zone_1,Rest of Europe Zone 1,DK:MC,,,500,750.001,10.70,10.70,
royal_mail_international_tracked_small_parcel,europe_zone_1,Rest of Europe Zone 1,DK:MC,,,750,1000.001,10.95,10.95,
royal_mail_international_tracked_small_parcel,europe_zone_1,Rest of Europe Zone 1,DK:MC,,,1000,1250.001,11.80,11.80,
royal_mail_international_tracked_small_parcel,europe_zone_1,Rest of Europe Zone 1,DK:MC,,,1250,1500.001,11.80,11.80,
royal_mail_international_tracked_small_parcel,europe_zone_1,Rest of Europe Zone 1,DK:MC,,,1500,2000.001,12.00,12.00,
royal_mail_international_tracked_small_parcel,europe_zone_2,Belgium,BE,,,0,250.001,9.65,9.65,
royal_mail_international_tracked_small_parcel,europe_zone_2,Belgium,BE,,,250,500.001,10.60,10.60,
royal_mail_international_tracked_small_parcel,europe_zone_2,Belgium,BE,,,500,750.001,11.15,11.15,
royal_mail_international_tracked_small_parcel,europe_zone_2,Belgium,BE,,,750,1000.001,11.90,11.90,
royal_mail_international_tracked_small_parcel,europe_zone_2,Belgium,BE,,,1000,1250.001,12.30,12.30,
royal_mail_international_tracked_small_parcel,europe_zone_2,Belgium,BE,,,1250,1500.001,12.30,12.30,
royal_mail_international_tracked_small_parcel,europe_zone_2,Belgium,BE,,,1500,2000.001,13.00,13.00,
royal_mail_international_tracked_small_parcel,europe_zone_2,Italy,IT,,,0,250.001,9.65,9.65,
royal_mail_international_tracked_small_parcel,europe_zone_2,Italy,IT,,,250,500.001,10.60,10.60,
royal_mail_international_tracked_small_parcel,europe_zone_2,Italy,IT,,,500,750.001,11.15,11.15,
royal_mail_international_tracked_small_parcel,europe_zone_2,Italy,IT,,,750,1000.001,11.90,11.90,
royal_mail_international_tracked_small_parcel,europe_zone_2,Italy,IT,,,1000,1250.001,12.30,12.30,
royal_mail_international_tracked_small_parcel,europe_zone_2,Italy,IT,,,1250,1500.001,12.30,12.30,
royal_mail_international_tracked_small_parcel,europe_zone_2,Italy,IT,,,1500,2000.001,13.00,13.00,
royal_mail_international_tracked_small_parcel,europe_zone_2,Netherlands,NL,,,0,250.001,9.20,9.20,
royal_mail_international_tracked_small_parcel,europe_zone_2,Netherlands,NL,,,250,500.001,10.10,10.10,
royal_mail_international_tracked_small_parcel,europe_zone_2,Netherlands,NL,,,500,750.001,10.65,10.65,
royal_mail_international_tracked_small_parcel,europe_zone_2,Netherlands,NL,,,750,1000.001,10.85,10.85,
royal_mail_international_tracked_small_parcel,europe_zone_2,Netherlands,NL,,,1000,1250.001,11.25,11.25,
royal_mail_international_tracked_small_parcel,europe_zone_2,Netherlands,NL,,,1250,1500.001,11.25,11.25,
royal_mail_international_tracked_small_parcel,europe_zone_2,Netherlands,NL,,,1500,2000.001,11.90,11.90,
royal_mail_international_tracked_small_parcel,europe_zone_2,Poland,PL,,,0,250.001,9.85,9.85,
royal_mail_international_tracked_small_parcel,europe_zone_2,Poland,PL,,,250,500.001,10.70,10.70,
royal_mail_international_tracked_small_parcel,europe_zone_2,Poland,PL,,,500,750.001,11.30,11.30,
royal_mail_international_tracked_small_parcel,europe_zone_2,Poland,PL,,,750,1000.001,12.00,12.00,
royal_mail_international_tracked_small_parcel,europe_zone_2,Poland,PL,,,1000,1250.001,12.45,12.45,
royal_mail_international_tracked_small_parcel,europe_zone_2,Poland,PL,,,1250,1500.001,12.45,12.45,
royal_mail_international_tracked_small_parcel,europe_zone_2,Poland,PL,,,1500,2000.001,13.15,13.15,
royal_mail_international_tracked_small_parcel,europe_zone_2,Romania,RO,,,0,250.001,14.15,14.15,
royal_mail_international_tracked_small_parcel,europe_zone_2,Romania,RO,,,250,500.001,15.00,15.00,
royal_mail_international_tracked_small_parcel,europe_zone_2,Romania,RO,,,500,750.001,15.60,15.60,
royal_mail_international_tracked_small_parcel,europe_zone_2,Romania,RO,,,750,1000.001,16.30,16.30,
royal_mail_international_tracked_small_parcel,europe_zone_2,Romania,RO,,,1000,1250.001,16.75,16.75,
royal_mail_international_tracked_small_parcel,europe_zone_2,Romania,RO,,,1250,1500.001,16.75,16.75,
royal_mail_international_tracked_small_parcel,europe_zone_2,Romania,RO,,,1500,2000.001,17.45,17.45,
royal_mail_international_tracked_small_parcel,europe_zone_2,Spain,ES,,,0,250.001,9.60,9.60,
royal_mail_international_tracked_small_parcel,europe_zone_2,Spain,ES,,,250,500.001,10.20,10.20,
royal_mail_international_tracked_small_parcel,europe_zone_2,Spain,ES,,,500,750.001,10.75,10.75,
royal_mail_international_tracked_small_parcel,europe_zone_2,Spain,ES,,,750,1000.001,11.40,11.40,
royal_mail_international_tracked_small_parcel,europe_zone_2,Spain,ES,,,1000,1250.001,11.85,11.85,
royal_mail_international_tracked_small_parcel,europe_zone_2,Spain,ES,,,1250,1500.001,11.85,11.85,
royal_mail_international_tracked_small_parcel,europe_zone_2,Spain,ES,,,1500,2000.001,12.50,12.50,
royal_mail_international_tracked_small_parcel,europe_zone_2,Sweden,SE,,,0,250.001,9.65,9.65,
royal_mail_international_tracked_small_parcel,europe_zone_2,Sweden,SE,,,250,500.001,10.60,10.60,
royal_mail_international_tracked_small_parcel,europe_zone_2,Sweden,SE,,,500,750.001,11.15,11.15,
royal_mail_international_tracked_small_parcel,europe_zone_2,Sweden,SE,,,750,1000.001,11.90,11.90,
royal_mail_international_tracked_small_parcel,europe_zone_2,Sweden,SE,,,1000,1250.001,12.30,12.30,
royal_mail_international_tracked_small_parcel,europe_zone_2,Sweden,SE,,,1250,1500.001,12.30,12.30,
royal_mail_international_tracked_small_parcel,europe_zone_2,Sweden,SE,,,1500,2000.001,13.00,13.00,
royal_mail_international_tracked_small_parcel,europe_zone_2,Rest of Europe Zone 2,AT:LV:PT:LT:LU:BG:MT:HR:CY:CZ:SK:EE:SI:FI:GR:HU,,,0,250.001,9.85,9.85,
royal_mail_international_tracked_small_parcel,europe_zone_2,Rest of Europe Zone 2,AT:LV:PT:LT:LU:BG:MT:HR:CY:CZ:SK:EE:SI:FI:GR:HU,,,250,500.001,10.70,10.70,
royal_mail_international_tracked_small_parcel,europe_zone_2,Rest of Europe Zone 2,AT:LV:PT:LT:LU:BG:MT:HR:CY:CZ:SK:EE:SI:FI:GR:HU,,,500,750.001,11.45,11.45,
royal_mail_international_tracked_small_parcel,europe_zone_2,Rest of Europe Zone 2,AT:LV:PT:LT:LU:BG:MT:HR:CY:CZ:SK:EE:SI:FI:GR:HU,,,750,1000.001,12.10,12.10,
royal_mail_international_tracked_small_parcel,europe_zone_2,Rest of Europe Zone 2,AT:LV:PT:LT:LU:BG:MT:HR:CY:CZ:SK:EE:SI:FI:GR:HU,,,1000,1250.001,12.45,12.45,
royal_mail_international_tracked_small_parcel,europe_zone_2,Rest of Europe Zone 2,AT:LV:PT:LT:LU:BG:MT:HR:CY:CZ:SK:EE:SI:FI:GR:HU,,,1250,1500.001,12.45,12.45,
royal_mail_international_tracked_small_parcel,europe_zone_2,Rest of Europe Zone 2,AT:LV:PT:LT:LU:BG:MT:HR:CY:CZ:SK:EE:SI:FI:GR:HU,,,1500,2000.001,13.15,13.15,
royal_mail_international_tracked_small_parcel,europe_zone_3,Norway,NO:SJ,,,0,250.001,10.90,10.90,
royal_mail_international_tracked_small_parcel,europe_zone_3,Norway,NO:SJ,,,250,500.001,12.50,12.50,
royal_mail_international_tracked_small_parcel,europe_zone_3,Norway,NO:SJ,,,500,750.001,13.05,13.05,
royal_mail_international_tracked_small_parcel,europe_zone_3,Norway,NO:SJ,,,750,1000.001,14.05,14.05,
royal_mail_international_tracked_small_parcel,europe_zone_3,Norway,NO:SJ,,,1000,1250.001,15.00,15.00,
royal_mail_international_tracked_small_parcel,europe_zone_3,Norway,NO:SJ,,,1250,1500.001,15.60,15.60,
royal_mail_international_tracked_small_parcel,europe_zone_3,Norway,NO:SJ,,,1500,2000.001,16.05,16.05,
royal_mail_international_tracked_small_parcel,europe_zone_3,Switzerland,CH,,,0,250.001,11.95,11.95,
royal_mail_international_tracked_small_parcel,europe_zone_3,Switzerland,CH,,,250,500.001,11.95,11.95,
royal_mail_international_tracked_small_parcel,europe_zone_3,Switzerland,CH,,,500,750.001,12.25,12.25,
royal_mail_international_tracked_small_parcel,europe_zone_3,Switzerland,CH,,,750,1000.001,13.20,13.20,
royal_mail_international_tracked_small_parcel,europe_zone_3,Switzerland,CH,,,1000,1250.001,13.75,13.75,
royal_mail_international_tracked_small_parcel,europe_zone_3,Switzerland,CH,,,1250,1500.001,14.30,14.30,
royal_mail_international_tracked_small_parcel,europe_zone_3,Switzerland,CH,,,1500,2000.001,14.55,14.55,
royal_mail_international_tracked_small_parcel,europe_zone_3,Turkey,TR,,,0,250.001,11.65,11.65,
royal_mail_international_tracked_small_parcel,europe_zone_3,Turkey,TR,,,250,500.001,13.90,13.90,
royal_mail_international_tracked_small_parcel,europe_zone_3,Turkey,TR,,,500,750.001,14.50,14.50,
royal_mail_international_tracked_small_parcel,europe_zone_3,Turkey,TR,,,750,1000.001,15.65,15.65,
royal_mail_international_tracked_small_parcel,europe_zone_3,Turkey,TR,,,1000,1250.001,16.75,16.75,
royal_mail_international_tracked_small_parcel,europe_zone_3,Turkey,TR,,,1250,1500.001,17.45,17.45,
royal_mail_international_tracked_small_parcel,europe_zone_3,Turkey,TR,,,1500,2000.001,17.95,17.95,
royal_mail_international_tracked_small_parcel,europe_zone_3,Rest of Europe Zone 3,AL:MD:AD:ME:AM:MK:AZ:BY:RU:BA:SM:FO:RS:GE:GI:TJ:GL:IS:TM:KZ:UA:XK:UZ:KG:VA:LI,,,0,250.001,12.15,12.15,
royal_mail_international_tracked_small_parcel,europe_zone_3,Rest of Europe Zone 3,AL:MD:AD:ME:AM:MK:AZ:BY:RU:BA:SM:FO:RS:GE:GI:TJ:GL:IS:TM:KZ:UA:XK:UZ:KG:VA:LI,,,250,500.001,14.40,14.40,
royal_mail_international_tracked_small_parcel,europe_zone_3,Rest of Europe Zone 3,AL:MD:AD:ME:AM:MK:AZ:BY:RU:BA:SM:FO:RS:GE:GI:TJ:GL:IS:TM:KZ:UA:XK:UZ:KG:VA:LI,,,500,750.001,15.00,15.00,
royal_mail_international_tracked_small_parcel,europe_zone_3,Rest of Europe Zone 3,AL:MD:AD:ME:AM:MK:AZ:BY:RU:BA:SM:FO:RS:GE:GI:TJ:GL:IS:TM:KZ:UA:XK:UZ:KG:VA:LI,,,750,1000.001,16.15,16.15,
royal_mail_international_tracked_small_parcel,europe_zone_3,Rest of Europe Zone 3,AL:MD:AD:ME:AM:MK:AZ:BY:RU:BA:SM:FO:RS:GE:GI:TJ:GL:IS:TM:KZ:UA:XK:UZ:KG:VA:LI,,,1000,1250.001,17.25,17.25,
royal_mail_international_tracked_small_parcel,europe_zone_3,Rest of Europe Zone 3,AL:MD:AD:ME:AM:MK:AZ:BY:RU:BA:SM:FO:RS:GE:GI:TJ:GL:IS:TM:KZ:UA:XK:UZ:KG:VA:LI,,,1250,1500.001,17.95,17.95,
royal_mail_international_tracked_small_parcel,europe_zone_3,Rest of Europe Zone 3,AL:MD:AD:ME:AM:MK:AZ:BY:RU:BA:SM:FO:RS:GE:GI:TJ:GL:IS:TM:KZ:UA:XK:UZ:KG:VA:LI,,,1500,2000.001,18.45,18.45,
royal_mail_international_tracked_small_parcel,world_zone_3,USA,US,,,0,250.001,12.17,12.17,
royal_mail_international_tracked_small_parcel,world_zone_3,USA,US,,,250,500.001,14.25,14.25,
royal_mail_international_tracked_small_parcel,world_zone_3,USA,US,,,500,750.001,17.53,17.53,
royal_mail_international_tracked_small_parcel,world_zone_3,USA,US,,,750,1000.001,17.53,17.53,
royal_mail_international_tracked_small_parcel,world_zone_3,USA,US,,,1000,1250.001,20.20,20.20,
royal_mail_international_tracked_small_parcel,world_zone_3,USA,US,,,1250,1500.001,20.20,20.20,
royal_mail_international_tracked_small_parcel,world_zone_3,USA,US,,,1500,2000.001,20.20,20.20,
royal_mail_international_tracked_small_parcel,world_zone_1,Brazil,BR,,,0,250.001,12.30,12.30,
royal_mail_international_tracked_small_parcel,world_zone_1,Brazil,BR,,,250,500.001,15.60,15.60,
royal_mail_international_tracked_small_parcel,world_zone_1,Brazil,BR,,,500,750.001,19.20,19.20,
royal_mail_international_tracked_small_parcel,world_zone_1,Brazil,BR,,,750,1000.001,22.30,22.30,
royal_mail_international_tracked_small_parcel,world_zone_1,Brazil,BR,,,1000,1250.001,25.15,25.15,
royal_mail_international_tracked_small_parcel,world_zone_1,Brazil,BR,,,1250,1500.001,26.15,26.15,
royal_mail_international_tracked_small_parcel,world_zone_1,Brazil,BR,,,1500,2000.001,28.05,28.05,
royal_mail_international_tracked_small_parcel,world_zone_1,Canada,CA,,,0,250.001,14.44,14.44,
royal_mail_international_tracked_small_parcel,world_zone_1,Canada,CA,,,250,500.001,14.44,14.44,
royal_mail_international_tracked_small_parcel,world_zone_1,Canada,CA,,,500,750.001,17.01,17.01,
royal_mail_international_tracked_small_parcel,world_zone_1,Canada,CA,,,750,1000.001,20.27,20.27,
royal_mail_international_tracked_small_parcel,world_zone_1,Canada,CA,,,1000,1250.001,22.95,22.95,
royal_mail_international_tracked_small_parcel,world_zone_1,Canada,CA,,,1250,1500.001,24.52,24.52,
royal_mail_international_tracked_small_parcel,world_zone_1,Canada,CA,,,1500,2000.001,24.52,24.52,
royal_mail_international_tracked_small_parcel,world_zone_1,China,CN,,,0,250.001,11.40,11.40,
royal_mail_international_tracked_small_parcel,world_zone_1,China,CN,,,250,500.001,13.15,13.15,
royal_mail_international_tracked_small_parcel,world_zone_1,China,CN,,,500,750.001,13.15,13.15,
royal_mail_international_tracked_small_parcel,world_zone_1,China,CN,,,750,1000.001,13.15,13.15,
royal_mail_international_tracked_small_parcel,world_zone_1,China,CN,,,1000,1250.001,17.75,17.75,
royal_mail_international_tracked_small_parcel,world_zone_1,China,CN,,,1250,1500.001,17.75,17.75,
royal_mail_international_tracked_small_parcel,world_zone_1,China,CN,,,1500,2000.001,17.75,17.75,
royal_mail_international_tracked_small_parcel,world_zone_1,Hong Kong,HK,,,0,250.001,11.55,11.55,
royal_mail_international_tracked_small_parcel,world_zone_1,Hong Kong,HK,,,250,500.001,14.35,14.35,
royal_mail_international_tracked_small_parcel,world_zone_1,Hong Kong,HK,,,500,750.001,17.15,17.15,
royal_mail_international_tracked_small_parcel,world_zone_1,Hong Kong,HK,,,750,1000.001,19.90,19.90,
royal_mail_international_tracked_small_parcel,world_zone_1,Hong Kong,HK,,,1000,1250.001,22.40,22.40,
royal_mail_international_tracked_small_parcel,world_zone_1,Hong Kong,HK,,,1250,1500.001,25.40,25.40,
royal_mail_international_tracked_small_parcel,world_zone_1,Hong Kong,HK,,,1500,2000.001,27.25,27.25,
royal_mail_international_tracked_small_parcel,world_zone_1,India,IN,,,0,250.001,12.50,12.50,
royal_mail_international_tracked_small_parcel,world_zone_1,India,IN,,,250,500.001,15.80,15.80,
royal_mail_international_tracked_small_parcel,world_zone_1,India,IN,,,500,750.001,18.50,18.50,
royal_mail_international_tracked_small_parcel,world_zone_1,India,IN,,,750,1000.001,21.45,21.45,
royal_mail_international_tracked_small_parcel,world_zone_1,India,IN,,,1000,1250.001,24.15,24.15,
royal_mail_international_tracked_small_parcel,world_zone_1,India,IN,,,1250,1500.001,25.10,25.10,
royal_mail_international_tracked_small_parcel,world_zone_1,India,IN,,,1500,2000.001,26.90,26.90,
royal_mail_international_tracked_small_parcel,world_zone_1,Japan,JP,,,0,250.001,12.45,12.45,
royal_mail_international_tracked_small_parcel,world_zone_1,Japan,JP,,,250,500.001,15.70,15.70,
royal_mail_international_tracked_small_parcel,world_zone_1,Japan,JP,,,500,750.001,18.50,18.50,
royal_mail_international_tracked_small_parcel,world_zone_1,Japan,JP,,,750,1000.001,21.45,21.45,
royal_mail_international_tracked_small_parcel,world_zone_1,Japan,JP,,,1000,1250.001,24.15,24.15,
royal_mail_international_tracked_small_parcel,world_zone_1,Japan,JP,,,1250,1500.001,27.10,27.10,
royal_mail_international_tracked_small_parcel,world_zone_1,Japan,JP,,,1500,2000.001,29.10,29.10,
royal_mail_international_tracked_small_parcel,world_zone_1,Thailand,TH,,,0,250.001,12.95,12.95,
royal_mail_international_tracked_small_parcel,world_zone_1,Thailand,TH,,,250,500.001,15.70,15.70,
royal_mail_international_tracked_small_parcel,world_zone_1,Thailand,TH,,,500,750.001,18.25,18.25,
royal_mail_international_tracked_small_parcel,world_zone_1,Thailand,TH,,,750,1000.001,20.10,20.10,
royal_mail_international_tracked_small_parcel,world_zone_1,Thailand,TH,,,1000,1250.001,22.45,22.45,
royal_mail_international_tracked_small_parcel,world_zone_1,Thailand,TH,,,1250,1500.001,24.80,24.80,
royal_mail_international_tracked_small_parcel,world_zone_1,Thailand,TH,,,1500,2000.001,26.60,26.60,
royal_mail_international_tracked_small_parcel,world_zone_1,Rest of World Zone 1,,,,0,250.001,14.40,14.40,
royal_mail_international_tracked_small_parcel,world_zone_1,Rest of World Zone 1,,,,250,500.001,18.15,18.15,
royal_mail_international_tracked_small_parcel,world_zone_1,Rest of World Zone 1,,,,500,750.001,21.25,21.25,
royal_mail_international_tracked_small_parcel,world_zone_1,Rest of World Zone 1,,,,750,1000.001,24.65,24.65,
royal_mail_international_tracked_small_parcel,world_zone_1,Rest of World Zone 1,,,,1000,1250.001,27.75,27.75,
royal_mail_international_tracked_small_parcel,world_zone_1,Rest of World Zone 1,,,,1250,1500.001,28.85,28.85,
royal_mail_international_tracked_small_parcel,world_zone_1,Rest of World Zone 1,,,,1500,2000.001,29.90,29.90,
royal_mail_international_tracked_small_parcel,world_zone_2,Australia,AU,,,0,250.001,12.35,12.35,
royal_mail_international_tracked_small_parcel,world_zone_2,Australia,AU,,,250,500.001,15.85,15.85,
royal_mail_international_tracked_small_parcel,world_zone_2,Australia,AU,,,500,750.001,18.40,18.40,
royal_mail_international_tracked_small_parcel,world_zone_2,Australia,AU,,,750,1000.001,19.40,19.40,
royal_mail_international_tracked_small_parcel,world_zone_2,Australia,AU,,,1000,1250.001,25.10,25.10,
royal_mail_international_tracked_small_parcel,world_zone_2,Australia,AU,,,1250,1500.001,25.10,25.10,
royal_mail_international_tracked_small_parcel,world_zone_2,Australia,AU,,,1500,2000.001,25.10,25.10,
royal_mail_international_tracked_small_parcel,world_zone_2,New Zealand,NZ,,,0,250.001,15.30,15.30,
royal_mail_international_tracked_small_parcel,world_zone_2,New Zealand,NZ,,,250,500.001,16.30,16.30,
royal_mail_international_tracked_small_parcel,world_zone_2,New Zealand,NZ,,,500,750.001,20.25,20.25,
royal_mail_international_tracked_small_parcel,world_zone_2,New Zealand,NZ,,,750,1000.001,20.25,20.25,
royal_mail_international_tracked_small_parcel,world_zone_2,New Zealand,NZ,,,1000,1250.001,27.20,27.20,
royal_mail_international_tracked_small_parcel,world_zone_2,New Zealand,NZ,,,1250,1500.001,30.05,30.05,
royal_mail_international_tracked_small_parcel,world_zone_2,New Zealand,NZ,,,1500,2000.001,32.05,32.05,
royal_mail_international_tracked_small_parcel,world_zone_2,Rest of World Zone 2,PW:IO:CX:CC:CK:FJ:PF:TF:KI:MO:NR:NC:AQ:NU:NF:BV:PG:LA:PN:SG:SB:TK:TO:TV:AS:WS,,,0,250.001,14.90,14.90,
royal_mail_international_tracked_small_parcel,world_zone_2,Rest of World Zone 2,PW:IO:CX:CC:CK:FJ:PF:TF:KI:MO:NR:NC:AQ:NU:NF:BV:PG:LA:PN:SG:SB:TK:TO:TV:AS:WS,,,250,500.001,19.15,19.15,
royal_mail_international_tracked_small_parcel,world_zone_2,Rest of World Zone 2,PW:IO:CX:CC:CK:FJ:PF:TF:KI:MO:NR:NC:AQ:NU:NF:BV:PG:LA:PN:SG:SB:TK:TO:TV:AS:WS,,,500,750.001,23.75,23.75,
royal_mail_international_tracked_small_parcel,world_zone_2,Rest of World Zone 2,PW:IO:CX:CC:CK:FJ:PF:TF:KI:MO:NR:NC:AQ:NU:NF:BV:PG:LA:PN:SG:SB:TK:TO:TV:AS:WS,,,750,1000.001,27.90,27.90,
royal_mail_international_tracked_small_parcel,world_zone_2,Rest of World Zone 2,PW:IO:CX:CC:CK:FJ:PF:TF:KI:MO:NR:NC:AQ:NU:NF:BV:PG:LA:PN:SG:SB:TK:TO:TV:AS:WS,,,1000,1250.001,31.85,31.85,
royal_mail_international_tracked_small_parcel,world_zone_2,Rest of World Zone 2,PW:IO:CX:CC:CK:FJ:PF:TF:KI:MO:NR:NC:AQ:NU:NF:BV:PG:LA:PN:SG:SB:TK:TO:TV:AS:WS,,,1250,1500.001,34.90,34.90,
royal_mail_international_tracked_small_parcel,world_zone_2,Rest of World Zone 2,PW:IO:CX:CC:CK:FJ:PF:TF:KI:MO:NR:NC:AQ:NU:NF:BV:PG:LA:PN:SG:SB:TK:TO:TV:AS:WS,,,1500,2000.001,37.55,37.55,
royal_mail_international_tracked_medium_parcel,europe_zone_1,France,FR,,,0,1000.001,11.75,11.75,
royal_mail_international_tracked_medium_parcel,europe_zone_1,France,FR,,,1000,2000.001,11.75,11.75,
royal_mail_international_tracked_medium_parcel,europe_zone_1,France,FR,,,2000,3000.001,13.20,13.20,
royal_mail_international_tracked_medium_parcel,europe_zone_1,France,FR,,,3000,4000.001,13.20,13.20,
royal_mail_international_tracked_medium_parcel,europe_zone_1,France,FR,,,4000,5000.001,13.20,13.20,
royal_mail_international_tracked_medium_parcel,europe_zone_1,France,FR,,,5000,7500.001,15.80,15.80,
royal_mail_international_tracked_medium_parcel,europe_zone_1,France,FR,,,7500,10000.001,15.80,15.80,
royal_mail_international_tracked_medium_parcel,europe_zone_1,France,FR,,,10000,15000.001,20.35,20.35,
royal_mail_international_tracked_medium_parcel,europe_zone_1,France,FR,,,15000,20000.001,20.35,20.35,
royal_mail_international_tracked_medium_parcel,europe_zone_1,Germany,DE,,,0,1000.001,11.70,11.70,
royal_mail_international_tracked_medium_parcel,europe_zone_1,Germany,DE,,,1000,2000.001,11.70,11.70,
royal_mail_international_tracked_medium_parcel,europe_zone_1,Germany,DE,,,2000,3000.001,12.60,12.60,
royal_mail_international_tracked_medium_parcel,europe_zone_1,Germany,DE,,,3000,4000.001,13.70,13.70,
royal_mail_international_tracked_medium_parcel,europe_zone_1,Germany,DE,,,4000,5000.001,14.35,14.35,
royal_mail_international_tracked_medium_parcel,europe_zone_1,Germany,DE,,,5000,7500.001,15.75,15.75,
royal_mail_international_tracked_medium_parcel,europe_zone_1,Germany,DE,,,7500,10000.001,19.35,19.35,
royal_mail_international_tracked_medium_parcel,europe_zone_1,Germany,DE,,,10000,15000.001,29.80,29.80,
royal_mail_international_tracked_medium_parcel,europe_zone_1,Germany,DE,,,15000,20000.001,37.45,37.45,
royal_mail_international_tracked_medium_parcel,europe_zone_1,Ireland,IE,,,0,1000.001,11.10,11.10,
royal_mail_international_tracked_medium_parcel,europe_zone_1,Ireland,IE,,,1000,2000.001,11.10,11.10,
royal_mail_international_tracked_medium_parcel,europe_zone_1,Ireland,IE,,,2000,3000.001,11.30,11.30,
royal_mail_international_tracked_medium_parcel,europe_zone_1,Ireland,IE,,,3000,4000.001,12.10,12.10,
royal_mail_international_tracked_medium_parcel,europe_zone_1,Ireland,IE,,,4000,5000.001,13.40,13.40,
royal_mail_international_tracked_medium_parcel,europe_zone_1,Ireland,IE,,,5000,7500.001,15.40,15.40,
royal_mail_international_tracked_medium_parcel,europe_zone_1,Ireland,IE,,,7500,10000.001,16.70,16.70,
royal_mail_international_tracked_medium_parcel,europe_zone_1,Ireland,IE,,,10000,15000.001,18.85,18.85,
royal_mail_international_tracked_medium_parcel,europe_zone_1,Ireland,IE,,,15000,20000.001,19.95,19.95,
royal_mail_international_tracked_medium_parcel,europe_zone_1,Rest of Europe Zone 1,DK:MC,,,0,1000.001,14.30,14.30,
royal_mail_international_tracked_medium_parcel,europe_zone_1,Rest of Europe Zone 1,DK:MC,,,1000,2000.001,15.20,15.20,
royal_mail_international_tracked_medium_parcel,europe_zone_1,Rest of Europe Zone 1,DK:MC,,,2000,3000.001,17.35,17.35,
royal_mail_international_tracked_medium_parcel,europe_zone_1,Rest of Europe Zone 1,DK:MC,,,3000,4000.001,17.85,17.85,
royal_mail_international_tracked_medium_parcel,europe_zone_1,Rest of Europe Zone 1,DK:MC,,,4000,5000.001,18.40,18.40,
royal_mail_international_tracked_medium_parcel,europe_zone_1,Rest of Europe Zone 1,DK:MC,,,5000,7500.001,24.05,24.05,
royal_mail_international_tracked_medium_parcel,europe_zone_1,Rest of Europe Zone 1,DK:MC,,,7500,10000.001,29.25,29.25,
royal_mail_international_tracked_medium_parcel,europe_zone_1,Rest of Europe Zone 1,DK:MC,,,10000,15000.001,39.65,39.65,
royal_mail_international_tracked_medium_parcel,europe_zone_1,Rest of Europe Zone 1,DK:MC,,,15000,20000.001,49.45,49.45,
royal_mail_international_tracked_medium_parcel,europe_zone_2,Belgium,BE,,,0,1000.001,13.00,13.00,
royal_mail_international_tracked_medium_parcel,europe_zone_2,Belgium,BE,,,1000,2000.001,16.10,16.10,
royal_mail_international_tracked_medium_parcel,europe_zone_2,Belgium,BE,,,2000,3000.001,18.65,18.65,
royal_mail_international_tracked_medium_parcel,europe_zone_2,Belgium,BE,,,3000,4000.001,33.60,33.60,
royal_mail_international_tracked_medium_parcel,europe_zone_2,Belgium,BE,,,4000,5000.001,36.65,36.65,
royal_mail_international_tracked_medium_parcel,europe_zone_2,Belgium,BE,,,5000,7500.001,54.45,54.45,
royal_mail_international_tracked_medium_parcel,europe_zone_2,Belgium,BE,,,7500,10000.001,58.10,58.10,
royal_mail_international_tracked_medium_parcel,europe_zone_2,Belgium,BE,,,10000,15000.001,78.60,78.60,
royal_mail_international_tracked_medium_parcel,europe_zone_2,Belgium,BE,,,15000,20000.001,95.10,95.10,
royal_mail_international_tracked_medium_parcel,europe_zone_2,Italy,IT,,,0,1000.001,14.05,14.05,
royal_mail_international_tracked_medium_parcel,europe_zone_2,Italy,IT,,,1000,2000.001,16.95,16.95,
royal_mail_international_tracked_medium_parcel,europe_zone_2,Italy,IT,,,2000,3000.001,19.80,19.80,
royal_mail_international_tracked_medium_parcel,europe_zone_2,Italy,IT,,,3000,4000.001,25.20,25.20,
royal_mail_international_tracked_medium_parcel,europe_zone_2,Italy,IT,,,4000,5000.001,28.00,28.00,
royal_mail_international_tracked_medium_parcel,europe_zone_2,Italy,IT,,,5000,7500.001,31.90,31.90,
royal_mail_international_tracked_medium_parcel,europe_zone_2,Italy,IT,,,7500,10000.001,37.50,37.50,
royal_mail_international_tracked_medium_parcel,europe_zone_2,Italy,IT,,,10000,15000.001,55.40,55.40,
royal_mail_international_tracked_medium_parcel,europe_zone_2,Italy,IT,,,15000,20000.001,67.90,67.90,
royal_mail_international_tracked_medium_parcel,europe_zone_2,Netherlands,NL,,,0,1000.001,12.35,12.35,
royal_mail_international_tracked_medium_parcel,europe_zone_2,Netherlands,NL,,,1000,2000.001,13.70,13.70,
royal_mail_international_tracked_medium_parcel,europe_zone_2,Netherlands,NL,,,2000,3000.001,15.85,15.85,
royal_mail_international_tracked_medium_parcel,europe_zone_2,Netherlands,NL,,,3000,4000.001,28.55,28.55,
royal_mail_international_tracked_medium_parcel,europe_zone_2,Netherlands,NL,,,4000,5000.001,31.15,31.15,
royal_mail_international_tracked_medium_parcel,europe_zone_2,Netherlands,NL,,,5000,7500.001,46.30,46.30,
royal_mail_international_tracked_medium_parcel,europe_zone_2,Netherlands,NL,,,7500,10000.001,63.40,63.40,
royal_mail_international_tracked_medium_parcel,europe_zone_2,Netherlands,NL,,,10000,15000.001,79.00,79.00,
royal_mail_international_tracked_medium_parcel,europe_zone_2,Netherlands,NL,,,15000,20000.001,95.00,95.00,
royal_mail_international_tracked_medium_parcel,europe_zone_2,Poland,PL,,,0,1000.001,13.55,13.55,
royal_mail_international_tracked_medium_parcel,europe_zone_2,Poland,PL,,,1000,2000.001,16.40,16.40,
royal_mail_international_tracked_medium_parcel,europe_zone_2,Poland,PL,,,2000,3000.001,19.00,19.00,
royal_mail_international_tracked_medium_parcel,europe_zone_2,Poland,PL,,,3000,4000.001,29.10,29.10,
royal_mail_international_tracked_medium_parcel,europe_zone_2,Poland,PL,,,4000,5000.001,37.40,37.40,
royal_mail_international_tracked_medium_parcel,europe_zone_2,Poland,PL,,,5000,7500.001,54.45,54.45,
royal_mail_international_tracked_medium_parcel,europe_zone_2,Poland,PL,,,7500,10000.001,74.55,74.55,
royal_mail_international_tracked_medium_parcel,europe_zone_2,Poland,PL,,,10000,15000.001,85.65,85.65,
royal_mail_international_tracked_medium_parcel,europe_zone_2,Poland,PL,,,15000,20000.001,109.25,109.25,
royal_mail_international_tracked_medium_parcel,europe_zone_2,Romania,RO,,,0,1000.001,17.85,17.85,
royal_mail_international_tracked_medium_parcel,europe_zone_2,Romania,RO,,,1000,2000.001,20.70,20.70,
royal_mail_international_tracked_medium_parcel,europe_zone_2,Romania,RO,,,2000,3000.001,23.30,23.30,
royal_mail_international_tracked_medium_parcel,europe_zone_2,Romania,RO,,,3000,4000.001,32.90,32.90,
royal_mail_international_tracked_medium_parcel,europe_zone_2,Romania,RO,,,4000,5000.001,41.70,41.70,
royal_mail_international_tracked_medium_parcel,europe_zone_2,Romania,RO,,,5000,7500.001,54.45,54.45,
royal_mail_international_tracked_medium_parcel,europe_zone_2,Romania,RO,,,7500,10000.001,74.55,74.55,
royal_mail_international_tracked_medium_parcel,europe_zone_2,Romania,RO,,,10000,15000.001,85.65,85.65,
royal_mail_international_tracked_medium_parcel,europe_zone_2,Romania,RO,,,15000,20000.001,109.25,109.25,
royal_mail_international_tracked_medium_parcel,europe_zone_2,Spain,ES,,,0,1000.001,14.80,14.80,
royal_mail_international_tracked_medium_parcel,europe_zone_2,Spain,ES,,,1000,2000.001,17.10,17.10,
royal_mail_international_tracked_medium_parcel,europe_zone_2,Spain,ES,,,2000,3000.001,19.80,19.80,
royal_mail_international_tracked_medium_parcel,europe_zone_2,Spain,ES,,,3000,4000.001,24.50,24.50,
royal_mail_international_tracked_medium_parcel,europe_zone_2,Spain,ES,,,4000,5000.001,29.00,29.00,
royal_mail_international_tracked_medium_parcel,europe_zone_2,Spain,ES,,,5000,7500.001,38.00,38.00,
royal_mail_international_tracked_medium_parcel,europe_zone_2,Spain,ES,,,7500,10000.001,46.00,46.00,
royal_mail_international_tracked_medium_parcel,europe_zone_2,Spain,ES,,,10000,15000.001,55.00,55.00,
royal_mail_international_tracked_medium_parcel,europe_zone_2,Spain,ES,,,15000,20000.001,60.00,60.00,
royal_mail_international_tracked_medium_parcel,europe_zone_2,Sweden,SE,,,0,1000.001,13.00,13.00,
royal_mail_international_tracked_medium_parcel,europe_zone_2,Sweden,SE,,,1000,2000.001,16.10,16.10,
royal_mail_international_tracked_medium_parcel,europe_zone_2,Sweden,SE,,,2000,3000.001,18.65,18.65,
royal_mail_international_tracked_medium_parcel,europe_zone_2,Sweden,SE,,,3000,4000.001,29.95,29.95,
royal_mail_international_tracked_medium_parcel,europe_zone_2,Sweden,SE,,,4000,5000.001,36.65,36.65,
royal_mail_international_tracked_medium_parcel,europe_zone_2,Sweden,SE,,,5000,7500.001,53.40,53.40,
royal_mail_international_tracked_medium_parcel,europe_zone_2,Sweden,SE,,,7500,10000.001,73.10,73.10,
royal_mail_international_tracked_medium_parcel,europe_zone_2,Sweden,SE,,,10000,15000.001,83.60,83.60,
royal_mail_international_tracked_medium_parcel,europe_zone_2,Sweden,SE,,,15000,20000.001,107.10,107.10,
royal_mail_international_tracked_medium_parcel,europe_zone_2,Rest of Europe Zone 2,AT:LV:PT:LT:LU:BG:MT:HR:CY:CZ:SK:EE:SI:FI:GR:HU,,,0,1000.001,13.55,13.55,
royal_mail_international_tracked_medium_parcel,europe_zone_2,Rest of Europe Zone 2,AT:LV:PT:LT:LU:BG:MT:HR:CY:CZ:SK:EE:SI:FI:GR:HU,,,1000,2000.001,16.40,16.40,
royal_mail_international_tracked_medium_parcel,europe_zone_2,Rest of Europe Zone 2,AT:LV:PT:LT:LU:BG:MT:HR:CY:CZ:SK:EE:SI:FI:GR:HU,,,2000,3000.001,19.00,19.00,
royal_mail_international_tracked_medium_parcel,europe_zone_2,Rest of Europe Zone 2,AT:LV:PT:LT:LU:BG:MT:HR:CY:CZ:SK:EE:SI:FI:GR:HU,,,3000,4000.001,34.25,34.25,
royal_mail_international_tracked_medium_parcel,europe_zone_2,Rest of Europe Zone 2,AT:LV:PT:LT:LU:BG:MT:HR:CY:CZ:SK:EE:SI:FI:GR:HU,,,4000,5000.001,37.40,37.40,
royal_mail_international_tracked_medium_parcel,europe_zone_2,Rest of Europe Zone 2,AT:LV:PT:LT:LU:BG:MT:HR:CY:CZ:SK:EE:SI:FI:GR:HU,,,5000,7500.001,55.55,55.55,
royal_mail_international_tracked_medium_parcel,europe_zone_2,Rest of Europe Zone 2,AT:LV:PT:LT:LU:BG:MT:HR:CY:CZ:SK:EE:SI:FI:GR:HU,,,7500,10000.001,68.55,68.55,
royal_mail_international_tracked_medium_parcel,europe_zone_2,Rest of Europe Zone 2,AT:LV:PT:LT:LU:BG:MT:HR:CY:CZ:SK:EE:SI:FI:GR:HU,,,10000,15000.001,78.65,78.65,
royal_mail_international_tracked_medium_parcel,europe_zone_2,Rest of Europe Zone 2,AT:LV:PT:LT:LU:BG:MT:HR:CY:CZ:SK:EE:SI:FI:GR:HU,,,15000,20000.001,85.25,85.25,
royal_mail_international_tracked_medium_parcel,europe_zone_3,Norway,NO:SJ,,,0,1000.001,16.65,16.65,
royal_mail_international_tracked_medium_parcel,europe_zone_3,Norway,NO:SJ,,,1000,2000.001,23.35,23.35,
royal_mail_international_tracked_medium_parcel,europe_zone_3,Norway,NO:SJ,,,2000,3000.001,27.30,27.30,
royal_mail_international_tracked_medium_parcel,europe_zone_3,Norway,NO:SJ,,,3000,4000.001,34.55,34.55,
royal_mail_international_tracked_medium_parcel,europe_zone_3,Norway,NO:SJ,,,4000,5000.001,40.65,40.65,
royal_mail_international_tracked_medium_parcel,europe_zone_3,Norway,NO:SJ,,,5000,7500.001,56.85,56.85,
royal_mail_international_tracked_medium_parcel,europe_zone_3,Norway,NO:SJ,,,7500,10000.001,77.65,77.65,
royal_mail_international_tracked_medium_parcel,europe_zone_3,Norway,NO:SJ,,,10000,15000.001,99.85,99.85,
royal_mail_international_tracked_medium_parcel,europe_zone_3,Norway,NO:SJ,,,15000,20000.001,129.60,129.60,
royal_mail_international_tracked_medium_parcel,europe_zone_3,Switzerland,CH,,,0,1000.001,16.35,16.35,
royal_mail_international_tracked_medium_parcel,europe_zone_3,Switzerland,CH,,,1000,2000.001,21.55,21.55,
royal_mail_international_tracked_medium_parcel,europe_zone_3,Switzerland,CH,,,2000,3000.001,26.80,26.80,
royal_mail_international_tracked_medium_parcel,europe_zone_3,Switzerland,CH,,,3000,4000.001,33.85,33.85,
royal_mail_international_tracked_medium_parcel,europe_zone_3,Switzerland,CH,,,4000,5000.001,39.90,39.90,
royal_mail_international_tracked_medium_parcel,europe_zone_3,Switzerland,CH,,,5000,7500.001,50.00,50.00,
royal_mail_international_tracked_medium_parcel,europe_zone_3,Switzerland,CH,,,7500,10000.001,59.00,59.00,
royal_mail_international_tracked_medium_parcel,europe_zone_3,Switzerland,CH,,,10000,15000.001,75.00,75.00,
royal_mail_international_tracked_medium_parcel,europe_zone_3,Switzerland,CH,,,15000,20000.001,94.00,94.00,
royal_mail_international_tracked_medium_parcel,europe_zone_3,Turkey,TR,,,0,1000.001,16.30,16.30,
royal_mail_international_tracked_medium_parcel,europe_zone_3,Turkey,TR,,,1000,2000.001,23.25,23.25,
royal_mail_international_tracked_medium_parcel,europe_zone_3,Turkey,TR,,,2000,3000.001,27.35,27.35,
royal_mail_international_tracked_medium_parcel,europe_zone_3,Turkey,TR,,,3000,4000.001,34.85,34.85,
royal_mail_international_tracked_medium_parcel,europe_zone_3,Turkey,TR,,,4000,5000.001,41.25,41.25,
royal_mail_international_tracked_medium_parcel,europe_zone_3,Turkey,TR,,,5000,7500.001,58.00,58.00,
royal_mail_international_tracked_medium_parcel,europe_zone_3,Turkey,TR,,,7500,10000.001,79.60,79.60,
royal_mail_international_tracked_medium_parcel,europe_zone_3,Turkey,TR,,,10000,15000.001,102.00,102.00,
royal_mail_international_tracked_medium_parcel,europe_zone_3,Turkey,TR,,,15000,20000.001,117.00,117.00,
royal_mail_international_tracked_medium_parcel,europe_zone_3,Rest of Europe Zone 3,AL:MD:AD:ME:AM:MK:AZ:BY:RU:BA:SM:FO:RS:GE:GI:TJ:GL:IS:TM:KZ:UA:XK:UZ:KG:VA:LI,,,0,1000.001,17.30,17.30,
royal_mail_international_tracked_medium_parcel,europe_zone_3,Rest of Europe Zone 3,AL:MD:AD:ME:AM:MK:AZ:BY:RU:BA:SM:FO:RS:GE:GI:TJ:GL:IS:TM:KZ:UA:XK:UZ:KG:VA:LI,,,1000,2000.001,24.25,24.25,
royal_mail_international_tracked_medium_parcel,europe_zone_3,Rest of Europe Zone 3,AL:MD:AD:ME:AM:MK:AZ:BY:RU:BA:SM:FO:RS:GE:GI:TJ:GL:IS:TM:KZ:UA:XK:UZ:KG:VA:LI,,,2000,3000.001,28.35,28.35,
royal_mail_international_tracked_medium_parcel,europe_zone_3,Rest of Europe Zone 3,AL:MD:AD:ME:AM:MK:AZ:BY:RU:BA:SM:FO:RS:GE:GI:TJ:GL:IS:TM:KZ:UA:XK:UZ:KG:VA:LI,,,3000,4000.001,35.85,35.85,
royal_mail_international_tracked_medium_parcel,europe_zone_3,Rest of Europe Zone 3,AL:MD:AD:ME:AM:MK:AZ:BY:RU:BA:SM:FO:RS:GE:GI:TJ:GL:IS:TM:KZ:UA:XK:UZ:KG:VA:LI,,,4000,5000.001,42.25,42.25,
royal_mail_international_tracked_medium_parcel,europe_zone_3,Rest of Europe Zone 3,AL:MD:AD:ME:AM:MK:AZ:BY:RU:BA:SM:FO:RS:GE:GI:TJ:GL:IS:TM:KZ:UA:XK:UZ:KG:VA:LI,,,5000,7500.001,59.00,59.00,
royal_mail_international_tracked_medium_parcel,europe_zone_3,Rest of Europe Zone 3,AL:MD:AD:ME:AM:MK:AZ:BY:RU:BA:SM:FO:RS:GE:GI:TJ:GL:IS:TM:KZ:UA:XK:UZ:KG:VA:LI,,,7500,10000.001,80.60,80.60,
royal_mail_international_tracked_medium_parcel,europe_zone_3,Rest of Europe Zone 3,AL:MD:AD:ME:AM:MK:AZ:BY:RU:BA:SM:FO:RS:GE:GI:TJ:GL:IS:TM:KZ:UA:XK:UZ:KG:VA:LI,,,10000,15000.001,103.00,103.00,
royal_mail_international_tracked_medium_parcel,europe_zone_3,Rest of Europe Zone 3,AL:MD:AD:ME:AM:MK:AZ:BY:RU:BA:SM:FO:RS:GE:GI:TJ:GL:IS:TM:KZ:UA:XK:UZ:KG:VA:LI,,,15000,20000.001,118.00,118.00,
royal_mail_international_tracked_medium_parcel,world_zone_3,USA,US,,,0,1000.001,25.20,25.20,
royal_mail_international_tracked_medium_parcel,world_zone_3,USA,US,,,1000,2000.001,31.50,31.50,
royal_mail_international_tracked_medium_parcel,world_zone_3,USA,US,,,2000,3000.001,32.40,32.40,
royal_mail_international_tracked_medium_parcel,world_zone_3,USA,US,,,3000,4000.001,39.80,39.80,
royal_mail_international_tracked_medium_parcel,world_zone_3,USA,US,,,4000,5000.001,45.50,45.50,
royal_mail_international_tracked_medium_parcel,world_zone_3,USA,US,,,5000,7500.001,59.50,59.50,
royal_mail_international_tracked_medium_parcel,world_zone_3,USA,US,,,7500,10000.001,76.00,76.00,
royal_mail_international_tracked_medium_parcel,world_zone_3,USA,US,,,10000,15000.001,110.70,110.70,
royal_mail_international_tracked_medium_parcel,world_zone_3,USA,US,,,15000,20000.001,133.00,133.00,
royal_mail_international_tracked_medium_parcel,world_zone_1,Brazil,BR,,,0,1000.001,25.85,25.85,
royal_mail_international_tracked_medium_parcel,world_zone_1,Brazil,BR,,,1000,2000.001,28.80,28.80,
royal_mail_international_tracked_medium_parcel,world_zone_1,Brazil,BR,,,2000,3000.001,29.85,29.85,
royal_mail_international_tracked_medium_parcel,world_zone_1,Brazil,BR,,,3000,4000.001,38.90,38.90,
royal_mail_international_tracked_medium_parcel,world_zone_1,Brazil,BR,,,4000,5000.001,48.40,48.40,
royal_mail_international_tracked_medium_parcel,world_zone_1,Brazil,BR,,,5000,7500.001,65.35,65.35,
royal_mail_international_tracked_medium_parcel,world_zone_1,Brazil,BR,,,7500,10000.001,99.75,99.75,
royal_mail_international_tracked_medium_parcel,world_zone_1,Brazil,BR,,,10000,15000.001,125.95,125.95,
royal_mail_international_tracked_medium_parcel,world_zone_1,Brazil,BR,,,15000,20000.001,173.40,173.40,
royal_mail_international_tracked_medium_parcel,world_zone_1,Canada,CA,,,0,1000.001,24.10,24.10,
royal_mail_international_tracked_medium_parcel,world_zone_1,Canada,CA,,,1000,2000.001,25.05,25.05,
royal_mail_international_tracked_medium_parcel,world_zone_1,Canada,CA,,,2000,3000.001,29.40,29.40,
royal_mail_international_tracked_medium_parcel,world_zone_1,Canada,CA,,,3000,4000.001,32.85,32.85,
royal_mail_international_tracked_medium_parcel,world_zone_1,Canada,CA,,,4000,5000.001,37.90,37.90,
royal_mail_international_tracked_medium_parcel,world_zone_1,Canada,CA,,,5000,7500.001,48.25,48.25,
royal_mail_international_tracked_medium_parcel,world_zone_1,Canada,CA,,,7500,10000.001,63.25,63.25,
royal_mail_international_tracked_medium_parcel,world_zone_1,Canada,CA,,,10000,15000.001,65.00,65.00,
royal_mail_international_tracked_medium_parcel,world_zone_1,Canada,CA,,,15000,20000.001,68.80,68.80,
royal_mail_international_tracked_medium_parcel,world_zone_1,China,CN,,,0,1000.001,25.35,25.35,
royal_mail_international_tracked_medium_parcel,world_zone_1,China,CN,,,1000,2000.001,28.25,28.25,
royal_mail_international_tracked_medium_parcel,world_zone_1,China,CN,,,2000,3000.001,33.45,33.45,
royal_mail_international_tracked_medium_parcel,world_zone_1,China,CN,,,3000,4000.001,39.15,39.15,
royal_mail_international_tracked_medium_parcel,world_zone_1,China,CN,,,4000,5000.001,46.95,46.95,
royal_mail_international_tracked_medium_parcel,world_zone_1,China,CN,,,5000,7500.001,54.05,54.05,
royal_mail_international_tracked_medium_parcel,world_zone_1,China,CN,,,7500,10000.001,67.80,67.80,
royal_mail_international_tracked_medium_parcel,world_zone_1,China,CN,,,10000,15000.001,93.50,93.50,
royal_mail_international_tracked_medium_parcel,world_zone_1,China,CN,,,15000,20000.001,110.00,110.00,
royal_mail_international_tracked_medium_parcel,world_zone_1,Hong Kong,HK,,,0,1000.001,26.35,26.35,
royal_mail_international_tracked_medium_parcel,world_zone_1,Hong Kong,HK,,,1000,2000.001,29.40,29.40,
royal_mail_international_tracked_medium_parcel,world_zone_1,Hong Kong,HK,,,2000,3000.001,31.25,31.25,
royal_mail_international_tracked_medium_parcel,world_zone_1,Hong Kong,HK,,,3000,4000.001,39.70,39.70,
royal_mail_international_tracked_medium_parcel,world_zone_1,Hong Kong,HK,,,4000,5000.001,46.90,46.90,
royal_mail_international_tracked_medium_parcel,world_zone_1,Hong Kong,HK,,,5000,7500.001,60.35,60.35,
royal_mail_international_tracked_medium_parcel,world_zone_1,Hong Kong,HK,,,7500,10000.001,79.75,79.75,
royal_mail_international_tracked_medium_parcel,world_zone_1,Hong Kong,HK,,,10000,15000.001,105.95,105.95,
royal_mail_international_tracked_medium_parcel,world_zone_1,Hong Kong,HK,,,15000,20000.001,133.40,133.40,
royal_mail_international_tracked_medium_parcel,world_zone_1,India,IN,,,0,1000.001,25.85,25.85,
royal_mail_international_tracked_medium_parcel,world_zone_1,India,IN,,,1000,2000.001,28.80,28.80,
royal_mail_international_tracked_medium_parcel,world_zone_1,India,IN,,,2000,3000.001,32.50,32.50,
royal_mail_international_tracked_medium_parcel,world_zone_1,India,IN,,,3000,4000.001,38.60,38.60,
royal_mail_international_tracked_medium_parcel,world_zone_1,India,IN,,,4000,5000.001,49.40,49.40,
royal_mail_international_tracked_medium_parcel,world_zone_1,India,IN,,,5000,7500.001,56.55,56.55,
royal_mail_international_tracked_medium_parcel,world_zone_1,India,IN,,,7500,10000.001,69.75,69.75,
royal_mail_international_tracked_medium_parcel,world_zone_1,India,IN,,,10000,15000.001,88.00,88.00,
royal_mail_international_tracked_medium_parcel,world_zone_1,India,IN,,,15000,20000.001,109.45,109.45,
royal_mail_international_tracked_medium_parcel,world_zone_1,Japan,JP,,,0,1000.001,27.40,27.40,
royal_mail_international_tracked_medium_parcel,world_zone_1,Japan,JP,,,1000,2000.001,30.55,30.55,
royal_mail_international_tracked_medium_parcel,world_zone_1,Japan,JP,,,2000,3000.001,31.35,31.35,
royal_mail_international_tracked_medium_parcel,world_zone_1,Japan,JP,,,3000,4000.001,37.90,37.90,
royal_mail_international_tracked_medium_parcel,world_zone_1,Japan,JP,,,4000,5000.001,44.40,44.40,
royal_mail_international_tracked_medium_parcel,world_zone_1,Japan,JP,,,5000,7500.001,60.35,60.35,
royal_mail_international_tracked_medium_parcel,world_zone_1,Japan,JP,,,7500,10000.001,74.75,74.75,
royal_mail_international_tracked_medium_parcel,world_zone_1,Japan,JP,,,10000,15000.001,108.95,108.95,
royal_mail_international_tracked_medium_parcel,world_zone_1,Japan,JP,,,15000,20000.001,128.40,128.40,
royal_mail_international_tracked_medium_parcel,world_zone_1,Thailand,TH,,,0,1000.001,27.40,27.40,
royal_mail_international_tracked_medium_parcel,world_zone_1,Thailand,TH,,,1000,2000.001,30.55,30.55,
royal_mail_international_tracked_medium_parcel,world_zone_1,Thailand,TH,,,2000,3000.001,34.85,34.85,
royal_mail_international_tracked_medium_parcel,world_zone_1,Thailand,TH,,,3000,4000.001,41.75,41.75,
royal_mail_international_tracked_medium_parcel,world_zone_1,Thailand,TH,,,4000,5000.001,52.35,52.35,
royal_mail_international_tracked_medium_parcel,world_zone_1,Thailand,TH,,,5000,7500.001,70.55,70.55,
royal_mail_international_tracked_medium_parcel,world_zone_1,Thailand,TH,,,7500,10000.001,99.90,99.90,
royal_mail_international_tracked_medium_parcel,world_zone_1,Thailand,TH,,,10000,15000.001,135.70,135.70,
royal_mail_international_tracked_medium_parcel,world_zone_1,Thailand,TH,,,15000,20000.001,187.05,187.05,
royal_mail_international_tracked_medium_parcel,world_zone_1,Rest of World Zone 1,,,,0,1000.001,27.90,27.90,
royal_mail_international_tracked_medium_parcel,world_zone_1,Rest of World Zone 1,,,,1000,2000.001,31.10,31.10,
royal_mail_international_tracked_medium_parcel,world_zone_1,Rest of World Zone 1,,,,2000,3000.001,35.55,35.55,
royal_mail_international_tracked_medium_parcel,world_zone_1,Rest of World Zone 1,,,,3000,4000.001,42.55,42.55,
royal_mail_international_tracked_medium_parcel,world_zone_1,Rest of World Zone 1,,,,4000,5000.001,53.35,53.35,
royal_mail_international_tracked_medium_parcel,world_zone_1,Rest of World Zone 1,,,,5000,7500.001,71.85,71.85,
royal_mail_international_tracked_medium_parcel,world_zone_1,Rest of World Zone 1,,,,7500,10000.001,107.75,107.75,
royal_mail_international_tracked_medium_parcel,world_zone_1,Rest of World Zone 1,,,,10000,15000.001,138.20,138.20,
royal_mail_international_tracked_medium_parcel,world_zone_1,Rest of World Zone 1,,,,15000,20000.001,190.50,190.50,
royal_mail_international_tracked_medium_parcel,world_zone_2,Australia,AU,,,0,1000.001,27.50,27.50,
royal_mail_international_tracked_medium_parcel,world_zone_2,Australia,AU,,,1000,2000.001,35.10,35.10,
royal_mail_international_tracked_medium_parcel,world_zone_2,Australia,AU,,,2000,3000.001,38.85,38.85,
royal_mail_international_tracked_medium_parcel,world_zone_2,Australia,AU,,,3000,4000.001,45.50,45.50,
royal_mail_international_tracked_medium_parcel,world_zone_2,Australia,AU,,,4000,5000.001,49.50,49.50,
royal_mail_international_tracked_medium_parcel,world_zone_2,Australia,AU,,,5000,7500.001,63.95,63.95,
royal_mail_international_tracked_medium_parcel,world_zone_2,Australia,AU,,,7500,10000.001,80.30,80.30,
royal_mail_international_tracked_medium_parcel,world_zone_2,Australia,AU,,,10000,15000.001,123.40,123.40,
royal_mail_international_tracked_medium_parcel,world_zone_2,Australia,AU,,,15000,20000.001,170.00,170.00,
royal_mail_international_tracked_medium_parcel,world_zone_2,New Zealand,NZ,,,0,1000.001,27.50,27.50,
royal_mail_international_tracked_medium_parcel,world_zone_2,New Zealand,NZ,,,1000,2000.001,36.50,36.50,
royal_mail_international_tracked_medium_parcel,world_zone_2,New Zealand,NZ,,,2000,3000.001,40.40,40.40,
royal_mail_international_tracked_medium_parcel,world_zone_2,New Zealand,NZ,,,3000,4000.001,46.00,46.00,
royal_mail_international_tracked_medium_parcel,world_zone_2,New Zealand,NZ,,,4000,5000.001,55.00,55.00,
royal_mail_international_tracked_medium_parcel,world_zone_2,New Zealand,NZ,,,5000,7500.001,70.00,70.00,
royal_mail_international_tracked_medium_parcel,world_zone_2,New Zealand,NZ,,,7500,10000.001,91.20,91.20,
royal_mail_international_tracked_medium_parcel,world_zone_2,New Zealand,NZ,,,10000,15000.001,128.35,128.35,
royal_mail_international_tracked_medium_parcel,world_zone_2,New Zealand,NZ,,,15000,20000.001,177.15,177.15,
royal_mail_international_tracked_medium_parcel,world_zone_2,Rest of World Zone 2,PW:IO:CX:CC:CK:FJ:PF:TF:KI:MO:NR:NC:AQ:NU:NF:BV:PG:LA:PN:SG:SB:TK:TO:TV:AS:WS,,,0,1000.001,29.70,29.70,
royal_mail_international_tracked_medium_parcel,world_zone_2,Rest of World Zone 2,PW:IO:CX:CC:CK:FJ:PF:TF:KI:MO:NR:NC:AQ:NU:NF:BV:PG:LA:PN:SG:SB:TK:TO:TV:AS:WS,,,1000,2000.001,37.90,37.90,
royal_mail_international_tracked_medium_parcel,world_zone_2,Rest of World Zone 2,PW:IO:CX:CC:CK:FJ:PF:TF:KI:MO:NR:NC:AQ:NU:NF:BV:PG:LA:PN:SG:SB:TK:TO:TV:AS:WS,,,2000,3000.001,41.95,41.95,
royal_mail_international_tracked_medium_parcel,world_zone_2,Rest of World Zone 2,PW:IO:CX:CC:CK:FJ:PF:TF:KI:MO:NR:NC:AQ:NU:NF:BV:PG:LA:PN:SG:SB:TK:TO:TV:AS:WS,,,3000,4000.001,46.60,46.60,
royal_mail_international_tracked_medium_parcel,world_zone_2,Rest of World Zone 2,PW:IO:CX:CC:CK:FJ:PF:TF:KI:MO:NR:NC:AQ:NU:NF:BV:PG:LA:PN:SG:SB:TK:TO:TV:AS:WS,,,4000,5000.001,55.95,55.95,
royal_mail_international_tracked_medium_parcel,world_zone_2,Rest of World Zone 2,PW:IO:CX:CC:CK:FJ:PF:TF:KI:MO:NR:NC:AQ:NU:NF:BV:PG:LA:PN:SG:SB:TK:TO:TV:AS:WS,,,5000,7500.001,76.25,76.25,
royal_mail_international_tracked_medium_parcel,world_zone_2,Rest of World Zone 2,PW:IO:CX:CC:CK:FJ:PF:TF:KI:MO:NR:NC:AQ:NU:NF:BV:PG:LA:PN:SG:SB:TK:TO:TV:AS:WS,,,7500,10000.001,105.75,105.75,
royal_mail_international_tracked_medium_parcel,world_zone_2,Rest of World Zone 2,PW:IO:CX:CC:CK:FJ:PF:TF:KI:MO:NR:NC:AQ:NU:NF:BV:PG:LA:PN:SG:SB:TK:TO:TV:AS:WS,,,10000,15000.001,143.20,143.20,
royal_mail_international_tracked_medium_parcel,world_zone_2,Rest of World Zone 2,PW:IO:CX:CC:CK:FJ:PF:TF:KI:MO:NR:NC:AQ:NU:NF:BV:PG:LA:PN:SG:SB:TK:TO:TV:AS:WS,,,15000,20000.001,184.70,184.70,
royal_mail_international_standard_letter,europe_zone_1,Europe Zone 1,IE:FR:DE:DK:MC,,,0,100.001,3.60,3.60,
royal_mail_international_standard_letter,europe_zone_2,Europe Zone 2,AT:LV:PT:LT:ES:LU:BE:BG:MT:NL:HR:PL:CY:RO:CZ:SK:EE:SI:FI:GR:HU:SE:IT,,,0,100.001,3.60,3.60,
royal_mail_international_standard_letter,europe_zone_3,Europe Zone 3,AL:MD:AD:ME:AM:MK:AZ:NO:SJ:BY:RU:BA:SM:FO:RS:GE:CH:GI:TJ:GL:TR:IS:TM:KZ:UA:XK:UZ:KG:VA:LI,,,0,100.001,3.60,3.60,
royal_mail_international_standard_letter,world_zone_1,World Zone 1,,,,0,100.001,3.60,3.60,
royal_mail_international_standard_letter,world_zone_2,World Zone 2,AU:PW:IO:CX:CC:CK:FJ:PF:TF:KI:MO:NR:NC:NZ:AQ:NU:NF:BV:PG:LA:PN:SG:SB:TK:TO:TV:AS:WS,,,0,100.001,3.60,3.60,
royal_mail_international_standard_letter,world_zone_3,World Zone 3,US,,,0,100.001,3.60,3.60,
royal_mail_international_standard_large_letter,europe_zone_1,Europe Zone 1,IE:FR:DE:DK:MC,,,0,100.001,3.70,3.70,
royal_mail_international_standard_large_letter,europe_zone_1,Europe Zone 1,IE:FR:DE:DK:MC,,,100,250.001,5.35,5.35,
royal_mail_international_standard_large_letter,europe_zone_1,Europe Zone 1,IE:FR:DE:DK:MC,,,250,500.001,6.85,6.85,
royal_mail_international_standard_large_letter,europe_zone_1,Europe Zone 1,IE:FR:DE:DK:MC,,,500,750.001,10.80,10.80,
royal_mail_international_standard_large_letter,europe_zone_2,Europe Zone 2,AT:LV:PT:LT:ES:LU:BE:BG:MT:NL:HR:PL:CY:RO:CZ:SK:EE:SI:FI:GR:HU:SE:IT,,,0,100.001,3.70,3.70,
royal_mail_international_standard_large_letter,europe_zone_2,Europe Zone 2,AT:LV:PT:LT:ES:LU:BE:BG:MT:NL:HR:PL:CY:RO:CZ:SK:EE:SI:FI:GR:HU:SE:IT,,,100,250.001,5.35,5.35,
royal_mail_international_standard_large_letter,europe_zone_2,Europe Zone 2,AT:LV:PT:LT:ES:LU:BE:BG:MT:NL:HR:PL:CY:RO:CZ:SK:EE:SI:FI:GR:HU:SE:IT,,,250,500.001,6.85,6.85,
royal_mail_international_standard_large_letter,europe_zone_2,Europe Zone 2,AT:LV:PT:LT:ES:LU:BE:BG:MT:NL:HR:PL:CY:RO:CZ:SK:EE:SI:FI:GR:HU:SE:IT,,,500,750.001,10.80,10.80,
royal_mail_international_standard_large_letter,europe_zone_3,Europe Zone 3,AL:MD:AD:ME:AM:MK:AZ:NO:SJ:BY:RU:BA:SM:FO:RS:GE:CH:GI:TJ:GL:TR:IS:TM:KZ:UA:XK:UZ:KG:VA:LI,,,0,100.001,3.70,3.70,
royal_mail_international_standard_large_letter,europe_zone_3,Europe Zone 3,AL:MD:AD:ME:AM:MK:AZ:NO:SJ:BY:RU:BA:SM:FO:RS:GE:CH:GI:TJ:GL:TR:IS:TM:KZ:UA:XK:UZ:KG:VA:LI,,,100,250.001,5.35,5.35,
royal_mail_international_standard_large_letter,europe_zone_3,Europe Zone 3,AL:MD:AD:ME:AM:MK:AZ:NO:SJ:BY:RU:BA:SM:FO:RS:GE:CH:GI:TJ:GL:TR:IS:TM:KZ:UA:XK:UZ:KG:VA:LI,,,250,500.001,6.85,6.85,
royal_mail_international_standard_large_letter,europe_zone_3,Europe Zone 3,AL:MD:AD:ME:AM:MK:AZ:NO:SJ:BY:RU:BA:SM:FO:RS:GE:CH:GI:TJ:GL:TR:IS:TM:KZ:UA:XK:UZ:KG:VA:LI,,,500,750.001,10.80,10.80,
royal_mail_international_standard_large_letter,world_zone_1,World Zone 1,,,,0,100.001,4.50,4.50,
royal_mail_international_standard_large_letter,world_zone_1,World Zone 1,,,,100,250.001,7.35,7.35,
royal_mail_international_standard_large_letter,world_zone_1,World Zone 1,,,,250,500.001,10.60,10.60,
royal_mail_international_standard_large_letter,world_zone_1,World Zone 1,,,,500,750.001,14.60,14.60,
royal_mail_international_standard_large_letter,world_zone_2,World Zone 2,AU:PW:IO:CX:CC:CK:FJ:PF:TF:KI:MO:NR:NC:NZ:AQ:NU:NF:BV:PG:LA:PN:SG:SB:TK:TO:TV:AS:WS,,,0,100.001,4.50,4.50,
royal_mail_international_standard_large_letter,world_zone_2,World Zone 2,AU:PW:IO:CX:CC:CK:FJ:PF:TF:KI:MO:NR:NC:NZ:AQ:NU:NF:BV:PG:LA:PN:SG:SB:TK:TO:TV:AS:WS,,,100,250.001,8.75,8.75,
royal_mail_international_standard_large_letter,world_zone_2,World Zone 2,AU:PW:IO:CX:CC:CK:FJ:PF:TF:KI:MO:NR:NC:NZ:AQ:NU:NF:BV:PG:LA:PN:SG:SB:TK:TO:TV:AS:WS,,,250,500.001,13.05,13.05,
royal_mail_international_standard_large_letter,world_zone_2,World Zone 2,AU:PW:IO:CX:CC:CK:FJ:PF:TF:KI:MO:NR:NC:NZ:AQ:NU:NF:BV:PG:LA:PN:SG:SB:TK:TO:TV:AS:WS,,,500,750.001,16.40,16.40,
royal_mail_international_standard_large_letter,world_zone_3,World Zone 3,US,,,0,100.001,4.50,4.50,
royal_mail_international_standard_large_letter,world_zone_3,World Zone 3,US,,,100,250.001,7.65,7.65,
royal_mail_international_standard_large_letter,world_zone_3,World Zone 3,US,,,250,500.001,11.35,11.35,
royal_mail_international_standard_large_letter,world_zone_3,World Zone 3,US,,,500,750.001,17.20,17.20,
royal_mail_international_standard_small_parcel,europe_zone_1,Europe Zone 1,IE:FR:DE:DK:MC,,,0,100.001,6.60,6.60,
royal_mail_international_standard_small_parcel,europe_zone_1,Europe Zone 1,IE:FR:DE:DK:MC,,,100,250.001,6.60,6.60,
royal_mail_international_standard_small_parcel,europe_zone_1,Europe Zone 1,IE:FR:DE:DK:MC,,,250,500.001,8.80,8.80,
royal_mail_international_standard_small_parcel,europe_zone_1,Europe Zone 1,IE:FR:DE:DK:MC,,,500,750.001,10.25,10.25,
royal_mail_international_standard_small_parcel,europe_zone_1,Europe Zone 1,IE:FR:DE:DK:MC,,,750,1000.001,10.95,10.95,
royal_mail_international_standard_small_parcel,europe_zone_1,Europe Zone 1,IE:FR:DE:DK:MC,,,1000,1250.001,11.80,11.80,
royal_mail_international_standard_small_parcel,europe_zone_1,Europe Zone 1,IE:FR:DE:DK:MC,,,1250,1500.001,11.80,11.80,
royal_mail_international_standard_small_parcel,europe_zone_1,Europe Zone 1,IE:FR:DE:DK:MC,,,1500,2000.001,12.00,12.00,
royal_mail_international_standard_small_parcel,europe_zone_2,Europe Zone 2,AT:LV:PT:LT:ES:LU:BE:BG:MT:NL:HR:PL:CY:RO:CZ:SK:EE:SI:FI:GR:HU:SE:IT,,,0,100.001,7.20,7.20,
royal_mail_international_standard_small_parcel,europe_zone_2,Europe Zone 2,AT:LV:PT:LT:ES:LU:BE:BG:MT:NL:HR:PL:CY:RO:CZ:SK:EE:SI:FI:GR:HU:SE:IT,,,100,250.001,7.20,7.20,
royal_mail_international_standard_small_parcel,europe_zone_2,Europe Zone 2,AT:LV:PT:LT:ES:LU:BE:BG:MT:NL:HR:PL:CY:RO:CZ:SK:EE:SI:FI:GR:HU:SE:IT,,,250,500.001,9.70,9.70,
royal_mail_international_standard_small_parcel,europe_zone_2,Europe Zone 2,AT:LV:PT:LT:ES:LU:BE:BG:MT:NL:HR:PL:CY:RO:CZ:SK:EE:SI:FI:GR:HU:SE:IT,,,500,750.001,11.35,11.35,
royal_mail_international_standard_small_parcel,europe_zone_2,Europe Zone 2,AT:LV:PT:LT:ES:LU:BE:BG:MT:NL:HR:PL:CY:RO:CZ:SK:EE:SI:FI:GR:HU:SE:IT,,,750,1000.001,12.10,12.10,
royal_mail_international_standard_small_parcel,europe_zone_2,Europe Zone 2,AT:LV:PT:LT:ES:LU:BE:BG:MT:NL:HR:PL:CY:RO:CZ:SK:EE:SI:FI:GR:HU:SE:IT,,,1000,1250.001,12.45,12.45,
royal_mail_international_standard_small_parcel,europe_zone_2,Europe Zone 2,AT:LV:PT:LT:ES:LU:BE:BG:MT:NL:HR:PL:CY:RO:CZ:SK:EE:SI:FI:GR:HU:SE:IT,,,1250,1500.001,12.45,12.45,
royal_mail_international_standard_small_parcel,europe_zone_2,Europe Zone 2,AT:LV:PT:LT:ES:LU:BE:BG:MT:NL:HR:PL:CY:RO:CZ:SK:EE:SI:FI:GR:HU:SE:IT,,,1500,2000.001,13.15,13.15,
royal_mail_international_standard_small_parcel,europe_zone_3,Europe Zone 3,AL:MD:AD:ME:AM:MK:AZ:NO:SJ:BY:RU:BA:SM:FO:RS:GE:CH:GI:TJ:GL:TR:IS:TM:KZ:UA:XK:UZ:KG:VA:LI,,,0,100.001,7.95,7.95,
royal_mail_international_standard_small_parcel,europe_zone_3,Europe Zone 3,AL:MD:AD:ME:AM:MK:AZ:NO:SJ:BY:RU:BA:SM:FO:RS:GE:CH:GI:TJ:GL:TR:IS:TM:KZ:UA:XK:UZ:KG:VA:LI,,,100,250.001,7.95,7.95,
royal_mail_international_standard_small_parcel,europe_zone_3,Europe Zone 3,AL:MD:AD:ME:AM:MK:AZ:NO:SJ:BY:RU:BA:SM:FO:RS:GE:CH:GI:TJ:GL:TR:IS:TM:KZ:UA:XK:UZ:KG:VA:LI,,,250,500.001,10.95,10.95,
royal_mail_international_standard_small_parcel,europe_zone_3,Europe Zone 3,AL:MD:AD:ME:AM:MK:AZ:NO:SJ:BY:RU:BA:SM:FO:RS:GE:CH:GI:TJ:GL:TR:IS:TM:KZ:UA:XK:UZ:KG:VA:LI,,,500,750.001,13.10,13.10,
royal_mail_international_standard_small_parcel,europe_zone_3,Europe Zone 3,AL:MD:AD:ME:AM:MK:AZ:NO:SJ:BY:RU:BA:SM:FO:RS:GE:CH:GI:TJ:GL:TR:IS:TM:KZ:UA:XK:UZ:KG:VA:LI,,,750,1000.001,15.15,15.15,
royal_mail_international_standard_small_parcel,europe_zone_3,Europe Zone 3,AL:MD:AD:ME:AM:MK:AZ:NO:SJ:BY:RU:BA:SM:FO:RS:GE:CH:GI:TJ:GL:TR:IS:TM:KZ:UA:XK:UZ:KG:VA:LI,,,1000,1250.001,16.75,16.75,
royal_mail_international_standard_small_parcel,europe_zone_3,Europe Zone 3,AL:MD:AD:ME:AM:MK:AZ:NO:SJ:BY:RU:BA:SM:FO:RS:GE:CH:GI:TJ:GL:TR:IS:TM:KZ:UA:XK:UZ:KG:VA:LI,,,1250,1500.001,17.95,17.95,
royal_mail_international_standard_small_parcel,europe_zone_3,Europe Zone 3,AL:MD:AD:ME:AM:MK:AZ:NO:SJ:BY:RU:BA:SM:FO:RS:GE:CH:GI:TJ:GL:TR:IS:TM:KZ:UA:XK:UZ:KG:VA:LI,,,1500,2000.001,18.45,18.45,
royal_mail_international_standard_small_parcel,world_zone_1,World Zone 1,,,,0,100.001,9.70,9.70,
royal_mail_international_standard_small_parcel,world_zone_1,World Zone 1,,,,100,250.001,9.70,9.70,
royal_mail_international_standard_small_parcel,world_zone_1,World Zone 1,,,,250,500.001,15.75,15.75,
royal_mail_international_standard_small_parcel,world_zone_1,World Zone 1,,,,500,750.001,19.45,19.45,
royal_mail_international_standard_small_parcel,world_zone_1,World Zone 1,,,,750,1000.001,23.00,23.00,
royal_mail_international_standard_small_parcel,world_zone_1,World Zone 1,,,,1000,1250.001,25.65,25.65,
royal_mail_international_standard_small_parcel,world_zone_1,World Zone 1,,,,1250,1500.001,28.00,28.00,
royal_mail_international_standard_small_parcel,world_zone_1,World Zone 1,,,,1500,2000.001,29.45,29.45,
royal_mail_international_standard_small_parcel,world_zone_2,World Zone 2,AU:PW:IO:CX:CC:CK:FJ:PF:TF:KI:MO:NR:NC:NZ:AQ:NU:NF:BV:PG:LA:PN:SG:SB:TK:TO:TV:AS:WS,,,0,100.001,10.80,10.80,
royal_mail_international_standard_small_parcel,world_zone_2,World Zone 2,AU:PW:IO:CX:CC:CK:FJ:PF:TF:KI:MO:NR:NC:NZ:AQ:NU:NF:BV:PG:LA:PN:SG:SB:TK:TO:TV:AS:WS,,,100,250.001,10.80,10.80,
royal_mail_international_standard_small_parcel,world_zone_2,World Zone 2,AU:PW:IO:CX:CC:CK:FJ:PF:TF:KI:MO:NR:NC:NZ:AQ:NU:NF:BV:PG:LA:PN:SG:SB:TK:TO:TV:AS:WS,,,250,500.001,17.75,17.75,
royal_mail_international_standard_small_parcel,world_zone_2,World Zone 2,AU:PW:IO:CX:CC:CK:FJ:PF:TF:KI:MO:NR:NC:NZ:AQ:NU:NF:BV:PG:LA:PN:SG:SB:TK:TO:TV:AS:WS,,,500,750.001,21.85,21.85,
royal_mail_international_standard_small_parcel,world_zone_2,World Zone 2,AU:PW:IO:CX:CC:CK:FJ:PF:TF:KI:MO:NR:NC:NZ:AQ:NU:NF:BV:PG:LA:PN:SG:SB:TK:TO:TV:AS:WS,,,750,1000.001,26.20,26.20,
royal_mail_international_standard_small_parcel,world_zone_2,World Zone 2,AU:PW:IO:CX:CC:CK:FJ:PF:TF:KI:MO:NR:NC:NZ:AQ:NU:NF:BV:PG:LA:PN:SG:SB:TK:TO:TV:AS:WS,,,1000,1250.001,30.20,30.20,
royal_mail_international_standard_small_parcel,world_zone_2,World Zone 2,AU:PW:IO:CX:CC:CK:FJ:PF:TF:KI:MO:NR:NC:NZ:AQ:NU:NF:BV:PG:LA:PN:SG:SB:TK:TO:TV:AS:WS,,,1250,1500.001,34.25,34.25,
royal_mail_international_standard_small_parcel,world_zone_2,World Zone 2,AU:PW:IO:CX:CC:CK:FJ:PF:TF:KI:MO:NR:NC:NZ:AQ:NU:NF:BV:PG:LA:PN:SG:SB:TK:TO:TV:AS:WS,,,1500,2000.001,36.45,36.45,
royal_mail_international_standard_small_parcel,world_zone_3,World Zone 3,US,,,0,100.001,13.50,13.50,
royal_mail_international_standard_small_parcel,world_zone_3,World Zone 3,US,,,100,250.001,13.50,13.50,
royal_mail_international_standard_small_parcel,world_zone_3,World Zone 3,US,,,250,500.001,19.40,19.40,
royal_mail_international_standard_small_parcel,world_zone_3,World Zone 3,US,,,500,750.001,22.90,22.90,
royal_mail_international_standard_small_parcel,world_zone_3,World Zone 3,US,,,750,1000.001,26.30,26.30,
royal_mail_international_standard_small_parcel,world_zone_3,World Zone 3,US,,,1000,1250.001,30.75,30.75,
royal_mail_international_standard_small_parcel,world_zone_3,World Zone 3,US,,,1250,1500.001,34.95,34.95,
royal_mail_international_standard_small_parcel,world_zone_3,World Zone 3,US,,,1500,2000.001,36.50,36.50,
royal_mail_international_economy_letter,world_zone_1,World Zone 1,,,,0,100.001,3.50,3.50,
royal_mail_international_economy_letter,world_zone_2,World Zone 2,AU:PW:IO:CX:CC:CK:FJ:PF:TF:KI:MO:NR:NC:NZ:AQ:NU:NF:BV:PG:LA:PN:SG:SB:TK:TO:TV:AS:WS,,,0,100.001,3.50,3.50,
royal_mail_international_economy_letter,world_zone_3,World Zone 3,US,,,0,100.001,3.50,3.50,
royal_mail_international_economy_large_letter,intl_generic,International,,,,0,100.001,4.30,4.30,
royal_mail_international_economy_large_letter,intl_generic,International,,,,100,250.001,7.85,7.85,
royal_mail_international_economy_large_letter,intl_generic,International,,,,250,500.001,11.15,11.15,
royal_mail_international_economy_large_letter,intl_generic,International,,,,500,750.001,19.25,19.25,
royal_mail_international_economy_small_parcel,intl_generic,International,,,,0,100.001,14.70,14.70,
royal_mail_international_economy_small_parcel,intl_generic,International,,,,100,250.001,15.50,15.50,
royal_mail_international_economy_small_parcel,intl_generic,International,,,,250,500.001,21.65,21.65,
royal_mail_international_economy_small_parcel,intl_generic,International,,,,500,750.001,25.50,25.50,
royal_mail_international_economy_small_parcel,intl_generic,International,,,,750,1000.001,28.90,28.90,
royal_mail_international_economy_small_parcel,intl_generic,International,,,,1000,1250.001,32.35,32.35,
royal_mail_international_economy_small_parcel,intl_generic,International,,,,1250,1500.001,35.10,35.10,
royal_mail_international_economy_small_parcel,intl_generic,International,,,,1500,2000.001,35.30,35.30,
royal_mail_international_signed_letter,europe_zone_1,Europe Zone 1,IE:FR:DE:DK:MC,,,0,100.001,8.50,8.50,
royal_mail_international_signed_letter,europe_zone_2,Europe Zone 2,AT:LV:PT:LT:ES:LU:BE:BG:MT:NL:HR:PL:CY:RO:CZ:SK:EE:SI:FI:GR:HU:SE:IT,,,0,100.001,8.50,8.50,
royal_mail_international_signed_letter,europe_zone_3,Europe Zone 3,AL:MD:AD:ME:AM:MK:AZ:NO:SJ:BY:RU:BA:SM:FO:RS:GE:CH:GI:TJ:GL:TR:IS:TM:KZ:UA:XK:UZ:KG:VA:LI,,,0,100.001,8.50,8.50,
royal_mail_international_signed_letter,world_zone_1,World Zone 1,,,,0,100.001,8.50,8.50,
royal_mail_international_signed_letter,world_zone_2,World Zone 2,AU:PW:IO:CX:CC:CK:FJ:PF:TF:KI:MO:NR:NC:NZ:AQ:NU:NF:BV:PG:LA:PN:SG:SB:TK:TO:TV:AS:WS,,,0,100.001,8.50,8.50,
royal_mail_international_signed_letter,world_zone_3,World Zone 3,US,,,0,100.001,8.50,8.50,
royal_mail_international_signed_large_letter,europe_zone_1,Europe Zone 1,IE:FR:DE:DK:MC,,,0,100.001,9.95,9.95,
royal_mail_international_signed_large_letter,europe_zone_1,Europe Zone 1,IE:FR:DE:DK:MC,,,100,250.001,10.40,10.40,
royal_mail_international_signed_large_letter,europe_zone_1,Europe Zone 1,IE:FR:DE:DK:MC,,,250,500.001,11.20,11.20,
royal_mail_international_signed_large_letter,europe_zone_1,Europe Zone 1,IE:FR:DE:DK:MC,,,500,750.001,11.70,11.70,
royal_mail_international_signed_large_letter,europe_zone_2,Europe Zone 2,AT:LV:PT:LT:ES:LU:BE:BG:MT:NL:HR:PL:CY:RO:CZ:SK:EE:SI:FI:GR:HU:SE:IT,,,0,100.001,9.95,9.95,
royal_mail_international_signed_large_letter,europe_zone_2,Europe Zone 2,AT:LV:PT:LT:ES:LU:BE:BG:MT:NL:HR:PL:CY:RO:CZ:SK:EE:SI:FI:GR:HU:SE:IT,,,100,250.001,10.40,10.40,
royal_mail_international_signed_large_letter,europe_zone_2,Europe Zone 2,AT:LV:PT:LT:ES:LU:BE:BG:MT:NL:HR:PL:CY:RO:CZ:SK:EE:SI:FI:GR:HU:SE:IT,,,250,500.001,11.20,11.20,
royal_mail_international_signed_large_letter,europe_zone_2,Europe Zone 2,AT:LV:PT:LT:ES:LU:BE:BG:MT:NL:HR:PL:CY:RO:CZ:SK:EE:SI:FI:GR:HU:SE:IT,,,500,750.001,11.70,11.70,
royal_mail_international_signed_large_letter,europe_zone_3,Europe Zone 3,AL:MD:AD:ME:AM:MK:AZ:NO:SJ:BY:RU:BA:SM:FO:RS:GE:CH:GI:TJ:GL:TR:IS:TM:KZ:UA:XK:UZ:KG:VA:LI,,,0,100.001,9.95,9.95,
royal_mail_international_signed_large_letter,europe_zone_3,Europe Zone 3,AL:MD:AD:ME:AM:MK:AZ:NO:SJ:BY:RU:BA:SM:FO:RS:GE:CH:GI:TJ:GL:TR:IS:TM:KZ:UA:XK:UZ:KG:VA:LI,,,100,250.001,10.40,10.40,
royal_mail_international_signed_large_letter,europe_zone_3,Europe Zone 3,AL:MD:AD:ME:AM:MK:AZ:NO:SJ:BY:RU:BA:SM:FO:RS:GE:CH:GI:TJ:GL:TR:IS:TM:KZ:UA:XK:UZ:KG:VA:LI,,,250,500.001,11.20,11.20,
royal_mail_international_signed_large_letter,europe_zone_3,Europe Zone 3,AL:MD:AD:ME:AM:MK:AZ:NO:SJ:BY:RU:BA:SM:FO:RS:GE:CH:GI:TJ:GL:TR:IS:TM:KZ:UA:XK:UZ:KG:VA:LI,,,500,750.001,11.70,11.70,
royal_mail_international_signed_large_letter,world_zone_1,World Zone 1,,,,0,100.001,11.00,11.00,
royal_mail_international_signed_large_letter,world_zone_1,World Zone 1,,,,100,250.001,11.85,11.85,
royal_mail_international_signed_large_letter,world_zone_1,World Zone 1,,,,250,500.001,13.85,13.85,
royal_mail_international_signed_large_letter,world_zone_1,World Zone 1,,,,500,750.001,15.95,15.95,
royal_mail_international_signed_large_letter,world_zone_2,World Zone 2,AU:PW:IO:CX:CC:CK:FJ:PF:TF:KI:MO:NR:NC:NZ:AQ:NU:NF:BV:PG:LA:PN:SG:SB:TK:TO:TV:AS:WS,,,0,100.001,11.15,11.15,
royal_mail_international_signed_large_letter,world_zone_2,World Zone 2,AU:PW:IO:CX:CC:CK:FJ:PF:TF:KI:MO:NR:NC:NZ:AQ:NU:NF:BV:PG:LA:PN:SG:SB:TK:TO:TV:AS:WS,,,100,250.001,13.05,13.05,
royal_mail_international_signed_large_letter,world_zone_2,World Zone 2,AU:PW:IO:CX:CC:CK:FJ:PF:TF:KI:MO:NR:NC:NZ:AQ:NU:NF:BV:PG:LA:PN:SG:SB:TK:TO:TV:AS:WS,,,250,500.001,15.90,15.90,
royal_mail_international_signed_large_letter,world_zone_2,World Zone 2,AU:PW:IO:CX:CC:CK:FJ:PF:TF:KI:MO:NR:NC:NZ:AQ:NU:NF:BV:PG:LA:PN:SG:SB:TK:TO:TV:AS:WS,,,500,750.001,19.00,19.00,
royal_mail_international_signed_small_parcel,europe_zone_1,Europe Zone 1,IE:FR:DE:DK:MC,,,0,100.001,10.65,10.65,
royal_mail_international_signed_small_parcel,europe_zone_1,Europe Zone 1,IE:FR:DE:DK:MC,,,100,250.001,10.65,10.65,
royal_mail_international_signed_small_parcel,europe_zone_1,Europe Zone 1,IE:FR:DE:DK:MC,,,250,500.001,11.90,11.90,
royal_mail_international_signed_small_parcel,europe_zone_1,Europe Zone 1,IE:FR:DE:DK:MC,,,500,750.001,13.00,13.00,
royal_mail_international_signed_small_parcel,europe_zone_1,Europe Zone 1,IE:FR:DE:DK:MC,,,750,1000.001,14.00,14.00,
royal_mail_international_signed_small_parcel,europe_zone_1,Europe Zone 1,IE:FR:DE:DK:MC,,,1000,1250.001,14.60,14.60,
royal_mail_international_signed_small_parcel,europe_zone_1,Europe Zone 1,IE:FR:DE:DK:MC,,,1250,1500.001,14.70,14.70,
royal_mail_international_signed_small_parcel,europe_zone_1,Europe Zone 1,IE:FR:DE:DK:MC,,,1500,2000.001,14.85,14.85,
royal_mail_international_signed_small_parcel,europe_zone_2,Europe Zone 2,AT:LV:PT:LT:ES:LU:BE:BG:MT:NL:HR:PL:CY:RO:CZ:SK:EE:SI:FI:GR:HU:SE:IT,,,0,100.001,10.20,10.20,
royal_mail_international_signed_small_parcel,europe_zone_2,Europe Zone 2,AT:LV:PT:LT:ES:LU:BE:BG:MT:NL:HR:PL:CY:RO:CZ:SK:EE:SI:FI:GR:HU:SE:IT,,,100,250.001,10.20,10.20,
royal_mail_international_signed_small_parcel,europe_zone_2,Europe Zone 2,AT:LV:PT:LT:ES:LU:BE:BG:MT:NL:HR:PL:CY:RO:CZ:SK:EE:SI:FI:GR:HU:SE:IT,,,250,500.001,11.80,11.80,
royal_mail_international_signed_small_parcel,europe_zone_2,Europe Zone 2,AT:LV:PT:LT:ES:LU:BE:BG:MT:NL:HR:PL:CY:RO:CZ:SK:EE:SI:FI:GR:HU:SE:IT,,,500,750.001,12.85,12.85,
royal_mail_international_signed_small_parcel,europe_zone_2,Europe Zone 2,AT:LV:PT:LT:ES:LU:BE:BG:MT:NL:HR:PL:CY:RO:CZ:SK:EE:SI:FI:GR:HU:SE:IT,,,750,1000.001,13.80,13.80,
royal_mail_international_signed_small_parcel,europe_zone_2,Europe Zone 2,AT:LV:PT:LT:ES:LU:BE:BG:MT:NL:HR:PL:CY:RO:CZ:SK:EE:SI:FI:GR:HU:SE:IT,,,1000,1250.001,14.10,14.10,
royal_mail_international_signed_small_parcel,europe_zone_2,Europe Zone 2,AT:LV:PT:LT:ES:LU:BE:BG:MT:NL:HR:PL:CY:RO:CZ:SK:EE:SI:FI:GR:HU:SE:IT,,,1250,1500.001,14.40,14.40,
royal_mail_international_signed_small_parcel,europe_zone_2,Europe Zone 2,AT:LV:PT:LT:ES:LU:BE:BG:MT:NL:HR:PL:CY:RO:CZ:SK:EE:SI:FI:GR:HU:SE:IT,,,1500,2000.001,14.85,14.85,
royal_mail_international_signed_small_parcel,europe_zone_3,Europe Zone 3,AL:MD:AD:ME:AM:MK:AZ:NO:SJ:BY:RU:BA:SM:FO:RS:GE:CH:GI:TJ:GL:TR:IS:TM:KZ:UA:XK:UZ:KG:VA:LI,,,0,100.001,11.50,11.50,
royal_mail_international_signed_small_parcel,europe_zone_3,Europe Zone 3,AL:MD:AD:ME:AM:MK:AZ:NO:SJ:BY:RU:BA:SM:FO:RS:GE:CH:GI:TJ:GL:TR:IS:TM:KZ:UA:XK:UZ:KG:VA:LI,,,100,250.001,11.50,11.50,
royal_mail_international_signed_small_parcel,europe_zone_3,Europe Zone 3,AL:MD:AD:ME:AM:MK:AZ:NO:SJ:BY:RU:BA:SM:FO:RS:GE:CH:GI:TJ:GL:TR:IS:TM:KZ:UA:XK:UZ:KG:VA:LI,,,250,500.001,13.15,13.15,
royal_mail_international_signed_small_parcel,europe_zone_3,Europe Zone 3,AL:MD:AD:ME:AM:MK:AZ:NO:SJ:BY:RU:BA:SM:FO:RS:GE:CH:GI:TJ:GL:TR:IS:TM:KZ:UA:XK:UZ:KG:VA:LI,,,500,750.001,14.35,14.35,
royal_mail_international_signed_small_parcel,europe_zone_3,Europe Zone 3,AL:MD:AD:ME:AM:MK:AZ:NO:SJ:BY:RU:BA:SM:FO:RS:GE:CH:GI:TJ:GL:TR:IS:TM:KZ:UA:XK:UZ:KG:VA:LI,,,750,1000.001,15.65,15.65,
royal_mail_international_signed_small_parcel,europe_zone_3,Europe Zone 3,AL:MD:AD:ME:AM:MK:AZ:NO:SJ:BY:RU:BA:SM:FO:RS:GE:CH:GI:TJ:GL:TR:IS:TM:KZ:UA:XK:UZ:KG:VA:LI,,,1000,1250.001,17.25,17.25,
royal_mail_international_signed_small_parcel,europe_zone_3,Europe Zone 3,AL:MD:AD:ME:AM:MK:AZ:NO:SJ:BY:RU:BA:SM:FO:RS:GE:CH:GI:TJ:GL:TR:IS:TM:KZ:UA:XK:UZ:KG:VA:LI,,,1250,1500.001,18.45,18.45,
royal_mail_international_signed_small_parcel,europe_zone_3,Europe Zone 3,AL:MD:AD:ME:AM:MK:AZ:NO:SJ:BY:RU:BA:SM:FO:RS:GE:CH:GI:TJ:GL:TR:IS:TM:KZ:UA:XK:UZ:KG:VA:LI,,,1500,2000.001,22.40,22.40,
royal_mail_international_signed_small_parcel,world_zone_1,World Zone 1,,,,0,100.001,16.15,16.15,
royal_mail_international_signed_small_parcel,world_zone_1,World Zone 1,,,,100,250.001,16.55,16.55,
royal_mail_international_signed_small_parcel,world_zone_1,World Zone 1,,,,250,500.001,17.50,17.50,
royal_mail_international_signed_small_parcel,world_zone_1,World Zone 1,,,,500,750.001,20.00,20.00,
royal_mail_international_signed_small_parcel,world_zone_1,World Zone 1,,,,750,1000.001,22.80,22.80,
royal_mail_international_signed_small_parcel,world_zone_1,World Zone 1,,,,1000,1250.001,24.90,24.90,
royal_mail_international_signed_small_parcel,world_zone_1,World Zone 1,,,,1250,1500.001,26.75,26.75,
royal_mail_international_signed_small_parcel,world_zone_1,World Zone 1,,,,1500,2000.001,27.90,27.90,
royal_mail_international_signed_small_parcel,world_zone_2,World Zone 2,AU:PW:IO:CX:CC:CK:FJ:PF:TF:KI:MO:NR:NC:NZ:AQ:NU:NF:BV:PG:LA:PN:SG:SB:TK:TO:TV:AS:WS,,,0,100.001,13.95,13.95,
royal_mail_international_signed_small_parcel,world_zone_2,World Zone 2,AU:PW:IO:CX:CC:CK:FJ:PF:TF:KI:MO:NR:NC:NZ:AQ:NU:NF:BV:PG:LA:PN:SG:SB:TK:TO:TV:AS:WS,,,100,250.001,14.35,14.35,
royal_mail_international_signed_small_parcel,world_zone_2,World Zone 2,AU:PW:IO:CX:CC:CK:FJ:PF:TF:KI:MO:NR:NC:NZ:AQ:NU:NF:BV:PG:LA:PN:SG:SB:TK:TO:TV:AS:WS,,,250,500.001,19.05,19.05,
royal_mail_international_signed_small_parcel,world_zone_2,World Zone 2,AU:PW:IO:CX:CC:CK:FJ:PF:TF:KI:MO:NR:NC:NZ:AQ:NU:NF:BV:PG:LA:PN:SG:SB:TK:TO:TV:AS:WS,,,500,750.001,22.00,22.00,
royal_mail_international_signed_small_parcel,world_zone_2,World Zone 2,AU:PW:IO:CX:CC:CK:FJ:PF:TF:KI:MO:NR:NC:NZ:AQ:NU:NF:BV:PG:LA:PN:SG:SB:TK:TO:TV:AS:WS,,,750,1000.001,25.30,25.30,
royal_mail_international_signed_small_parcel,world_zone_2,World Zone 2,AU:PW:IO:CX:CC:CK:FJ:PF:TF:KI:MO:NR:NC:NZ:AQ:NU:NF:BV:PG:LA:PN:SG:SB:TK:TO:TV:AS:WS,,,1000,1250.001,28.40,28.40,
royal_mail_international_signed_small_parcel,world_zone_2,World Zone 2,AU:PW:IO:CX:CC:CK:FJ:PF:TF:KI:MO:NR:NC:NZ:AQ:NU:NF:BV:PG:LA:PN:SG:SB:TK:TO:TV:AS:WS,,,1250,1500.001,31.55,31.55,
royal_mail_international_signed_small_parcel,world_zone_2,World Zone 2,AU:PW:IO:CX:CC:CK:FJ:PF:TF:KI:MO:NR:NC:NZ:AQ:NU:NF:BV:PG:LA:PN:SG:SB:TK:TO:TV:AS:WS,,,1500,2000.001,33.70,33.70,
royal_mail_international_ddp_tracked_large_letter,europe_zone_1,Europe Zone 1,IE:FR:DE:DK:MC,,,0,100.001,9.80,9.80,
royal_mail_international_ddp_tracked_large_letter,europe_zone_1,Europe Zone 1,IE:FR:DE:DK:MC,,,100,250.001,9.90,9.90,
royal_mail_international_ddp_tracked_large_letter,europe_zone_1,Europe Zone 1,IE:FR:DE:DK:MC,,,250,500.001,10.50,10.50,
royal_mail_international_ddp_tracked_large_letter,europe_zone_1,Europe Zone 1,IE:FR:DE:DK:MC,,,500,750.001,10.90,10.90,
royal_mail_international_ddp_tracked_large_letter,europe_zone_2,Europe Zone 2,AT:LV:PT:LT:ES:LU:BE:BG:MT:NL:HR:PL:CY:RO:CZ:SK:EE:SI:FI:GR:HU:SE:IT,,,0,100.001,9.80,9.80,
royal_mail_international_ddp_tracked_large_letter,europe_zone_2,Europe Zone 2,AT:LV:PT:LT:ES:LU:BE:BG:MT:NL:HR:PL:CY:RO:CZ:SK:EE:SI:FI:GR:HU:SE:IT,,,100,250.001,9.90,9.90,
royal_mail_international_ddp_tracked_large_letter,europe_zone_2,Europe Zone 2,AT:LV:PT:LT:ES:LU:BE:BG:MT:NL:HR:PL:CY:RO:CZ:SK:EE:SI:FI:GR:HU:SE:IT,,,250,500.001,10.50,10.50,
royal_mail_international_ddp_tracked_large_letter,europe_zone_2,Europe Zone 2,AT:LV:PT:LT:ES:LU:BE:BG:MT:NL:HR:PL:CY:RO:CZ:SK:EE:SI:FI:GR:HU:SE:IT,,,500,750.001,10.90,10.90,
royal_mail_international_ddp_tracked_large_letter,europe_zone_3,Europe Zone 3,AL:MD:AD:ME:AM:MK:AZ:NO:SJ:BY:RU:BA:SM:FO:RS:GE:CH:GI:TJ:GL:TR:IS:TM:KZ:UA:XK:UZ:KG:VA:LI,,,0,100.001,9.80,9.80,
royal_mail_international_ddp_tracked_large_letter,europe_zone_3,Europe Zone 3,AL:MD:AD:ME:AM:MK:AZ:NO:SJ:BY:RU:BA:SM:FO:RS:GE:CH:GI:TJ:GL:TR:IS:TM:KZ:UA:XK:UZ:KG:VA:LI,,,100,250.001,9.90,9.90,
royal_mail_international_ddp_tracked_large_letter,europe_zone_3,Europe Zone 3,AL:MD:AD:ME:AM:MK:AZ:NO:SJ:BY:RU:BA:SM:FO:RS:GE:CH:GI:TJ:GL:TR:IS:TM:KZ:UA:XK:UZ:KG:VA:LI,,,250,500.001,10.50,10.50,
royal_mail_international_ddp_tracked_large_letter,europe_zone_3,Europe Zone 3,AL:MD:AD:ME:AM:MK:AZ:NO:SJ:BY:RU:BA:SM:FO:RS:GE:CH:GI:TJ:GL:TR:IS:TM:KZ:UA:XK:UZ:KG:VA:LI,,,500,750.001,10.90,10.90,
royal_mail_international_ddp_tracked_large_letter,world_zone_1,World Zone 1,,,,0,100.001,11.75,11.75,
royal_mail_international_ddp_tracked_large_letter,world_zone_1,World Zone 1,,,,100,250.001,12.55,12.55,
royal_mail_international_ddp_tracked_large_letter,world_zone_1,World Zone 1,,,,250,500.001,14.60,14.60,
royal_mail_international_ddp_tracked_large_letter,world_zone_1,World Zone 1,,,,500,750.001,17.85,17.85,
royal_mail_international_ddp_tracked_large_letter,world_zone_2,World Zone 2,AU:PW:IO:CX:CC:CK:FJ:PF:TF:KI:MO:NR:NC:NZ:AQ:NU:NF:BV:PG:LA:PN:SG:SB:TK:TO:TV:AS:WS,,,0,100.001,11.30,11.30,
royal_mail_international_ddp_tracked_large_letter,world_zone_2,World Zone 2,AU:PW:IO:CX:CC:CK:FJ:PF:TF:KI:MO:NR:NC:NZ:AQ:NU:NF:BV:PG:LA:PN:SG:SB:TK:TO:TV:AS:WS,,,100,250.001,13.25,13.25,
royal_mail_international_ddp_tracked_large_letter,world_zone_2,World Zone 2,AU:PW:IO:CX:CC:CK:FJ:PF:TF:KI:MO:NR:NC:NZ:AQ:NU:NF:BV:PG:LA:PN:SG:SB:TK:TO:TV:AS:WS,,,250,500.001,15.65,15.65,
royal_mail_international_ddp_tracked_large_letter,world_zone_2,World Zone 2,AU:PW:IO:CX:CC:CK:FJ:PF:TF:KI:MO:NR:NC:NZ:AQ:NU:NF:BV:PG:LA:PN:SG:SB:TK:TO:TV:AS:WS,,,500,750.001,19.95,19.95,
royal_mail_international_ddp_tracked_large_letter,world_zone_3,World Zone 3,US,,,0,100.001,10.90,10.90,
royal_mail_international_ddp_tracked_large_letter,world_zone_3,World Zone 3,US,,,100,250.001,12.05,12.05,
royal_mail_international_ddp_tracked_large_letter,world_zone_3,World Zone 3,US,,,250,500.001,14.20,14.20,
royal_mail_international_ddp_tracked_large_letter,world_zone_3,World Zone 3,US,,,500,750.001,16.65,16.65,
royal_mail_international_ddp_tracked_small_parcel,europe_zone_1,France,FR,,,0,250.001,9.90,9.90,
royal_mail_international_ddp_tracked_small_parcel,europe_zone_1,France,FR,,,250,500.001,10.85,10.85,
royal_mail_international_ddp_tracked_small_parcel,europe_zone_1,France,FR,,,500,750.001,11.10,11.10,
royal_mail_international_ddp_tracked_small_parcel,europe_zone_1,France,FR,,,750,1000.001,11.15,11.15,
royal_mail_international_ddp_tracked_small_parcel,europe_zone_1,France,FR,,,1000,1250.001,11.15,11.15,
royal_mail_international_ddp_tracked_small_parcel,europe_zone_1,France,FR,,,1250,1500.001,11.15,11.15,
royal_mail_international_ddp_tracked_small_parcel,europe_zone_1,France,FR,,,1500,2000.001,11.15,11.15,
royal_mail_international_ddp_tracked_small_parcel,europe_zone_1,Germany,DE,,,0,250.001,8.15,8.15,
royal_mail_international_ddp_tracked_small_parcel,europe_zone_1,Germany,DE,,,250,500.001,9.40,9.40,
royal_mail_international_ddp_tracked_small_parcel,europe_zone_1,Germany,DE,,,500,750.001,9.95,9.95,
royal_mail_international_ddp_tracked_small_parcel,europe_zone_1,Germany,DE,,,750,1000.001,9.95,9.95,
royal_mail_international_ddp_tracked_small_parcel,europe_zone_1,Germany,DE,,,1000,1250.001,9.95,9.95,
royal_mail_international_ddp_tracked_small_parcel,europe_zone_1,Germany,DE,,,1250,1500.001,9.95,9.95,
royal_mail_international_ddp_tracked_small_parcel,europe_zone_1,Germany,DE,,,1500,2000.001,9.95,9.95,
royal_mail_international_ddp_tracked_small_parcel,europe_zone_1,Ireland,IE,,,0,250.001,8.80,8.80,
royal_mail_international_ddp_tracked_small_parcel,europe_zone_1,Ireland,IE,,,250,500.001,8.80,8.80,
royal_mail_international_ddp_tracked_small_parcel,europe_zone_1,Ireland,IE,,,500,750.001,8.80,8.80,
royal_mail_international_ddp_tracked_small_parcel,europe_zone_1,Ireland,IE,,,750,1000.001,8.80,8.80,
royal_mail_international_ddp_tracked_small_parcel,europe_zone_1,Ireland,IE,,,1000,1250.001,10.30,10.30,
royal_mail_international_ddp_tracked_small_parcel,europe_zone_1,Ireland,IE,,,1250,1500.001,10.30,10.30,
royal_mail_international_ddp_tracked_small_parcel,europe_zone_1,Ireland,IE,,,1500,2000.001,10.30,10.30,
royal_mail_international_ddp_tracked_small_parcel,europe_zone_1,Rest of Europe Zone 1,DK:MC,,,0,250.001,8.95,8.95,
royal_mail_international_ddp_tracked_small_parcel,europe_zone_1,Rest of Europe Zone 1,DK:MC,,,250,500.001,10.05,10.05,
royal_mail_international_ddp_tracked_small_parcel,europe_zone_1,Rest of Europe Zone 1,DK:MC,,,500,750.001,10.70,10.70,
royal_mail_international_ddp_tracked_small_parcel,europe_zone_1,Rest of Europe Zone 1,DK:MC,,,750,1000.001,10.95,10.95,
royal_mail_international_ddp_tracked_small_parcel,europe_zone_1,Rest of Europe Zone 1,DK:MC,,,1000,1250.001,11.80,11.80,
royal_mail_international_ddp_tracked_small_parcel,europe_zone_1,Rest of Europe Zone 1,DK:MC,,,1250,1500.001,11.80,11.80,
royal_mail_international_ddp_tracked_small_parcel,europe_zone_1,Rest of Europe Zone 1,DK:MC,,,1500,2000.001,12.00,12.00,
royal_mail_international_ddp_tracked_small_parcel,europe_zone_2,Belgium,BE,,,0,250.001,9.65,9.65,
royal_mail_international_ddp_tracked_small_parcel,europe_zone_2,Belgium,BE,,,250,500.001,10.60,10.60,
royal_mail_international_ddp_tracked_small_parcel,europe_zone_2,Belgium,BE,,,500,750.001,11.15,11.15,
royal_mail_international_ddp_tracked_small_parcel,europe_zone_2,Belgium,BE,,,750,1000.001,11.90,11.90,
royal_mail_international_ddp_tracked_small_parcel,europe_zone_2,Belgium,BE,,,1000,1250.001,12.30,12.30,
royal_mail_international_ddp_tracked_small_parcel,europe_zone_2,Belgium,BE,,,1250,1500.001,12.30,12.30,
royal_mail_international_ddp_tracked_small_parcel,europe_zone_2,Belgium,BE,,,1500,2000.001,13.00,13.00,
royal_mail_international_ddp_tracked_small_parcel,europe_zone_2,Italy,IT,,,0,250.001,9.65,9.65,
royal_mail_international_ddp_tracked_small_parcel,europe_zone_2,Italy,IT,,,250,500.001,10.60,10.60,
royal_mail_international_ddp_tracked_small_parcel,europe_zone_2,Italy,IT,,,500,750.001,11.15,11.15,
royal_mail_international_ddp_tracked_small_parcel,europe_zone_2,Italy,IT,,,750,1000.001,11.90,11.90,
royal_mail_international_ddp_tracked_small_parcel,europe_zone_2,Italy,IT,,,1000,1250.001,12.30,12.30,
royal_mail_international_ddp_tracked_small_parcel,europe_zone_2,Italy,IT,,,1250,1500.001,12.30,12.30,
royal_mail_international_ddp_tracked_small_parcel,europe_zone_2,Italy,IT,,,1500,2000.001,13.00,13.00,
royal_mail_international_ddp_tracked_small_parcel,europe_zone_2,Netherlands,NL,,,0,250.001,9.20,9.20,
royal_mail_international_ddp_tracked_small_parcel,europe_zone_2,Netherlands,NL,,,250,500.001,10.10,10.10,
royal_mail_international_ddp_tracked_small_parcel,europe_zone_2,Netherlands,NL,,,500,750.001,10.65,10.65,
royal_mail_international_ddp_tracked_small_parcel,europe_zone_2,Netherlands,NL,,,750,1000.001,10.85,10.85,
royal_mail_international_ddp_tracked_small_parcel,europe_zone_2,Netherlands,NL,,,1000,1250.001,11.25,11.25,
royal_mail_international_ddp_tracked_small_parcel,europe_zone_2,Netherlands,NL,,,1250,1500.001,11.25,11.25,
royal_mail_international_ddp_tracked_small_parcel,europe_zone_2,Netherlands,NL,,,1500,2000.001,11.90,11.90,
royal_mail_international_ddp_tracked_small_parcel,europe_zone_2,Poland,PL,,,0,250.001,9.85,9.85,
royal_mail_international_ddp_tracked_small_parcel,europe_zone_2,Poland,PL,,,250,500.001,10.70,10.70,
royal_mail_international_ddp_tracked_small_parcel,europe_zone_2,Poland,PL,,,500,750.001,11.30,11.30,
royal_mail_international_ddp_tracked_small_parcel,europe_zone_2,Poland,PL,,,750,1000.001,12.00,12.00,
royal_mail_international_ddp_tracked_small_parcel,europe_zone_2,Poland,PL,,,1000,1250.001,12.45,12.45,
royal_mail_international_ddp_tracked_small_parcel,europe_zone_2,Poland,PL,,,1250,1500.001,12.45,12.45,
royal_mail_international_ddp_tracked_small_parcel,europe_zone_2,Poland,PL,,,1500,2000.001,13.15,13.15,
royal_mail_international_ddp_tracked_small_parcel,europe_zone_2,Romania,RO,,,0,250.001,14.15,14.15,
royal_mail_international_ddp_tracked_small_parcel,europe_zone_2,Romania,RO,,,250,500.001,15.00,15.00,
royal_mail_international_ddp_tracked_small_parcel,europe_zone_2,Romania,RO,,,500,750.001,15.60,15.60,
royal_mail_international_ddp_tracked_small_parcel,europe_zone_2,Romania,RO,,,750,1000.001,16.30,16.30,
royal_mail_international_ddp_tracked_small_parcel,europe_zone_2,Romania,RO,,,1000,1250.001,16.75,16.75,
royal_mail_international_ddp_tracked_small_parcel,europe_zone_2,Romania,RO,,,1250,1500.001,16.75,16.75,
royal_mail_international_ddp_tracked_small_parcel,europe_zone_2,Romania,RO,,,1500,2000.001,17.45,17.45,
royal_mail_international_ddp_tracked_small_parcel,europe_zone_2,Spain,ES,,,0,250.001,9.60,9.60,
royal_mail_international_ddp_tracked_small_parcel,europe_zone_2,Spain,ES,,,250,500.001,10.20,10.20,
royal_mail_international_ddp_tracked_small_parcel,europe_zone_2,Spain,ES,,,500,750.001,10.75,10.75,
royal_mail_international_ddp_tracked_small_parcel,europe_zone_2,Spain,ES,,,750,1000.001,11.40,11.40,
royal_mail_international_ddp_tracked_small_parcel,europe_zone_2,Spain,ES,,,1000,1250.001,11.85,11.85,
royal_mail_international_ddp_tracked_small_parcel,europe_zone_2,Spain,ES,,,1250,1500.001,11.85,11.85,
royal_mail_international_ddp_tracked_small_parcel,europe_zone_2,Spain,ES,,,1500,2000.001,12.50,12.50,
royal_mail_international_ddp_tracked_small_parcel,europe_zone_2,Sweden,SE,,,0,250.001,9.65,9.65,
royal_mail_international_ddp_tracked_small_parcel,europe_zone_2,Sweden,SE,,,250,500.001,10.60,10.60,
royal_mail_international_ddp_tracked_small_parcel,europe_zone_2,Sweden,SE,,,500,750.001,11.15,11.15,
royal_mail_international_ddp_tracked_small_parcel,europe_zone_2,Sweden,SE,,,750,1000.001,11.90,11.90,
royal_mail_international_ddp_tracked_small_parcel,europe_zone_2,Sweden,SE,,,1000,1250.001,12.30,12.30,
royal_mail_international_ddp_tracked_small_parcel,europe_zone_2,Sweden,SE,,,1250,1500.001,12.30,12.30,
royal_mail_international_ddp_tracked_small_parcel,europe_zone_2,Sweden,SE,,,1500,2000.001,13.00,13.00,
royal_mail_international_ddp_tracked_small_parcel,europe_zone_2,Rest of Europe Zone 2,AT:LV:PT:LT:LU:BG:MT:HR:CY:CZ:SK:EE:SI:FI:GR:HU,,,0,250.001,9.85,9.85,
royal_mail_international_ddp_tracked_small_parcel,europe_zone_2,Rest of Europe Zone 2,AT:LV:PT:LT:LU:BG:MT:HR:CY:CZ:SK:EE:SI:FI:GR:HU,,,250,500.001,10.70,10.70,
royal_mail_international_ddp_tracked_small_parcel,europe_zone_2,Rest of Europe Zone 2,AT:LV:PT:LT:LU:BG:MT:HR:CY:CZ:SK:EE:SI:FI:GR:HU,,,500,750.001,11.45,11.45,
royal_mail_international_ddp_tracked_small_parcel,europe_zone_2,Rest of Europe Zone 2,AT:LV:PT:LT:LU:BG:MT:HR:CY:CZ:SK:EE:SI:FI:GR:HU,,,750,1000.001,12.10,12.10,
royal_mail_international_ddp_tracked_small_parcel,europe_zone_2,Rest of Europe Zone 2,AT:LV:PT:LT:LU:BG:MT:HR:CY:CZ:SK:EE:SI:FI:GR:HU,,,1000,1250.001,12.45,12.45,
royal_mail_international_ddp_tracked_small_parcel,europe_zone_2,Rest of Europe Zone 2,AT:LV:PT:LT:LU:BG:MT:HR:CY:CZ:SK:EE:SI:FI:GR:HU,,,1250,1500.001,12.45,12.45,
royal_mail_international_ddp_tracked_small_parcel,europe_zone_2,Rest of Europe Zone 2,AT:LV:PT:LT:LU:BG:MT:HR:CY:CZ:SK:EE:SI:FI:GR:HU,,,1500,2000.001,13.15,13.15,
royal_mail_international_ddp_tracked_small_parcel,europe_zone_3,Norway,NO:SJ,,,0,250.001,10.90,10.90,
royal_mail_international_ddp_tracked_small_parcel,europe_zone_3,Norway,NO:SJ,,,250,500.001,12.50,12.50,
royal_mail_international_ddp_tracked_small_parcel,europe_zone_3,Norway,NO:SJ,,,500,750.001,13.05,13.05,
royal_mail_international_ddp_tracked_small_parcel,europe_zone_3,Norway,NO:SJ,,,750,1000.001,14.05,14.05,
royal_mail_international_ddp_tracked_small_parcel,europe_zone_3,Norway,NO:SJ,,,1000,1250.001,15.00,15.00,
royal_mail_international_ddp_tracked_small_parcel,europe_zone_3,Norway,NO:SJ,,,1250,1500.001,15.60,15.60,
royal_mail_international_ddp_tracked_small_parcel,europe_zone_3,Norway,NO:SJ,,,1500,2000.001,16.05,16.05,
royal_mail_international_ddp_tracked_small_parcel,europe_zone_3,Switzerland,CH,,,0,250.001,11.95,11.95,
royal_mail_international_ddp_tracked_small_parcel,europe_zone_3,Switzerland,CH,,,250,500.001,11.95,11.95,
royal_mail_international_ddp_tracked_small_parcel,europe_zone_3,Switzerland,CH,,,500,750.001,12.25,12.25,
royal_mail_international_ddp_tracked_small_parcel,europe_zone_3,Switzerland,CH,,,750,1000.001,13.20,13.20,
royal_mail_international_ddp_tracked_small_parcel,europe_zone_3,Switzerland,CH,,,1000,1250.001,13.75,13.75,
royal_mail_international_ddp_tracked_small_parcel,europe_zone_3,Switzerland,CH,,,1250,1500.001,14.30,14.30,
royal_mail_international_ddp_tracked_small_parcel,europe_zone_3,Switzerland,CH,,,1500,2000.001,14.55,14.55,
royal_mail_international_ddp_tracked_small_parcel,europe_zone_3,Turkey,TR,,,0,250.001,11.65,11.65,
royal_mail_international_ddp_tracked_small_parcel,europe_zone_3,Turkey,TR,,,250,500.001,13.90,13.90,
royal_mail_international_ddp_tracked_small_parcel,europe_zone_3,Turkey,TR,,,500,750.001,14.50,14.50,
royal_mail_international_ddp_tracked_small_parcel,europe_zone_3,Turkey,TR,,,750,1000.001,15.65,15.65,
royal_mail_international_ddp_tracked_small_parcel,europe_zone_3,Turkey,TR,,,1000,1250.001,16.75,16.75,
royal_mail_international_ddp_tracked_small_parcel,europe_zone_3,Turkey,TR,,,1250,1500.001,17.45,17.45,
royal_mail_international_ddp_tracked_small_parcel,europe_zone_3,Turkey,TR,,,1500,2000.001,17.95,17.95,
royal_mail_international_ddp_tracked_small_parcel,europe_zone_3,Rest of Europe Zone 3,AL:MD:AD:ME:AM:MK:AZ:BY:RU:BA:SM:FO:RS:GE:GI:TJ:GL:IS:TM:KZ:UA:XK:UZ:KG:VA:LI,,,0,250.001,12.15,12.15,
royal_mail_international_ddp_tracked_small_parcel,europe_zone_3,Rest of Europe Zone 3,AL:MD:AD:ME:AM:MK:AZ:BY:RU:BA:SM:FO:RS:GE:GI:TJ:GL:IS:TM:KZ:UA:XK:UZ:KG:VA:LI,,,250,500.001,14.40,14.40,
royal_mail_international_ddp_tracked_small_parcel,europe_zone_3,Rest of Europe Zone 3,AL:MD:AD:ME:AM:MK:AZ:BY:RU:BA:SM:FO:RS:GE:GI:TJ:GL:IS:TM:KZ:UA:XK:UZ:KG:VA:LI,,,500,750.001,15.00,15.00,
royal_mail_international_ddp_tracked_small_parcel,europe_zone_3,Rest of Europe Zone 3,AL:MD:AD:ME:AM:MK:AZ:BY:RU:BA:SM:FO:RS:GE:GI:TJ:GL:IS:TM:KZ:UA:XK:UZ:KG:VA:LI,,,750,1000.001,16.15,16.15,
royal_mail_international_ddp_tracked_small_parcel,europe_zone_3,Rest of Europe Zone 3,AL:MD:AD:ME:AM:MK:AZ:BY:RU:BA:SM:FO:RS:GE:GI:TJ:GL:IS:TM:KZ:UA:XK:UZ:KG:VA:LI,,,1000,1250.001,17.25,17.25,
royal_mail_international_ddp_tracked_small_parcel,europe_zone_3,Rest of Europe Zone 3,AL:MD:AD:ME:AM:MK:AZ:BY:RU:BA:SM:FO:RS:GE:GI:TJ:GL:IS:TM:KZ:UA:XK:UZ:KG:VA:LI,,,1250,1500.001,17.95,17.95,
royal_mail_international_ddp_tracked_small_parcel,europe_zone_3,Rest of Europe Zone 3,AL:MD:AD:ME:AM:MK:AZ:BY:RU:BA:SM:FO:RS:GE:GI:TJ:GL:IS:TM:KZ:UA:XK:UZ:KG:VA:LI,,,1500,2000.001,18.45,18.45,
royal_mail_international_ddp_tracked_small_parcel,world_zone_3,USA,US,,,0,250.001,12.17,12.17,
royal_mail_international_ddp_tracked_small_parcel,world_zone_3,USA,US,,,250,500.001,14.25,14.25,
royal_mail_international_ddp_tracked_small_parcel,world_zone_3,USA,US,,,500,750.001,17.53,17.53,
royal_mail_international_ddp_tracked_small_parcel,world_zone_3,USA,US,,,750,1000.001,17.53,17.53,
royal_mail_international_ddp_tracked_small_parcel,world_zone_3,USA,US,,,1000,1250.001,20.20,20.20,
royal_mail_international_ddp_tracked_small_parcel,world_zone_3,USA,US,,,1250,1500.001,20.20,20.20,
royal_mail_international_ddp_tracked_small_parcel,world_zone_3,USA,US,,,1500,2000.001,20.20,20.20,
royal_mail_international_ddp_tracked_small_parcel,world_zone_1,Brazil,BR,,,0,250.001,12.30,12.30,
royal_mail_international_ddp_tracked_small_parcel,world_zone_1,Brazil,BR,,,250,500.001,15.60,15.60,
royal_mail_international_ddp_tracked_small_parcel,world_zone_1,Brazil,BR,,,500,750.001,19.20,19.20,
royal_mail_international_ddp_tracked_small_parcel,world_zone_1,Brazil,BR,,,750,1000.001,22.30,22.30,
royal_mail_international_ddp_tracked_small_parcel,world_zone_1,Brazil,BR,,,1000,1250.001,25.15,25.15,
royal_mail_international_ddp_tracked_small_parcel,world_zone_1,Brazil,BR,,,1250,1500.001,26.15,26.15,
royal_mail_international_ddp_tracked_small_parcel,world_zone_1,Brazil,BR,,,1500,2000.001,28.05,28.05,
royal_mail_international_ddp_tracked_small_parcel,world_zone_1,Canada,CA,,,0,250.001,14.44,14.44,
royal_mail_international_ddp_tracked_small_parcel,world_zone_1,Canada,CA,,,250,500.001,14.44,14.44,
royal_mail_international_ddp_tracked_small_parcel,world_zone_1,Canada,CA,,,500,750.001,17.01,17.01,
royal_mail_international_ddp_tracked_small_parcel,world_zone_1,Canada,CA,,,750,1000.001,20.27,20.27,
royal_mail_international_ddp_tracked_small_parcel,world_zone_1,Canada,CA,,,1000,1250.001,22.95,22.95,
royal_mail_international_ddp_tracked_small_parcel,world_zone_1,Canada,CA,,,1250,1500.001,24.52,24.52,
royal_mail_international_ddp_tracked_small_parcel,world_zone_1,Canada,CA,,,1500,2000.001,24.52,24.52,
royal_mail_international_ddp_tracked_small_parcel,world_zone_1,China,CN,,,0,250.001,11.40,11.40,
royal_mail_international_ddp_tracked_small_parcel,world_zone_1,China,CN,,,250,500.001,13.15,13.15,
royal_mail_international_ddp_tracked_small_parcel,world_zone_1,China,CN,,,500,750.001,13.15,13.15,
royal_mail_international_ddp_tracked_small_parcel,world_zone_1,China,CN,,,750,1000.001,13.15,13.15,
royal_mail_international_ddp_tracked_small_parcel,world_zone_1,China,CN,,,1000,1250.001,17.75,17.75,
royal_mail_international_ddp_tracked_small_parcel,world_zone_1,China,CN,,,1250,1500.001,17.75,17.75,
royal_mail_international_ddp_tracked_small_parcel,world_zone_1,China,CN,,,1500,2000.001,17.75,17.75,
royal_mail_international_ddp_tracked_small_parcel,world_zone_1,Hong Kong,HK,,,0,250.001,11.55,11.55,
royal_mail_international_ddp_tracked_small_parcel,world_zone_1,Hong Kong,HK,,,250,500.001,14.35,14.35,
royal_mail_international_ddp_tracked_small_parcel,world_zone_1,Hong Kong,HK,,,500,750.001,17.15,17.15,
royal_mail_international_ddp_tracked_small_parcel,world_zone_1,Hong Kong,HK,,,750,1000.001,19.90,19.90,
royal_mail_international_ddp_tracked_small_parcel,world_zone_1,Hong Kong,HK,,,1000,1250.001,22.40,22.40,
royal_mail_international_ddp_tracked_small_parcel,world_zone_1,Hong Kong,HK,,,1250,1500.001,25.40,25.40,
royal_mail_international_ddp_tracked_small_parcel,world_zone_1,Hong Kong,HK,,,1500,2000.001,27.25,27.25,
royal_mail_international_ddp_tracked_small_parcel,world_zone_1,India,IN,,,0,250.001,12.50,12.50,
royal_mail_international_ddp_tracked_small_parcel,world_zone_1,India,IN,,,250,500.001,15.80,15.80,
royal_mail_international_ddp_tracked_small_parcel,world_zone_1,India,IN,,,500,750.001,18.50,18.50,
royal_mail_international_ddp_tracked_small_parcel,world_zone_1,India,IN,,,750,1000.001,21.45,21.45,
royal_mail_international_ddp_tracked_small_parcel,world_zone_1,India,IN,,,1000,1250.001,24.15,24.15,
royal_mail_international_ddp_tracked_small_parcel,world_zone_1,India,IN,,,1250,1500.001,25.10,25.10,
royal_mail_international_ddp_tracked_small_parcel,world_zone_1,India,IN,,,1500,2000.001,26.90,26.90,
royal_mail_international_ddp_tracked_small_parcel,world_zone_1,Japan,JP,,,0,250.001,12.45,12.45,
royal_mail_international_ddp_tracked_small_parcel,world_zone_1,Japan,JP,,,250,500.001,15.70,15.70,
royal_mail_international_ddp_tracked_small_parcel,world_zone_1,Japan,JP,,,500,750.001,18.50,18.50,
royal_mail_international_ddp_tracked_small_parcel,world_zone_1,Japan,JP,,,750,1000.001,21.45,21.45,
royal_mail_international_ddp_tracked_small_parcel,world_zone_1,Japan,JP,,,1000,1250.001,24.15,24.15,
royal_mail_international_ddp_tracked_small_parcel,world_zone_1,Japan,JP,,,1250,1500.001,27.10,27.10,
royal_mail_international_ddp_tracked_small_parcel,world_zone_1,Japan,JP,,,1500,2000.001,29.10,29.10,
royal_mail_international_ddp_tracked_small_parcel,world_zone_1,Thailand,TH,,,0,250.001,12.95,12.95,
royal_mail_international_ddp_tracked_small_parcel,world_zone_1,Thailand,TH,,,250,500.001,15.70,15.70,
royal_mail_international_ddp_tracked_small_parcel,world_zone_1,Thailand,TH,,,500,750.001,18.25,18.25,
royal_mail_international_ddp_tracked_small_parcel,world_zone_1,Thailand,TH,,,750,1000.001,20.10,20.10,
royal_mail_international_ddp_tracked_small_parcel,world_zone_1,Thailand,TH,,,1000,1250.001,22.45,22.45,
royal_mail_international_ddp_tracked_small_parcel,world_zone_1,Thailand,TH,,,1250,1500.001,24.80,24.80,
royal_mail_international_ddp_tracked_small_parcel,world_zone_1,Thailand,TH,,,1500,2000.001,26.60,26.60,
royal_mail_international_ddp_tracked_small_parcel,world_zone_1,Rest of World Zone 1,,,,0,250.001,14.40,14.40,
royal_mail_international_ddp_tracked_small_parcel,world_zone_1,Rest of World Zone 1,,,,250,500.001,18.15,18.15,
royal_mail_international_ddp_tracked_small_parcel,world_zone_1,Rest of World Zone 1,,,,500,750.001,21.25,21.25,
royal_mail_international_ddp_tracked_small_parcel,world_zone_1,Rest of World Zone 1,,,,750,1000.001,24.65,24.65,
royal_mail_international_ddp_tracked_small_parcel,world_zone_1,Rest of World Zone 1,,,,1000,1250.001,27.75,27.75,
royal_mail_international_ddp_tracked_small_parcel,world_zone_1,Rest of World Zone 1,,,,1250,1500.001,28.85,28.85,
royal_mail_international_ddp_tracked_small_parcel,world_zone_1,Rest of World Zone 1,,,,1500,2000.001,29.90,29.90,
royal_mail_international_ddp_tracked_small_parcel,world_zone_2,Australia,AU,,,0,250.001,12.35,12.35,
royal_mail_international_ddp_tracked_small_parcel,world_zone_2,Australia,AU,,,250,500.001,15.85,15.85,
royal_mail_international_ddp_tracked_small_parcel,world_zone_2,Australia,AU,,,500,750.001,18.40,18.40,
royal_mail_international_ddp_tracked_small_parcel,world_zone_2,Australia,AU,,,750,1000.001,19.40,19.40,
royal_mail_international_ddp_tracked_small_parcel,world_zone_2,Australia,AU,,,1000,1250.001,25.10,25.10,
royal_mail_international_ddp_tracked_small_parcel,world_zone_2,Australia,AU,,,1250,1500.001,25.10,25.10,
royal_mail_international_ddp_tracked_small_parcel,world_zone_2,Australia,AU,,,1500,2000.001,25.10,25.10,
royal_mail_international_ddp_tracked_small_parcel,world_zone_2,New Zealand,NZ,,,0,250.001,15.30,15.30,
royal_mail_international_ddp_tracked_small_parcel,world_zone_2,New Zealand,NZ,,,250,500.001,16.30,16.30,
royal_mail_international_ddp_tracked_small_parcel,world_zone_2,New Zealand,NZ,,,500,750.001,20.25,20.25,
royal_mail_international_ddp_tracked_small_parcel,world_zone_2,New Zealand,NZ,,,750,1000.001,20.25,20.25,
royal_mail_international_ddp_tracked_small_parcel,world_zone_2,New Zealand,NZ,,,1000,1250.001,27.20,27.20,
royal_mail_international_ddp_tracked_small_parcel,world_zone_2,New Zealand,NZ,,,1250,1500.001,30.05,30.05,
royal_mail_international_ddp_tracked_small_parcel,world_zone_2,New Zealand,NZ,,,1500,2000.001,32.05,32.05,
royal_mail_international_ddp_tracked_small_parcel,world_zone_2,Rest of World Zone 2,PW:IO:CX:CC:CK:FJ:PF:TF:KI:MO:NR:NC:AQ:NU:NF:BV:PG:LA:PN:SG:SB:TK:TO:TV:AS:WS,,,0,250.001,14.90,14.90,
royal_mail_international_ddp_tracked_small_parcel,world_zone_2,Rest of World Zone 2,PW:IO:CX:CC:CK:FJ:PF:TF:KI:MO:NR:NC:AQ:NU:NF:BV:PG:LA:PN:SG:SB:TK:TO:TV:AS:WS,,,250,500.001,19.15,19.15,
royal_mail_international_ddp_tracked_small_parcel,world_zone_2,Rest of World Zone 2,PW:IO:CX:CC:CK:FJ:PF:TF:KI:MO:NR:NC:AQ:NU:NF:BV:PG:LA:PN:SG:SB:TK:TO:TV:AS:WS,,,500,750.001,23.75,23.75,
royal_mail_international_ddp_tracked_small_parcel,world_zone_2,Rest of World Zone 2,PW:IO:CX:CC:CK:FJ:PF:TF:KI:MO:NR:NC:AQ:NU:NF:BV:PG:LA:PN:SG:SB:TK:TO:TV:AS:WS,,,750,1000.001,27.90,27.90,
royal_mail_international_ddp_tracked_small_parcel,world_zone_2,Rest of World Zone 2,PW:IO:CX:CC:CK:FJ:PF:TF:KI:MO:NR:NC:AQ:NU:NF:BV:PG:LA:PN:SG:SB:TK:TO:TV:AS:WS,,,1000,1250.001,31.85,31.85,
royal_mail_international_ddp_tracked_small_parcel,world_zone_2,Rest of World Zone 2,PW:IO:CX:CC:CK:FJ:PF:TF:KI:MO:NR:NC:AQ:NU:NF:BV:PG:LA:PN:SG:SB:TK:TO:TV:AS:WS,,,1250,1500.001,34.90,34.90,
royal_mail_international_ddp_tracked_small_parcel,world_zone_2,Rest of World Zone 2,PW:IO:CX:CC:CK:FJ:PF:TF:KI:MO:NR:NC:AQ:NU:NF:BV:PG:LA:PN:SG:SB:TK:TO:TV:AS:WS,,,1500,2000.001,37.55,37.55,
royal_mail_international_ddp_tracked_medium_parcel,europe_zone_1,France,FR,,,0,1000.001,11.75,11.75,
royal_mail_international_ddp_tracked_medium_parcel,europe_zone_1,France,FR,,,1000,2000.001,11.75,11.75,
royal_mail_international_ddp_tracked_medium_parcel,europe_zone_1,France,FR,,,2000,3000.001,13.20,13.20,
royal_mail_international_ddp_tracked_medium_parcel,europe_zone_1,France,FR,,,3000,4000.001,13.20,13.20,
royal_mail_international_ddp_tracked_medium_parcel,europe_zone_1,France,FR,,,4000,5000.001,13.20,13.20,
royal_mail_international_ddp_tracked_medium_parcel,europe_zone_1,France,FR,,,5000,7500.001,15.80,15.80,
royal_mail_international_ddp_tracked_medium_parcel,europe_zone_1,France,FR,,,7500,10000.001,15.80,15.80,
royal_mail_international_ddp_tracked_medium_parcel,europe_zone_1,France,FR,,,10000,15000.001,20.35,20.35,
royal_mail_international_ddp_tracked_medium_parcel,europe_zone_1,France,FR,,,15000,20000.001,20.35,20.35,
royal_mail_international_ddp_tracked_medium_parcel,europe_zone_1,Germany,DE,,,0,1000.001,11.70,11.70,
royal_mail_international_ddp_tracked_medium_parcel,europe_zone_1,Germany,DE,,,1000,2000.001,11.70,11.70,
royal_mail_international_ddp_tracked_medium_parcel,europe_zone_1,Germany,DE,,,2000,3000.001,12.60,12.60,
royal_mail_international_ddp_tracked_medium_parcel,europe_zone_1,Germany,DE,,,3000,4000.001,13.70,13.70,
royal_mail_international_ddp_tracked_medium_parcel,europe_zone_1,Germany,DE,,,4000,5000.001,14.35,14.35,
royal_mail_international_ddp_tracked_medium_parcel,europe_zone_1,Germany,DE,,,5000,7500.001,15.75,15.75,
royal_mail_international_ddp_tracked_medium_parcel,europe_zone_1,Germany,DE,,,7500,10000.001,19.35,19.35,
royal_mail_international_ddp_tracked_medium_parcel,europe_zone_1,Germany,DE,,,10000,15000.001,29.80,29.80,
royal_mail_international_ddp_tracked_medium_parcel,europe_zone_1,Germany,DE,,,15000,20000.001,37.45,37.45,
royal_mail_international_ddp_tracked_medium_parcel,europe_zone_1,Ireland,IE,,,0,1000.001,11.10,11.10,
royal_mail_international_ddp_tracked_medium_parcel,europe_zone_1,Ireland,IE,,,1000,2000.001,11.10,11.10,
royal_mail_international_ddp_tracked_medium_parcel,europe_zone_1,Ireland,IE,,,2000,3000.001,11.30,11.30,
royal_mail_international_ddp_tracked_medium_parcel,europe_zone_1,Ireland,IE,,,3000,4000.001,12.10,12.10,
royal_mail_international_ddp_tracked_medium_parcel,europe_zone_1,Ireland,IE,,,4000,5000.001,13.40,13.40,
royal_mail_international_ddp_tracked_medium_parcel,europe_zone_1,Ireland,IE,,,5000,7500.001,15.40,15.40,
royal_mail_international_ddp_tracked_medium_parcel,europe_zone_1,Ireland,IE,,,7500,10000.001,16.70,16.70,
royal_mail_international_ddp_tracked_medium_parcel,europe_zone_1,Ireland,IE,,,10000,15000.001,18.85,18.85,
royal_mail_international_ddp_tracked_medium_parcel,europe_zone_1,Ireland,IE,,,15000,20000.001,19.95,19.95,
royal_mail_international_ddp_tracked_medium_parcel,europe_zone_1,Rest of Europe Zone 1,DK:MC,,,0,1000.001,14.30,14.30,
royal_mail_international_ddp_tracked_medium_parcel,europe_zone_1,Rest of Europe Zone 1,DK:MC,,,1000,2000.001,15.20,15.20,
royal_mail_international_ddp_tracked_medium_parcel,europe_zone_1,Rest of Europe Zone 1,DK:MC,,,2000,3000.001,17.35,17.35,
royal_mail_international_ddp_tracked_medium_parcel,europe_zone_1,Rest of Europe Zone 1,DK:MC,,,3000,4000.001,17.85,17.85,
royal_mail_international_ddp_tracked_medium_parcel,europe_zone_1,Rest of Europe Zone 1,DK:MC,,,4000,5000.001,18.40,18.40,
royal_mail_international_ddp_tracked_medium_parcel,europe_zone_1,Rest of Europe Zone 1,DK:MC,,,5000,7500.001,24.05,24.05,
royal_mail_international_ddp_tracked_medium_parcel,europe_zone_1,Rest of Europe Zone 1,DK:MC,,,7500,10000.001,29.25,29.25,
royal_mail_international_ddp_tracked_medium_parcel,europe_zone_1,Rest of Europe Zone 1,DK:MC,,,10000,15000.001,39.65,39.65,
royal_mail_international_ddp_tracked_medium_parcel,europe_zone_1,Rest of Europe Zone 1,DK:MC,,,15000,20000.001,49.45,49.45,
royal_mail_international_ddp_tracked_medium_parcel,europe_zone_2,Belgium,BE,,,0,1000.001,13.00,13.00,
royal_mail_international_ddp_tracked_medium_parcel,europe_zone_2,Belgium,BE,,,1000,2000.001,16.10,16.10,
royal_mail_international_ddp_tracked_medium_parcel,europe_zone_2,Belgium,BE,,,2000,3000.001,18.65,18.65,
royal_mail_international_ddp_tracked_medium_parcel,europe_zone_2,Belgium,BE,,,3000,4000.001,33.60,33.60,
royal_mail_international_ddp_tracked_medium_parcel,europe_zone_2,Belgium,BE,,,4000,5000.001,36.65,36.65,
royal_mail_international_ddp_tracked_medium_parcel,europe_zone_2,Belgium,BE,,,5000,7500.001,54.45,54.45,
royal_mail_international_ddp_tracked_medium_parcel,europe_zone_2,Belgium,BE,,,7500,10000.001,58.10,58.10,
royal_mail_international_ddp_tracked_medium_parcel,europe_zone_2,Belgium,BE,,,10000,15000.001,78.60,78.60,
royal_mail_international_ddp_tracked_medium_parcel,europe_zone_2,Belgium,BE,,,15000,20000.001,95.10,95.10,
royal_mail_international_ddp_tracked_medium_parcel,europe_zone_2,Italy,IT,,,0,1000.001,14.05,14.05,
royal_mail_international_ddp_tracked_medium_parcel,europe_zone_2,Italy,IT,,,1000,2000.001,16.95,16.95,
royal_mail_international_ddp_tracked_medium_parcel,europe_zone_2,Italy,IT,,,2000,3000.001,19.80,19.80,
royal_mail_international_ddp_tracked_medium_parcel,europe_zone_2,Italy,IT,,,3000,4000.001,25.20,25.20,
royal_mail_international_ddp_tracked_medium_parcel,europe_zone_2,Italy,IT,,,4000,5000.001,28.00,28.00,
royal_mail_international_ddp_tracked_medium_parcel,europe_zone_2,Italy,IT,,,5000,7500.001,31.90,31.90,
royal_mail_international_ddp_tracked_medium_parcel,europe_zone_2,Italy,IT,,,7500,10000.001,37.50,37.50,
royal_mail_international_ddp_tracked_medium_parcel,europe_zone_2,Italy,IT,,,10000,15000.001,55.40,55.40,
royal_mail_international_ddp_tracked_medium_parcel,europe_zone_2,Italy,IT,,,15000,20000.001,67.90,67.90,
royal_mail_international_ddp_tracked_medium_parcel,europe_zone_2,Netherlands,NL,,,0,1000.001,12.35,12.35,
royal_mail_international_ddp_tracked_medium_parcel,europe_zone_2,Netherlands,NL,,,1000,2000.001,13.70,13.70,
royal_mail_international_ddp_tracked_medium_parcel,europe_zone_2,Netherlands,NL,,,2000,3000.001,15.85,15.85,
royal_mail_international_ddp_tracked_medium_parcel,europe_zone_2,Netherlands,NL,,,3000,4000.001,28.55,28.55,
royal_mail_international_ddp_tracked_medium_parcel,europe_zone_2,Netherlands,NL,,,4000,5000.001,31.15,31.15,
royal_mail_international_ddp_tracked_medium_parcel,europe_zone_2,Netherlands,NL,,,5000,7500.001,46.30,46.30,
royal_mail_international_ddp_tracked_medium_parcel,europe_zone_2,Netherlands,NL,,,7500,10000.001,63.40,63.40,
royal_mail_international_ddp_tracked_medium_parcel,europe_zone_2,Netherlands,NL,,,10000,15000.001,79.00,79.00,
royal_mail_international_ddp_tracked_medium_parcel,europe_zone_2,Netherlands,NL,,,15000,20000.001,95.00,95.00,
royal_mail_international_ddp_tracked_medium_parcel,europe_zone_2,Poland,PL,,,0,1000.001,13.55,13.55,
royal_mail_international_ddp_tracked_medium_parcel,europe_zone_2,Poland,PL,,,1000,2000.001,16.40,16.40,
royal_mail_international_ddp_tracked_medium_parcel,europe_zone_2,Poland,PL,,,2000,3000.001,19.00,19.00,
royal_mail_international_ddp_tracked_medium_parcel,europe_zone_2,Poland,PL,,,3000,4000.001,29.10,29.10,
royal_mail_international_ddp_tracked_medium_parcel,europe_zone_2,Poland,PL,,,4000,5000.001,37.40,37.40,
royal_mail_international_ddp_tracked_medium_parcel,europe_zone_2,Poland,PL,,,5000,7500.001,54.45,54.45,
royal_mail_international_ddp_tracked_medium_parcel,europe_zone_2,Poland,PL,,,7500,10000.001,74.55,74.55,
royal_mail_international_ddp_tracked_medium_parcel,europe_zone_2,Poland,PL,,,10000,15000.001,85.65,85.65,
royal_mail_international_ddp_tracked_medium_parcel,europe_zone_2,Poland,PL,,,15000,20000.001,109.25,109.25,
royal_mail_international_ddp_tracked_medium_parcel,europe_zone_2,Romania,RO,,,0,1000.001,17.85,17.85,
royal_mail_international_ddp_tracked_medium_parcel,europe_zone_2,Romania,RO,,,1000,2000.001,20.70,20.70,
royal_mail_international_ddp_tracked_medium_parcel,europe_zone_2,Romania,RO,,,2000,3000.001,23.30,23.30,
royal_mail_international_ddp_tracked_medium_parcel,europe_zone_2,Romania,RO,,,3000,4000.001,32.90,32.90,
royal_mail_international_ddp_tracked_medium_parcel,europe_zone_2,Romania,RO,,,4000,5000.001,41.70,41.70,
royal_mail_international_ddp_tracked_medium_parcel,europe_zone_2,Romania,RO,,,5000,7500.001,54.45,54.45,
royal_mail_international_ddp_tracked_medium_parcel,europe_zone_2,Romania,RO,,,7500,10000.001,74.55,74.55,
royal_mail_international_ddp_tracked_medium_parcel,europe_zone_2,Romania,RO,,,10000,15000.001,85.65,85.65,
royal_mail_international_ddp_tracked_medium_parcel,europe_zone_2,Romania,RO,,,15000,20000.001,109.25,109.25,
royal_mail_international_ddp_tracked_medium_parcel,europe_zone_2,Spain,ES,,,0,1000.001,14.80,14.80,
royal_mail_international_ddp_tracked_medium_parcel,europe_zone_2,Spain,ES,,,1000,2000.001,17.10,17.10,
royal_mail_international_ddp_tracked_medium_parcel,europe_zone_2,Spain,ES,,,2000,3000.001,19.80,19.80,
royal_mail_international_ddp_tracked_medium_parcel,europe_zone_2,Spain,ES,,,3000,4000.001,24.50,24.50,
royal_mail_international_ddp_tracked_medium_parcel,europe_zone_2,Spain,ES,,,4000,5000.001,29.00,29.00,
royal_mail_international_ddp_tracked_medium_parcel,europe_zone_2,Spain,ES,,,5000,7500.001,38.00,38.00,
royal_mail_international_ddp_tracked_medium_parcel,europe_zone_2,Spain,ES,,,7500,10000.001,46.00,46.00,
royal_mail_international_ddp_tracked_medium_parcel,europe_zone_2,Spain,ES,,,10000,15000.001,55.00,55.00,
royal_mail_international_ddp_tracked_medium_parcel,europe_zone_2,Spain,ES,,,15000,20000.001,60.00,60.00,
royal_mail_international_ddp_tracked_medium_parcel,europe_zone_2,Sweden,SE,,,0,1000.001,13.00,13.00,
royal_mail_international_ddp_tracked_medium_parcel,europe_zone_2,Sweden,SE,,,1000,2000.001,16.10,16.10,
royal_mail_international_ddp_tracked_medium_parcel,europe_zone_2,Sweden,SE,,,2000,3000.001,18.65,18.65,
royal_mail_international_ddp_tracked_medium_parcel,europe_zone_2,Sweden,SE,,,3000,4000.001,29.95,29.95,
royal_mail_international_ddp_tracked_medium_parcel,europe_zone_2,Sweden,SE,,,4000,5000.001,36.65,36.65,
royal_mail_international_ddp_tracked_medium_parcel,europe_zone_2,Sweden,SE,,,5000,7500.001,53.40,53.40,
royal_mail_international_ddp_tracked_medium_parcel,europe_zone_2,Sweden,SE,,,7500,10000.001,73.10,73.10,
royal_mail_international_ddp_tracked_medium_parcel,europe_zone_2,Sweden,SE,,,10000,15000.001,83.60,83.60,
royal_mail_international_ddp_tracked_medium_parcel,europe_zone_2,Sweden,SE,,,15000,20000.001,107.10,107.10,
royal_mail_international_ddp_tracked_medium_parcel,europe_zone_2,Rest of Europe Zone 2,AT:LV:PT:LT:LU:BG:MT:HR:CY:CZ:SK:EE:SI:FI:GR:HU,,,0,1000.001,13.55,13.55,
royal_mail_international_ddp_tracked_medium_parcel,europe_zone_2,Rest of Europe Zone 2,AT:LV:PT:LT:LU:BG:MT:HR:CY:CZ:SK:EE:SI:FI:GR:HU,,,1000,2000.001,16.40,16.40,
royal_mail_international_ddp_tracked_medium_parcel,europe_zone_2,Rest of Europe Zone 2,AT:LV:PT:LT:LU:BG:MT:HR:CY:CZ:SK:EE:SI:FI:GR:HU,,,2000,3000.001,19.00,19.00,
royal_mail_international_ddp_tracked_medium_parcel,europe_zone_2,Rest of Europe Zone 2,AT:LV:PT:LT:LU:BG:MT:HR:CY:CZ:SK:EE:SI:FI:GR:HU,,,3000,4000.001,34.25,34.25,
royal_mail_international_ddp_tracked_medium_parcel,europe_zone_2,Rest of Europe Zone 2,AT:LV:PT:LT:LU:BG:MT:HR:CY:CZ:SK:EE:SI:FI:GR:HU,,,4000,5000.001,37.40,37.40,
royal_mail_international_ddp_tracked_medium_parcel,europe_zone_2,Rest of Europe Zone 2,AT:LV:PT:LT:LU:BG:MT:HR:CY:CZ:SK:EE:SI:FI:GR:HU,,,5000,7500.001,55.55,55.55,
royal_mail_international_ddp_tracked_medium_parcel,europe_zone_2,Rest of Europe Zone 2,AT:LV:PT:LT:LU:BG:MT:HR:CY:CZ:SK:EE:SI:FI:GR:HU,,,7500,10000.001,68.55,68.55,
royal_mail_international_ddp_tracked_medium_parcel,europe_zone_2,Rest of Europe Zone 2,AT:LV:PT:LT:LU:BG:MT:HR:CY:CZ:SK:EE:SI:FI:GR:HU,,,10000,15000.001,78.65,78.65,
royal_mail_international_ddp_tracked_medium_parcel,europe_zone_2,Rest of Europe Zone 2,AT:LV:PT:LT:LU:BG:MT:HR:CY:CZ:SK:EE:SI:FI:GR:HU,,,15000,20000.001,85.25,85.25,
royal_mail_international_ddp_tracked_medium_parcel,europe_zone_3,Norway,NO:SJ,,,0,1000.001,16.65,16.65,
royal_mail_international_ddp_tracked_medium_parcel,europe_zone_3,Norway,NO:SJ,,,1000,2000.001,23.35,23.35,
royal_mail_international_ddp_tracked_medium_parcel,europe_zone_3,Norway,NO:SJ,,,2000,3000.001,27.30,27.30,
royal_mail_international_ddp_tracked_medium_parcel,europe_zone_3,Norway,NO:SJ,,,3000,4000.001,34.55,34.55,
royal_mail_international_ddp_tracked_medium_parcel,europe_zone_3,Norway,NO:SJ,,,4000,5000.001,40.65,40.65,
royal_mail_international_ddp_tracked_medium_parcel,europe_zone_3,Norway,NO:SJ,,,5000,7500.001,56.85,56.85,
royal_mail_international_ddp_tracked_medium_parcel,europe_zone_3,Norway,NO:SJ,,,7500,10000.001,77.65,77.65,
royal_mail_international_ddp_tracked_medium_parcel,europe_zone_3,Norway,NO:SJ,,,10000,15000.001,99.85,99.85,
royal_mail_international_ddp_tracked_medium_parcel,europe_zone_3,Norway,NO:SJ,,,15000,20000.001,129.60,129.60,
royal_mail_international_ddp_tracked_medium_parcel,europe_zone_3,Switzerland,CH,,,0,1000.001,16.35,16.35,
royal_mail_international_ddp_tracked_medium_parcel,europe_zone_3,Switzerland,CH,,,1000,2000.001,21.55,21.55,
royal_mail_international_ddp_tracked_medium_parcel,europe_zone_3,Switzerland,CH,,,2000,3000.001,26.80,26.80,
royal_mail_international_ddp_tracked_medium_parcel,europe_zone_3,Switzerland,CH,,,3000,4000.001,33.85,33.85,
royal_mail_international_ddp_tracked_medium_parcel,europe_zone_3,Switzerland,CH,,,4000,5000.001,39.90,39.90,
royal_mail_international_ddp_tracked_medium_parcel,europe_zone_3,Switzerland,CH,,,5000,7500.001,50.00,50.00,
royal_mail_international_ddp_tracked_medium_parcel,europe_zone_3,Switzerland,CH,,,7500,10000.001,59.00,59.00,
royal_mail_international_ddp_tracked_medium_parcel,europe_zone_3,Switzerland,CH,,,10000,15000.001,75.00,75.00,
royal_mail_international_ddp_tracked_medium_parcel,europe_zone_3,Switzerland,CH,,,15000,20000.001,94.00,94.00,
royal_mail_international_ddp_tracked_medium_parcel,europe_zone_3,Turkey,TR,,,0,1000.001,16.30,16.30,
royal_mail_international_ddp_tracked_medium_parcel,europe_zone_3,Turkey,TR,,,1000,2000.001,23.25,23.25,
royal_mail_international_ddp_tracked_medium_parcel,europe_zone_3,Turkey,TR,,,2000,3000.001,27.35,27.35,
royal_mail_international_ddp_tracked_medium_parcel,europe_zone_3,Turkey,TR,,,3000,4000.001,34.85,34.85,
royal_mail_international_ddp_tracked_medium_parcel,europe_zone_3,Turkey,TR,,,4000,5000.001,41.25,41.25,
royal_mail_international_ddp_tracked_medium_parcel,europe_zone_3,Turkey,TR,,,5000,7500.001,58.00,58.00,
royal_mail_international_ddp_tracked_medium_parcel,europe_zone_3,Turkey,TR,,,7500,10000.001,79.60,79.60,
royal_mail_international_ddp_tracked_medium_parcel,europe_zone_3,Turkey,TR,,,10000,15000.001,102.00,102.00,
royal_mail_international_ddp_tracked_medium_parcel,europe_zone_3,Turkey,TR,,,15000,20000.001,117.00,117.00,
royal_mail_international_ddp_tracked_medium_parcel,europe_zone_3,Rest of Europe Zone 3,AL:MD:AD:ME:AM:MK:AZ:BY:RU:BA:SM:FO:RS:GE:GI:TJ:GL:IS:TM:KZ:UA:XK:UZ:KG:VA:LI,,,0,1000.001,17.30,17.30,
royal_mail_international_ddp_tracked_medium_parcel,europe_zone_3,Rest of Europe Zone 3,AL:MD:AD:ME:AM:MK:AZ:BY:RU:BA:SM:FO:RS:GE:GI:TJ:GL:IS:TM:KZ:UA:XK:UZ:KG:VA:LI,,,1000,2000.001,24.25,24.25,
royal_mail_international_ddp_tracked_medium_parcel,europe_zone_3,Rest of Europe Zone 3,AL:MD:AD:ME:AM:MK:AZ:BY:RU:BA:SM:FO:RS:GE:GI:TJ:GL:IS:TM:KZ:UA:XK:UZ:KG:VA:LI,,,2000,3000.001,28.35,28.35,
royal_mail_international_ddp_tracked_medium_parcel,europe_zone_3,Rest of Europe Zone 3,AL:MD:AD:ME:AM:MK:AZ:BY:RU:BA:SM:FO:RS:GE:GI:TJ:GL:IS:TM:KZ:UA:XK:UZ:KG:VA:LI,,,3000,4000.001,35.85,35.85,
royal_mail_international_ddp_tracked_medium_parcel,europe_zone_3,Rest of Europe Zone 3,AL:MD:AD:ME:AM:MK:AZ:BY:RU:BA:SM:FO:RS:GE:GI:TJ:GL:IS:TM:KZ:UA:XK:UZ:KG:VA:LI,,,4000,5000.001,42.25,42.25,
royal_mail_international_ddp_tracked_medium_parcel,europe_zone_3,Rest of Europe Zone 3,AL:MD:AD:ME:AM:MK:AZ:BY:RU:BA:SM:FO:RS:GE:GI:TJ:GL:IS:TM:KZ:UA:XK:UZ:KG:VA:LI,,,5000,7500.001,59.00,59.00,
royal_mail_international_ddp_tracked_medium_parcel,europe_zone_3,Rest of Europe Zone 3,AL:MD:AD:ME:AM:MK:AZ:BY:RU:BA:SM:FO:RS:GE:GI:TJ:GL:IS:TM:KZ:UA:XK:UZ:KG:VA:LI,,,7500,10000.001,80.60,80.60,
royal_mail_international_ddp_tracked_medium_parcel,europe_zone_3,Rest of Europe Zone 3,AL:MD:AD:ME:AM:MK:AZ:BY:RU:BA:SM:FO:RS:GE:GI:TJ:GL:IS:TM:KZ:UA:XK:UZ:KG:VA:LI,,,10000,15000.001,103.00,103.00,
royal_mail_international_ddp_tracked_medium_parcel,europe_zone_3,Rest of Europe Zone 3,AL:MD:AD:ME:AM:MK:AZ:BY:RU:BA:SM:FO:RS:GE:GI:TJ:GL:IS:TM:KZ:UA:XK:UZ:KG:VA:LI,,,15000,20000.001,118.00,118.00,
royal_mail_international_ddp_tracked_medium_parcel,world_zone_3,USA,US,,,0,1000.001,25.20,25.20,
royal_mail_international_ddp_tracked_medium_parcel,world_zone_3,USA,US,,,1000,2000.001,31.50,31.50,
royal_mail_international_ddp_tracked_medium_parcel,world_zone_3,USA,US,,,2000,3000.001,32.40,32.40,
royal_mail_international_ddp_tracked_medium_parcel,world_zone_3,USA,US,,,3000,4000.001,39.80,39.80,
royal_mail_international_ddp_tracked_medium_parcel,world_zone_3,USA,US,,,4000,5000.001,45.50,45.50,
royal_mail_international_ddp_tracked_medium_parcel,world_zone_3,USA,US,,,5000,7500.001,59.50,59.50,
royal_mail_international_ddp_tracked_medium_parcel,world_zone_3,USA,US,,,7500,10000.001,76.00,76.00,
royal_mail_international_ddp_tracked_medium_parcel,world_zone_3,USA,US,,,10000,15000.001,110.70,110.70,
royal_mail_international_ddp_tracked_medium_parcel,world_zone_3,USA,US,,,15000,20000.001,133.00,133.00,
royal_mail_international_ddp_tracked_medium_parcel,world_zone_1,Brazil,BR,,,0,1000.001,25.85,25.85,
royal_mail_international_ddp_tracked_medium_parcel,world_zone_1,Brazil,BR,,,1000,2000.001,28.80,28.80,
royal_mail_international_ddp_tracked_medium_parcel,world_zone_1,Brazil,BR,,,2000,3000.001,29.85,29.85,
royal_mail_international_ddp_tracked_medium_parcel,world_zone_1,Brazil,BR,,,3000,4000.001,38.90,38.90,
royal_mail_international_ddp_tracked_medium_parcel,world_zone_1,Brazil,BR,,,4000,5000.001,48.40,48.40,
royal_mail_international_ddp_tracked_medium_parcel,world_zone_1,Brazil,BR,,,5000,7500.001,65.35,65.35,
royal_mail_international_ddp_tracked_medium_parcel,world_zone_1,Brazil,BR,,,7500,10000.001,99.75,99.75,
royal_mail_international_ddp_tracked_medium_parcel,world_zone_1,Brazil,BR,,,10000,15000.001,125.95,125.95,
royal_mail_international_ddp_tracked_medium_parcel,world_zone_1,Brazil,BR,,,15000,20000.001,173.40,173.40,
royal_mail_international_ddp_tracked_medium_parcel,world_zone_1,Canada,CA,,,0,1000.001,24.10,24.10,
royal_mail_international_ddp_tracked_medium_parcel,world_zone_1,Canada,CA,,,1000,2000.001,25.05,25.05,
royal_mail_international_ddp_tracked_medium_parcel,world_zone_1,Canada,CA,,,2000,3000.001,29.40,29.40,
royal_mail_international_ddp_tracked_medium_parcel,world_zone_1,Canada,CA,,,3000,4000.001,32.85,32.85,
royal_mail_international_ddp_tracked_medium_parcel,world_zone_1,Canada,CA,,,4000,5000.001,37.90,37.90,
royal_mail_international_ddp_tracked_medium_parcel,world_zone_1,Canada,CA,,,5000,7500.001,48.25,48.25,
royal_mail_international_ddp_tracked_medium_parcel,world_zone_1,Canada,CA,,,7500,10000.001,63.25,63.25,
royal_mail_international_ddp_tracked_medium_parcel,world_zone_1,Canada,CA,,,10000,15000.001,65.00,65.00,
royal_mail_international_ddp_tracked_medium_parcel,world_zone_1,Canada,CA,,,15000,20000.001,68.80,68.80,
royal_mail_international_ddp_tracked_medium_parcel,world_zone_1,China,CN,,,0,1000.001,25.35,25.35,
royal_mail_international_ddp_tracked_medium_parcel,world_zone_1,China,CN,,,1000,2000.001,28.25,28.25,
royal_mail_international_ddp_tracked_medium_parcel,world_zone_1,China,CN,,,2000,3000.001,33.45,33.45,
royal_mail_international_ddp_tracked_medium_parcel,world_zone_1,China,CN,,,3000,4000.001,39.15,39.15,
royal_mail_international_ddp_tracked_medium_parcel,world_zone_1,China,CN,,,4000,5000.001,46.95,46.95,
royal_mail_international_ddp_tracked_medium_parcel,world_zone_1,China,CN,,,5000,7500.001,54.05,54.05,
royal_mail_international_ddp_tracked_medium_parcel,world_zone_1,China,CN,,,7500,10000.001,67.80,67.80,
royal_mail_international_ddp_tracked_medium_parcel,world_zone_1,China,CN,,,10000,15000.001,93.50,93.50,
royal_mail_international_ddp_tracked_medium_parcel,world_zone_1,China,CN,,,15000,20000.001,110.00,110.00,
royal_mail_international_ddp_tracked_medium_parcel,world_zone_1,Hong Kong,HK,,,0,1000.001,26.35,26.35,
royal_mail_international_ddp_tracked_medium_parcel,world_zone_1,Hong Kong,HK,,,1000,2000.001,29.40,29.40,
royal_mail_international_ddp_tracked_medium_parcel,world_zone_1,Hong Kong,HK,,,2000,3000.001,31.25,31.25,
royal_mail_international_ddp_tracked_medium_parcel,world_zone_1,Hong Kong,HK,,,3000,4000.001,39.70,39.70,
royal_mail_international_ddp_tracked_medium_parcel,world_zone_1,Hong Kong,HK,,,4000,5000.001,46.90,46.90,
royal_mail_international_ddp_tracked_medium_parcel,world_zone_1,Hong Kong,HK,,,5000,7500.001,60.35,60.35,
royal_mail_international_ddp_tracked_medium_parcel,world_zone_1,Hong Kong,HK,,,7500,10000.001,79.75,79.75,
royal_mail_international_ddp_tracked_medium_parcel,world_zone_1,Hong Kong,HK,,,10000,15000.001,105.95,105.95,
royal_mail_international_ddp_tracked_medium_parcel,world_zone_1,Hong Kong,HK,,,15000,20000.001,133.40,133.40,
royal_mail_international_ddp_tracked_medium_parcel,world_zone_1,India,IN,,,0,1000.001,25.85,25.85,
royal_mail_international_ddp_tracked_medium_parcel,world_zone_1,India,IN,,,1000,2000.001,28.80,28.80,
royal_mail_international_ddp_tracked_medium_parcel,world_zone_1,India,IN,,,2000,3000.001,32.50,32.50,
royal_mail_international_ddp_tracked_medium_parcel,world_zone_1,India,IN,,,3000,4000.001,38.60,38.60,
royal_mail_international_ddp_tracked_medium_parcel,world_zone_1,India,IN,,,4000,5000.001,49.40,49.40,
royal_mail_international_ddp_tracked_medium_parcel,world_zone_1,India,IN,,,5000,7500.001,56.55,56.55,
royal_mail_international_ddp_tracked_medium_parcel,world_zone_1,India,IN,,,7500,10000.001,69.75,69.75,
royal_mail_international_ddp_tracked_medium_parcel,world_zone_1,India,IN,,,10000,15000.001,88.00,88.00,
royal_mail_international_ddp_tracked_medium_parcel,world_zone_1,India,IN,,,15000,20000.001,109.45,109.45,
royal_mail_international_ddp_tracked_medium_parcel,world_zone_1,Japan,JP,,,0,1000.001,27.40,27.40,
royal_mail_international_ddp_tracked_medium_parcel,world_zone_1,Japan,JP,,,1000,2000.001,30.55,30.55,
royal_mail_international_ddp_tracked_medium_parcel,world_zone_1,Japan,JP,,,2000,3000.001,31.35,31.35,
royal_mail_international_ddp_tracked_medium_parcel,world_zone_1,Japan,JP,,,3000,4000.001,37.90,37.90,
royal_mail_international_ddp_tracked_medium_parcel,world_zone_1,Japan,JP,,,4000,5000.001,44.40,44.40,
royal_mail_international_ddp_tracked_medium_parcel,world_zone_1,Japan,JP,,,5000,7500.001,60.35,60.35,
royal_mail_international_ddp_tracked_medium_parcel,world_zone_1,Japan,JP,,,7500,10000.001,74.75,74.75,
royal_mail_international_ddp_tracked_medium_parcel,world_zone_1,Japan,JP,,,10000,15000.001,108.95,108.95,
royal_mail_international_ddp_tracked_medium_parcel,world_zone_1,Japan,JP,,,15000,20000.001,128.40,128.40,
royal_mail_international_ddp_tracked_medium_parcel,world_zone_1,Thailand,TH,,,0,1000.001,27.40,27.40,
royal_mail_international_ddp_tracked_medium_parcel,world_zone_1,Thailand,TH,,,1000,2000.001,30.55,30.55,
royal_mail_international_ddp_tracked_medium_parcel,world_zone_1,Thailand,TH,,,2000,3000.001,34.85,34.85,
royal_mail_international_ddp_tracked_medium_parcel,world_zone_1,Thailand,TH,,,3000,4000.001,41.75,41.75,
royal_mail_international_ddp_tracked_medium_parcel,world_zone_1,Thailand,TH,,,4000,5000.001,52.35,52.35,
royal_mail_international_ddp_tracked_medium_parcel,world_zone_1,Thailand,TH,,,5000,7500.001,70.55,70.55,
royal_mail_international_ddp_tracked_medium_parcel,world_zone_1,Thailand,TH,,,7500,10000.001,99.90,99.90,
royal_mail_international_ddp_tracked_medium_parcel,world_zone_1,Thailand,TH,,,10000,15000.001,135.70,135.70,
royal_mail_international_ddp_tracked_medium_parcel,world_zone_1,Thailand,TH,,,15000,20000.001,187.05,187.05,
royal_mail_international_ddp_tracked_medium_parcel,world_zone_1,Rest of World Zone 1,,,,0,1000.001,27.90,27.90,
royal_mail_international_ddp_tracked_medium_parcel,world_zone_1,Rest of World Zone 1,,,,1000,2000.001,31.10,31.10,
royal_mail_international_ddp_tracked_medium_parcel,world_zone_1,Rest of World Zone 1,,,,2000,3000.001,35.55,35.55,
royal_mail_international_ddp_tracked_medium_parcel,world_zone_1,Rest of World Zone 1,,,,3000,4000.001,42.55,42.55,
royal_mail_international_ddp_tracked_medium_parcel,world_zone_1,Rest of World Zone 1,,,,4000,5000.001,53.35,53.35,
royal_mail_international_ddp_tracked_medium_parcel,world_zone_1,Rest of World Zone 1,,,,5000,7500.001,71.85,71.85,
royal_mail_international_ddp_tracked_medium_parcel,world_zone_1,Rest of World Zone 1,,,,7500,10000.001,107.75,107.75,
royal_mail_international_ddp_tracked_medium_parcel,world_zone_1,Rest of World Zone 1,,,,10000,15000.001,138.20,138.20,
royal_mail_international_ddp_tracked_medium_parcel,world_zone_1,Rest of World Zone 1,,,,15000,20000.001,190.50,190.50,
royal_mail_international_ddp_tracked_medium_parcel,world_zone_2,Australia,AU,,,0,1000.001,27.50,27.50,
royal_mail_international_ddp_tracked_medium_parcel,world_zone_2,Australia,AU,,,1000,2000.001,35.10,35.10,
royal_mail_international_ddp_tracked_medium_parcel,world_zone_2,Australia,AU,,,2000,3000.001,38.85,38.85,
royal_mail_international_ddp_tracked_medium_parcel,world_zone_2,Australia,AU,,,3000,4000.001,45.50,45.50,
royal_mail_international_ddp_tracked_medium_parcel,world_zone_2,Australia,AU,,,4000,5000.001,49.50,49.50,
royal_mail_international_ddp_tracked_medium_parcel,world_zone_2,Australia,AU,,,5000,7500.001,63.95,63.95,
royal_mail_international_ddp_tracked_medium_parcel,world_zone_2,Australia,AU,,,7500,10000.001,80.30,80.30,
royal_mail_international_ddp_tracked_medium_parcel,world_zone_2,Australia,AU,,,10000,15000.001,123.40,123.40,
royal_mail_international_ddp_tracked_medium_parcel,world_zone_2,Australia,AU,,,15000,20000.001,170.00,170.00,
royal_mail_international_ddp_tracked_medium_parcel,world_zone_2,New Zealand,NZ,,,0,1000.001,27.50,27.50,
royal_mail_international_ddp_tracked_medium_parcel,world_zone_2,New Zealand,NZ,,,1000,2000.001,36.50,36.50,
royal_mail_international_ddp_tracked_medium_parcel,world_zone_2,New Zealand,NZ,,,2000,3000.001,40.40,40.40,
royal_mail_international_ddp_tracked_medium_parcel,world_zone_2,New Zealand,NZ,,,3000,4000.001,46.00,46.00,
royal_mail_international_ddp_tracked_medium_parcel,world_zone_2,New Zealand,NZ,,,4000,5000.001,55.00,55.00,
royal_mail_international_ddp_tracked_medium_parcel,world_zone_2,New Zealand,NZ,,,5000,7500.001,70.00,70.00,
royal_mail_international_ddp_tracked_medium_parcel,world_zone_2,New Zealand,NZ,,,7500,10000.001,91.20,91.20,
royal_mail_international_ddp_tracked_medium_parcel,world_zone_2,New Zealand,NZ,,,10000,15000.001,128.35,128.35,
royal_mail_international_ddp_tracked_medium_parcel,world_zone_2,New Zealand,NZ,,,15000,20000.001,177.15,177.15,
royal_mail_international_ddp_tracked_medium_parcel,world_zone_2,Rest of World Zone 2,PW:IO:CX:CC:CK:FJ:PF:TF:KI:MO:NR:NC:AQ:NU:NF:BV:PG:LA:PN:SG:SB:TK:TO:TV:AS:WS,,,0,1000.001,29.70,29.70,
royal_mail_international_ddp_tracked_medium_parcel,world_zone_2,Rest of World Zone 2,PW:IO:CX:CC:CK:FJ:PF:TF:KI:MO:NR:NC:AQ:NU:NF:BV:PG:LA:PN:SG:SB:TK:TO:TV:AS:WS,,,1000,2000.001,37.90,37.90,
royal_mail_international_ddp_tracked_medium_parcel,world_zone_2,Rest of World Zone 2,PW:IO:CX:CC:CK:FJ:PF:TF:KI:MO:NR:NC:AQ:NU:NF:BV:PG:LA:PN:SG:SB:TK:TO:TV:AS:WS,,,2000,3000.001,41.95,41.95,
royal_mail_international_ddp_tracked_medium_parcel,world_zone_2,Rest of World Zone 2,PW:IO:CX:CC:CK:FJ:PF:TF:KI:MO:NR:NC:AQ:NU:NF:BV:PG:LA:PN:SG:SB:TK:TO:TV:AS:WS,,,3000,4000.001,46.60,46.60,
royal_mail_international_ddp_tracked_medium_parcel,world_zone_2,Rest of World Zone 2,PW:IO:CX:CC:CK:FJ:PF:TF:KI:MO:NR:NC:AQ:NU:NF:BV:PG:LA:PN:SG:SB:TK:TO:TV:AS:WS,,,4000,5000.001,55.95,55.95,
royal_mail_international_ddp_tracked_medium_parcel,world_zone_2,Rest of World Zone 2,PW:IO:CX:CC:CK:FJ:PF:TF:KI:MO:NR:NC:AQ:NU:NF:BV:PG:LA:PN:SG:SB:TK:TO:TV:AS:WS,,,5000,7500.001,76.25,76.25,
royal_mail_international_ddp_tracked_medium_parcel,world_zone_2,Rest of World Zone 2,PW:IO:CX:CC:CK:FJ:PF:TF:KI:MO:NR:NC:AQ:NU:NF:BV:PG:LA:PN:SG:SB:TK:TO:TV:AS:WS,,,7500,10000.001,105.75,105.75,
royal_mail_international_ddp_tracked_medium_parcel,world_zone_2,Rest of World Zone 2,PW:IO:CX:CC:CK:FJ:PF:TF:KI:MO:NR:NC:AQ:NU:NF:BV:PG:LA:PN:SG:SB:TK:TO:TV:AS:WS,,,10000,15000.001,143.20,143.20,
royal_mail_international_ddp_tracked_medium_parcel,world_zone_2,Rest of World Zone 2,PW:IO:CX:CC:CK:FJ:PF:TF:KI:MO:NR:NC:AQ:NU:NF:BV:PG:LA:PN:SG:SB:TK:TO:TV:AS:WS,,,15000,20000.001,184.70,184.70,
royal_mail_international_ddp_standard_letter,europe_zone_1,Europe Zone 1,IE:FR:DE:DK:MC,,,0,100.001,3.60,3.60,
royal_mail_international_ddp_standard_letter,europe_zone_2,Europe Zone 2,AT:LV:PT:LT:ES:LU:BE:BG:MT:NL:HR:PL:CY:RO:CZ:SK:EE:SI:FI:GR:HU:SE:IT,,,0,100.001,3.60,3.60,
royal_mail_international_ddp_standard_letter,europe_zone_3,Europe Zone 3,AL:MD:AD:ME:AM:MK:AZ:NO:SJ:BY:RU:BA:SM:FO:RS:GE:CH:GI:TJ:GL:TR:IS:TM:KZ:UA:XK:UZ:KG:VA:LI,,,0,100.001,3.60,3.60,
royal_mail_international_ddp_standard_letter,world_zone_1,World Zone 1,,,,0,100.001,3.60,3.60,
royal_mail_international_ddp_standard_letter,world_zone_2,World Zone 2,AU:PW:IO:CX:CC:CK:FJ:PF:TF:KI:MO:NR:NC:NZ:AQ:NU:NF:BV:PG:LA:PN:SG:SB:TK:TO:TV:AS:WS,,,0,100.001,3.60,3.60,
royal_mail_international_ddp_standard_letter,world_zone_3,World Zone 3,US,,,0,100.001,3.60,3.60,
royal_mail_international_ddp_standard_large_letter,europe_zone_1,Europe Zone 1,IE:FR:DE:DK:MC,,,0,100.001,3.70,3.70,
royal_mail_international_ddp_standard_large_letter,europe_zone_1,Europe Zone 1,IE:FR:DE:DK:MC,,,100,250.001,5.35,5.35,
royal_mail_international_ddp_standard_large_letter,europe_zone_1,Europe Zone 1,IE:FR:DE:DK:MC,,,250,500.001,6.85,6.85,
royal_mail_international_ddp_standard_large_letter,europe_zone_1,Europe Zone 1,IE:FR:DE:DK:MC,,,500,750.001,10.80,10.80,
royal_mail_international_ddp_standard_large_letter,europe_zone_2,Europe Zone 2,AT:LV:PT:LT:ES:LU:BE:BG:MT:NL:HR:PL:CY:RO:CZ:SK:EE:SI:FI:GR:HU:SE:IT,,,0,100.001,3.70,3.70,
royal_mail_international_ddp_standard_large_letter,europe_zone_2,Europe Zone 2,AT:LV:PT:LT:ES:LU:BE:BG:MT:NL:HR:PL:CY:RO:CZ:SK:EE:SI:FI:GR:HU:SE:IT,,,100,250.001,5.35,5.35,
royal_mail_international_ddp_standard_large_letter,europe_zone_2,Europe Zone 2,AT:LV:PT:LT:ES:LU:BE:BG:MT:NL:HR:PL:CY:RO:CZ:SK:EE:SI:FI:GR:HU:SE:IT,,,250,500.001,6.85,6.85,
royal_mail_international_ddp_standard_large_letter,europe_zone_2,Europe Zone 2,AT:LV:PT:LT:ES:LU:BE:BG:MT:NL:HR:PL:CY:RO:CZ:SK:EE:SI:FI:GR:HU:SE:IT,,,500,750.001,10.80,10.80,
royal_mail_international_ddp_standard_large_letter,europe_zone_3,Europe Zone 3,AL:MD:AD:ME:AM:MK:AZ:NO:SJ:BY:RU:BA:SM:FO:RS:GE:CH:GI:TJ:GL:TR:IS:TM:KZ:UA:XK:UZ:KG:VA:LI,,,0,100.001,3.70,3.70,
royal_mail_international_ddp_standard_large_letter,europe_zone_3,Europe Zone 3,AL:MD:AD:ME:AM:MK:AZ:NO:SJ:BY:RU:BA:SM:FO:RS:GE:CH:GI:TJ:GL:TR:IS:TM:KZ:UA:XK:UZ:KG:VA:LI,,,100,250.001,5.35,5.35,
royal_mail_international_ddp_standard_large_letter,europe_zone_3,Europe Zone 3,AL:MD:AD:ME:AM:MK:AZ:NO:SJ:BY:RU:BA:SM:FO:RS:GE:CH:GI:TJ:GL:TR:IS:TM:KZ:UA:XK:UZ:KG:VA:LI,,,250,500.001,6.85,6.85,
royal_mail_international_ddp_standard_large_letter,europe_zone_3,Europe Zone 3,AL:MD:AD:ME:AM:MK:AZ:NO:SJ:BY:RU:BA:SM:FO:RS:GE:CH:GI:TJ:GL:TR:IS:TM:KZ:UA:XK:UZ:KG:VA:LI,,,500,750.001,10.80,10.80,
royal_mail_international_ddp_standard_large_letter,world_zone_1,World Zone 1,,,,0,100.001,4.50,4.50,
royal_mail_international_ddp_standard_large_letter,world_zone_1,World Zone 1,,,,100,250.001,7.35,7.35,
royal_mail_international_ddp_standard_large_letter,world_zone_1,World Zone 1,,,,250,500.001,10.60,10.60,
royal_mail_international_ddp_standard_large_letter,world_zone_1,World Zone 1,,,,500,750.001,14.60,14.60,
royal_mail_international_ddp_standard_large_letter,world_zone_2,World Zone 2,AU:PW:IO:CX:CC:CK:FJ:PF:TF:KI:MO:NR:NC:NZ:AQ:NU:NF:BV:PG:LA:PN:SG:SB:TK:TO:TV:AS:WS,,,0,100.001,4.50,4.50,
royal_mail_international_ddp_standard_large_letter,world_zone_2,World Zone 2,AU:PW:IO:CX:CC:CK:FJ:PF:TF:KI:MO:NR:NC:NZ:AQ:NU:NF:BV:PG:LA:PN:SG:SB:TK:TO:TV:AS:WS,,,100,250.001,8.75,8.75,
royal_mail_international_ddp_standard_large_letter,world_zone_2,World Zone 2,AU:PW:IO:CX:CC:CK:FJ:PF:TF:KI:MO:NR:NC:NZ:AQ:NU:NF:BV:PG:LA:PN:SG:SB:TK:TO:TV:AS:WS,,,250,500.001,13.05,13.05,
royal_mail_international_ddp_standard_large_letter,world_zone_2,World Zone 2,AU:PW:IO:CX:CC:CK:FJ:PF:TF:KI:MO:NR:NC:NZ:AQ:NU:NF:BV:PG:LA:PN:SG:SB:TK:TO:TV:AS:WS,,,500,750.001,16.40,16.40,
royal_mail_international_ddp_standard_large_letter,world_zone_3,World Zone 3,US,,,0,100.001,4.50,4.50,
royal_mail_international_ddp_standard_large_letter,world_zone_3,World Zone 3,US,,,100,250.001,7.65,7.65,
royal_mail_international_ddp_standard_large_letter,world_zone_3,World Zone 3,US,,,250,500.001,11.35,11.35,
royal_mail_international_ddp_standard_large_letter,world_zone_3,World Zone 3,US,,,500,750.001,17.20,17.20,
royal_mail_international_ddp_standard_small_parcel,europe_zone_1,Europe Zone 1,IE:FR:DE:DK:MC,,,0,100.001,6.60,6.60,
royal_mail_international_ddp_standard_small_parcel,europe_zone_1,Europe Zone 1,IE:FR:DE:DK:MC,,,100,250.001,6.60,6.60,
royal_mail_international_ddp_standard_small_parcel,europe_zone_1,Europe Zone 1,IE:FR:DE:DK:MC,,,250,500.001,8.80,8.80,
royal_mail_international_ddp_standard_small_parcel,europe_zone_1,Europe Zone 1,IE:FR:DE:DK:MC,,,500,750.001,10.25,10.25,
royal_mail_international_ddp_standard_small_parcel,europe_zone_1,Europe Zone 1,IE:FR:DE:DK:MC,,,750,1000.001,10.95,10.95,
royal_mail_international_ddp_standard_small_parcel,europe_zone_1,Europe Zone 1,IE:FR:DE:DK:MC,,,1000,1250.001,11.80,11.80,
royal_mail_international_ddp_standard_small_parcel,europe_zone_1,Europe Zone 1,IE:FR:DE:DK:MC,,,1250,1500.001,11.80,11.80,
royal_mail_international_ddp_standard_small_parcel,europe_zone_1,Europe Zone 1,IE:FR:DE:DK:MC,,,1500,2000.001,12.00,12.00,
royal_mail_international_ddp_standard_small_parcel,europe_zone_2,Europe Zone 2,AT:LV:PT:LT:ES:LU:BE:BG:MT:NL:HR:PL:CY:RO:CZ:SK:EE:SI:FI:GR:HU:SE:IT,,,0,100.001,7.20,7.20,
royal_mail_international_ddp_standard_small_parcel,europe_zone_2,Europe Zone 2,AT:LV:PT:LT:ES:LU:BE:BG:MT:NL:HR:PL:CY:RO:CZ:SK:EE:SI:FI:GR:HU:SE:IT,,,100,250.001,7.20,7.20,
royal_mail_international_ddp_standard_small_parcel,europe_zone_2,Europe Zone 2,AT:LV:PT:LT:ES:LU:BE:BG:MT:NL:HR:PL:CY:RO:CZ:SK:EE:SI:FI:GR:HU:SE:IT,,,250,500.001,9.70,9.70,
royal_mail_international_ddp_standard_small_parcel,europe_zone_2,Europe Zone 2,AT:LV:PT:LT:ES:LU:BE:BG:MT:NL:HR:PL:CY:RO:CZ:SK:EE:SI:FI:GR:HU:SE:IT,,,500,750.001,11.35,11.35,
royal_mail_international_ddp_standard_small_parcel,europe_zone_2,Europe Zone 2,AT:LV:PT:LT:ES:LU:BE:BG:MT:NL:HR:PL:CY:RO:CZ:SK:EE:SI:FI:GR:HU:SE:IT,,,750,1000.001,12.10,12.10,
royal_mail_international_ddp_standard_small_parcel,europe_zone_2,Europe Zone 2,AT:LV:PT:LT:ES:LU:BE:BG:MT:NL:HR:PL:CY:RO:CZ:SK:EE:SI:FI:GR:HU:SE:IT,,,1000,1250.001,12.45,12.45,
royal_mail_international_ddp_standard_small_parcel,europe_zone_2,Europe Zone 2,AT:LV:PT:LT:ES:LU:BE:BG:MT:NL:HR:PL:CY:RO:CZ:SK:EE:SI:FI:GR:HU:SE:IT,,,1250,1500.001,12.45,12.45,
royal_mail_international_ddp_standard_small_parcel,europe_zone_2,Europe Zone 2,AT:LV:PT:LT:ES:LU:BE:BG:MT:NL:HR:PL:CY:RO:CZ:SK:EE:SI:FI:GR:HU:SE:IT,,,1500,2000.001,13.15,13.15,
royal_mail_international_ddp_standard_small_parcel,europe_zone_3,Europe Zone 3,AL:MD:AD:ME:AM:MK:AZ:NO:SJ:BY:RU:BA:SM:FO:RS:GE:CH:GI:TJ:GL:TR:IS:TM:KZ:UA:XK:UZ:KG:VA:LI,,,0,100.001,7.95,7.95,
royal_mail_international_ddp_standard_small_parcel,europe_zone_3,Europe Zone 3,AL:MD:AD:ME:AM:MK:AZ:NO:SJ:BY:RU:BA:SM:FO:RS:GE:CH:GI:TJ:GL:TR:IS:TM:KZ:UA:XK:UZ:KG:VA:LI,,,100,250.001,7.95,7.95,
royal_mail_international_ddp_standard_small_parcel,europe_zone_3,Europe Zone 3,AL:MD:AD:ME:AM:MK:AZ:NO:SJ:BY:RU:BA:SM:FO:RS:GE:CH:GI:TJ:GL:TR:IS:TM:KZ:UA:XK:UZ:KG:VA:LI,,,250,500.001,10.95,10.95,
royal_mail_international_ddp_standard_small_parcel,europe_zone_3,Europe Zone 3,AL:MD:AD:ME:AM:MK:AZ:NO:SJ:BY:RU:BA:SM:FO:RS:GE:CH:GI:TJ:GL:TR:IS:TM:KZ:UA:XK:UZ:KG:VA:LI,,,500,750.001,13.10,13.10,
royal_mail_international_ddp_standard_small_parcel,europe_zone_3,Europe Zone 3,AL:MD:AD:ME:AM:MK:AZ:NO:SJ:BY:RU:BA:SM:FO:RS:GE:CH:GI:TJ:GL:TR:IS:TM:KZ:UA:XK:UZ:KG:VA:LI,,,750,1000.001,15.15,15.15,
royal_mail_international_ddp_standard_small_parcel,europe_zone_3,Europe Zone 3,AL:MD:AD:ME:AM:MK:AZ:NO:SJ:BY:RU:BA:SM:FO:RS:GE:CH:GI:TJ:GL:TR:IS:TM:KZ:UA:XK:UZ:KG:VA:LI,,,1000,1250.001,16.75,16.75,
royal_mail_international_ddp_standard_small_parcel,europe_zone_3,Europe Zone 3,AL:MD:AD:ME:AM:MK:AZ:NO:SJ:BY:RU:BA:SM:FO:RS:GE:CH:GI:TJ:GL:TR:IS:TM:KZ:UA:XK:UZ:KG:VA:LI,,,1250,1500.001,17.95,17.95,
royal_mail_international_ddp_standard_small_parcel,europe_zone_3,Europe Zone 3,AL:MD:AD:ME:AM:MK:AZ:NO:SJ:BY:RU:BA:SM:FO:RS:GE:CH:GI:TJ:GL:TR:IS:TM:KZ:UA:XK:UZ:KG:VA:LI,,,1500,2000.001,18.45,18.45,
royal_mail_international_ddp_standard_small_parcel,world_zone_1,World Zone 1,,,,0,100.001,9.70,9.70,
royal_mail_international_ddp_standard_small_parcel,world_zone_1,World Zone 1,,,,100,250.001,9.70,9.70,
royal_mail_international_ddp_standard_small_parcel,world_zone_1,World Zone 1,,,,250,500.001,15.75,15.75,
royal_mail_international_ddp_standard_small_parcel,world_zone_1,World Zone 1,,,,500,750.001,19.45,19.45,
royal_mail_international_ddp_standard_small_parcel,world_zone_1,World Zone 1,,,,750,1000.001,23.00,23.00,
royal_mail_international_ddp_standard_small_parcel,world_zone_1,World Zone 1,,,,1000,1250.001,25.65,25.65,
royal_mail_international_ddp_standard_small_parcel,world_zone_1,World Zone 1,,,,1250,1500.001,28.00,28.00,
royal_mail_international_ddp_standard_small_parcel,world_zone_1,World Zone 1,,,,1500,2000.001,29.45,29.45,
royal_mail_international_ddp_standard_small_parcel,world_zone_2,World Zone 2,AU:PW:IO:CX:CC:CK:FJ:PF:TF:KI:MO:NR:NC:NZ:AQ:NU:NF:BV:PG:LA:PN:SG:SB:TK:TO:TV:AS:WS,,,0,100.001,10.80,10.80,
royal_mail_international_ddp_standard_small_parcel,world_zone_2,World Zone 2,AU:PW:IO:CX:CC:CK:FJ:PF:TF:KI:MO:NR:NC:NZ:AQ:NU:NF:BV:PG:LA:PN:SG:SB:TK:TO:TV:AS:WS,,,100,250.001,10.80,10.80,
royal_mail_international_ddp_standard_small_parcel,world_zone_2,World Zone 2,AU:PW:IO:CX:CC:CK:FJ:PF:TF:KI:MO:NR:NC:NZ:AQ:NU:NF:BV:PG:LA:PN:SG:SB:TK:TO:TV:AS:WS,,,250,500.001,17.75,17.75,
royal_mail_international_ddp_standard_small_parcel,world_zone_2,World Zone 2,AU:PW:IO:CX:CC:CK:FJ:PF:TF:KI:MO:NR:NC:NZ:AQ:NU:NF:BV:PG:LA:PN:SG:SB:TK:TO:TV:AS:WS,,,500,750.001,21.85,21.85,
royal_mail_international_ddp_standard_small_parcel,world_zone_2,World Zone 2,AU:PW:IO:CX:CC:CK:FJ:PF:TF:KI:MO:NR:NC:NZ:AQ:NU:NF:BV:PG:LA:PN:SG:SB:TK:TO:TV:AS:WS,,,750,1000.001,26.20,26.20,
royal_mail_international_ddp_standard_small_parcel,world_zone_2,World Zone 2,AU:PW:IO:CX:CC:CK:FJ:PF:TF:KI:MO:NR:NC:NZ:AQ:NU:NF:BV:PG:LA:PN:SG:SB:TK:TO:TV:AS:WS,,,1000,1250.001,30.20,30.20,
royal_mail_international_ddp_standard_small_parcel,world_zone_2,World Zone 2,AU:PW:IO:CX:CC:CK:FJ:PF:TF:KI:MO:NR:NC:NZ:AQ:NU:NF:BV:PG:LA:PN:SG:SB:TK:TO:TV:AS:WS,,,1250,1500.001,34.25,34.25,
royal_mail_international_ddp_standard_small_parcel,world_zone_2,World Zone 2,AU:PW:IO:CX:CC:CK:FJ:PF:TF:KI:MO:NR:NC:NZ:AQ:NU:NF:BV:PG:LA:PN:SG:SB:TK:TO:TV:AS:WS,,,1500,2000.001,36.45,36.45,
royal_mail_international_ddp_standard_small_parcel,world_zone_3,World Zone 3,US,,,0,100.001,13.50,13.50,
royal_mail_international_ddp_standard_small_parcel,world_zone_3,World Zone 3,US,,,100,250.001,13.50,13.50,
royal_mail_international_ddp_standard_small_parcel,world_zone_3,World Zone 3,US,,,250,500.001,19.40,19.40,
royal_mail_international_ddp_standard_small_parcel,world_zone_3,World Zone 3,US,,,500,750.001,22.90,22.90,
royal_mail_international_ddp_standard_small_parcel,world_zone_3,World Zone 3,US,,,750,1000.001,26.30,26.30,
royal_mail_international_ddp_standard_small_parcel,world_zone_3,World Zone 3,US,,,1000,1250.001,30.75,30.75,
royal_mail_international_ddp_standard_small_parcel,world_zone_3,World Zone 3,US,,,1250,1500.001,34.95,34.95,
royal_mail_international_ddp_standard_small_parcel,world_zone_3,World Zone 3,US,,,1500,2000.001,36.50,36.50,
