service_code,service_name,carrier_service_code,service_register_code,features,zone_label,country_codes,min_weight,max_weight,zone_min_weight,zone_max_weight,max_length,max_width,max_height,rate,cost,zone_id,postal_codes,cities,active,currency,weight_unit,dimension_unit,transit_days,domicile,international,included_compensation,package_format_identifier,notes,meta_source_url,meta_effective_date,veryfy price,fuel_energy_surcharge_percentage,green_surcharge_amount,peak_surcharge_amount,peak_surcharge_start_date,peak_surcharge_end_date,signature_surcharge_amount,age_verification_surcharge_amount,id_verification_surcharge_amount,signature_surcharge_letter_amount,signature_surcharge_large_letter_amount,signature_surcharge_parcel_amount
royal_mail_first_class_letter,Royal Mail 1st Class (01),BPL1,01,b2c:b2b,Domestic,GB,0.001,100,,,165,240,5,1.8,1.8,gb_domestic,,,True,GBP,G,MM,1,True,False,20.0,,Account from-rate from April 2026 guide.,https://www.royalmail.com/sites/royalmail.com/files/2026-03/business-price-guide-april-2026-v3-ta.pdf,2026-04-07,,,,,,,2.00,,,,,
royal_mail_second_class_letter,Royal Mail 2nd Class (01),BPL2,01,b2c:b2b,Domestic,GB,0.001,100,,,165,240,5,0.91,0.91,gb_domestic,,,True,GBP,G,MM,2,True,False,20.0,,Account from-rate from April 2026 guide.,https://www.royalmail.com/sites/royalmail.com/files/2026-03/business-price-guide-april-2026-v3-ta.pdf,2026-04-07,,,,,,,2.00,,,,,
royal_mail_first_class_signed_letter,Royal Mail 1st Class Signed For (01),BPR1,01,signature:b2c:b2b,Domestic,GB,0.001,100,,,165,240,5,3.8,3.8,gb_domestic,,,True,GBP,G,MM,1,True,False,20.0,,Account from-rate from April 2026 guide.,https://www.royalmail.com/sites/royalmail.com/files/2026-03/business-price-guide-april-2026-v3-ta.pdf,2026-04-07,,,,,,,,,,,,
royal_mail_second_class_signed_letter,Royal Mail 2nd Class Signed For (01),BPR2,01,signature:b2c:b2b,Domestic,GB,0.001,100,,,165,240,5,2.91,2.91,gb_domestic,,,True,GBP,G,MM,2,True,False,20.0,,Account from-rate from April 2026 guide.,https://www.royalmail.com/sites/royalmail.com/files/2026-03/business-price-guide-april-2026-v3-ta.pdf,2026-04-07,,,,,,,,,,,,
royal_mail_international_tracked_heavy_weight_premium,International Tracked Heavy Weight Premium (01 / Y5013288),BYD,01,tracked:b2c:b2b,International,,0.001,20000,,,,,,,,intl_generic,,,False,GBP,G,MM,,False,True,,,Cost Unknown,https://www.royalmail.com/sites/royalmail.com/files/2026-03/business-price-guide-april-2026-v3-ta.pdf,2026-04-07,,12,,,,,,,,,,
royal_mail_international_tracked_heavy_weight_premium_extra_compensation,International Tracked Heavy Weight Premium Extra Compensation (01 / Y5013288),BYH,01,tracked:b2c:b2b:Insurance,International,,0.001,20000,,,,,,,,intl_generic,,,False,GBP,G,MM,,False,True,,,Cost Unknown,https://www.royalmail.com/sites/royalmail.com/files/2026-03/business-price-guide-april-2026-v3-ta.pdf,2026-04-07,,12,,,,,,,,,,
royal_mail_24_LargeLetter,Royal Mail 24 (01 / 214655C1),CRL24,01,tracked:b2c:b2b,Domestic,GB,0.001,750,,,250,353,25,2.45,2.45,gb_domestic,,,True,GBP,G,MM,1,True,False,,largeLetter,Account Large Letter 100g from-rate; optional signature add-on applies.,https://www.royalmail.com/sites/royalmail.com/files/2026-03/business-price-guide-april-2026-v3-ta.pdf,2026-04-07,,16,0.05,0.07,2026-11-17,2027-01-09,2.00,,,,,
royal_mail_24_Small_Parcel,Royal Mail 24 Small Parcel (01 / 214655C2),CRL24,02,tracked:b2c:b2b,Domestic,GB,0.001,2000,,,350,450,160,5.75,5.75,gb_domestic,,,False,GBP,G,MM,1,True,False,,smallParcel,Account Small Parcel from-rate; optional signature add-on applies.,https://www.royalmail.com/sites/royalmail.com/files/2026-03/business-price-guide-april-2026-v3-ta.pdf,2026-04-07,,16,0.05,0.12,2026-11-17,2027-01-09,2.00,,,,,
royal_mail_24_Medium_Parcel,Royal Mail 24 Medium Parcel (01 / 214655C2),CRL24,02,tracked:b2c:b2b,Domestic,GB,0.001,20000,,,460,610,460,16.45,16.45,gb_domestic,,,False,GBP,G,MM,1,True,False,,,Account Medium Parcel from-rate; optional signature add-on applies.,https://www.royalmail.com/sites/royalmail.com/files/2026-03/business-price-guide-april-2026-v3-ta.pdf,2026-04-07,,16,0.05,0.12,2026-11-17,2027-01-09,2.00,,,,,
royal_mail_48_LargeLetter,Royal Mail 48 (01 / 214655C1),CRL48,01,tracked:b2c:b2b,Domestic,GB,0.001,750,,,250,353,25,1.75,1.75,gb_domestic,,,False,GBP,G,MM,2,True,False,,largeLetter,Account Large Letter 100g from-rate; optional signature add-on applies.,https://www.royalmail.com/sites/royalmail.com/files/2026-03/business-price-guide-april-2026-v3-ta.pdf,2026-04-07,,16,0.05,0.07,2026-11-17,2027-01-09,2.00,,,,,
royal_mail_48_Small_Parcel,Royal Mail 48 (01 / 214655C2),CRL48,02,tracked:b2c:b2b,Domestic,GB,0.001,2000,,,350,450,160,4.15,4.15,gb_domestic,,,False,GBP,G,MM,2,True,False,,smallParcel,Account Large Letter 100g from-rate; optional signature add-on applies.,https://www.royalmail.com/sites/royalmail.com/files/2026-03/business-price-guide-april-2026-v3-ta.pdf,2026-04-07,,16,0.05,0.12,2026-11-17,2027-01-09,2.00,,,,,
royal_mail_International_Business_Parcel_Zero_Sort_Low_Volume_Priority,International Business Parcel Zero Sort Low Volume Priority (01 / X1006082),DE4,01,b2c:b2b,International,,0.001,30000,,,,,,,,intl_generic,,,False,GBP,G,MM,,False,True,,,Cost Unknown,https://www.royalmail.com/sites/royalmail.com/files/2026-03/business-price-guide-april-2026-v3-ta.pdf,2026-04-07,,12,0.05,0.12,2026-11-17,2027-01-09,,,,,,
royal_mail_International_Business_Parcel_Untracked_DDP,International Business Parcel Untracked DDP (01 / X1006082),DE6,01,b2c:b2b:ddp,International,,0.001,30000,,,,,,,,intl_generic,,,False,GBP,G,MM,,False,True,,,Cost Unknown,https://www.royalmail.com/sites/royalmail.com/files/2026-03/business-price-guide-april-2026-v3-ta.pdf,2026-04-07,,12,0.05,0.12,2026-11-17,2027-01-09,,,,,,
royal_mail_International_Business_Mail_Large_Letter_Country_Sort_Low_Volume_Priority,International Business Mail Large Letter Country Sort Low Volume Priority (01 / X1006082),DG4,01,b2c:b2b,International,,0.001,30000,,,,,,,,intl_generic,,,False,GBP,G,MM,,False,True,,,Cost Unknown,https://www.royalmail.com/sites/royalmail.com/files/2026-03/business-price-guide-april-2026-v3-ta.pdf,2026-04-07,,12,0.05,0.07,2026-11-17,2027-01-09,,,,,,
royal_mail_International_Business_Mail_Untracked_Country_Priced,International Business Mail Untracked Country Priced (01 / X1006082),DP3,01,b2c:b2b:Insurance,Europe,,0.001,30000,,,,,,,,intl_generic,,,False,GBP,G,MM,,False,True,,,Cost Unknown,https://www.royalmail.com/sites/royalmail.com/files/2026-03/business-price-guide-april-2026-v3-ta.pdf,2026-04-07,,12,0.05,,,,,,,,,
parcel_force_europe_insured_150,globalpriority Europe Comp 1 (01 / Y5013288),EC1,01,b2b:email_notifications:sms_notifications:signature,Europe,,0.001,30000,,,1500,1500,1500,,,intl_europe,,,False,GBP,G,MM,,False,True,,,Cost Unknown,https://www.royalmail.com/sites/royalmail.com/files/2026-03/business-price-guide-april-2026-v3-ta.pdf,2026-04-07,,12,0.05,0.20,2026-11-17,2027-01-09,,,,,,
parcel_force_europe_insured_750,globalpriority Europe Comp 2 (01 / Y5013288),EC2,01,b2c:email_notifications:b2b:Insurance:signature,Europe,,0.001,30000,,,1500,1500,1500,,,intl_europe,,,False,GBP,G,MM,,False,True,,,Cost Unknown,https://www.royalmail.com/sites/royalmail.com/files/2026-03/business-price-guide-april-2026-v3-ta.pdf,2026-04-07,,12,0.05,0.20,2026-11-17,2027-01-09,,,,,,
parcel_force_europe_insured_2500,globalpriority Europe Comp 3 (01 / Y5013288),EC3,01,b2c:email_notifications:b2b:Insurance:signature,Europe,,0.001,30000,,,1500,1500,1500,,,intl_europe,,,False,GBP,G,MM,,False,True,,,Cost Unknown,https://www.royalmail.com/sites/royalmail.com/files/2026-03/business-price-guide-april-2026-v3-ta.pdf,2026-04-07,,12,0.05,0.20,2026-11-17,2027-01-09,,,,,,
parcel_force_europe,globalpriority Europe (01 / Y5013288),ECA,01,b2c:email_notifications:b2b:signature,Europe,,0.001,30000,,,1500,1500,1500,,,intl_europe,,,False,GBP,G,MM,5,False,True,,,Cost Unknown,https://www.royalmail.com/sites/royalmail.com/files/2026-03/business-price-guide-april-2026-v3-ta.pdf,2026-04-07,,12,0.05,0.20,2026-11-17,2027-01-09,,,,,,
parcel_force_europriority_dtp_ioss_insured_150,europriority DTP IOSS Comp 1 (01 / Y5013288),ER1,01,b2c:email_notifications:b2b:ioss:Insurance:signature,Europe,,0.001,30000,,,1500,1500,1500,,,intl_europe,,,False,GBP,G,MM,,False,True,,,Cost Unknown,https://www.royalmail.com/sites/royalmail.com/files/2026-03/business-price-guide-april-2026-v3-ta.pdf,2026-04-07,,12,0.05,0.20,2026-11-17,2027-01-09,,,,,,
parcel_force_europriority_dtp_ioss_insured_750,europriority DTP IOSS Comp 2 (01 / Y5013288),ER2,01,b2c:email_notifications:b2b:ioss:Insurance:signature,Europe,,0.001,30000,,,1500,1500,1500,,,intl_europe,,,False,GBP,G,MM,,False,True,,,Cost Unknown,https://www.royalmail.com/sites/royalmail.com/files/2026-03/business-price-guide-april-2026-v3-ta.pdf,2026-04-07,,12,0.05,0.20,2026-11-17,2027-01-09,,,,,,
parcel_force_europriority_dtp_ioss_insured_2500,europriority DTP IOSS Comp 3 (01 / Y5013288),ER3,01,b2c:email_notifications:b2b:ioss:Insurance:signature,Europe,,0.001,30000,,,1500,1500,1500,,,intl_europe,,,False,GBP,G,MM,,False,True,,,Cost Unknown,https://www.royalmail.com/sites/royalmail.com/files/2026-03/business-price-guide-april-2026-v3-ta.pdf,2026-04-07,,12,0.05,0.20,2026-11-17,2027-01-09,,,,,,
parcel_force_europriority_dtp_ioss,europriority DTP IOSS (01 / Y5013288),ERA,01,b2c:email_notifications:b2b:ioss:signature,Europe,,0.001,30000,,,1500,1500,1500,,,intl_europe,,,False,GBP,G,MM,,False,True,,,Cost Unknown,https://www.royalmail.com/sites/royalmail.com/files/2026-03/business-price-guide-april-2026-v3-ta.pdf,2026-04-07,,12,0.05,0.20,2026-11-17,2027-01-09,,,,,,
parcel_force_globalpriority_insured_100,globalpriority ROW Comp 1 (01 / Y5013288),GP1,01,b2c:email_notifications:b2b:Insurance:signature,International,,0.001,30000,,,1500,1500,1500,,,intl_row,,,False,GBP,G,MM,,False,True,0,,Cost Unknown,https://www.royalmail.com/sites/royalmail.com/files/2026-03/business-price-guide-april-2026-v3-ta.pdf,2026-04-07,,12,0.05,0.20,2026-11-17,2027-01-09,,,,,,
parcel_force_globalpriority_insured_750,globalpriority ROW Comp 2 (01 / Y5013288),GP2,01,b2c:email_notifications:b2b:Insurance:signature,International,,0.001,30000,,,1500,1500,1500,,,intl_row,,,False,GBP,G,MM,,False,True,100,,Cost Unknown,https://www.royalmail.com/sites/royalmail.com/files/2026-03/business-price-guide-april-2026-v3-ta.pdf,2026-04-07,,12,0.05,0.20,2026-11-17,2027-01-09,,,,,,
parcel_force_globalpriority_insured_2500,globalpriority ROW Comp 3 (01 / Y5013288),GP3,01,b2c:email_notifications:b2b:Insurance:signature,International,,0.001,30000,,,1500,1500,1500,,,intl_row,,,False,GBP,G,MM,,False,True,750,,Cost Unknown,https://www.royalmail.com/sites/royalmail.com/files/2026-03/business-price-guide-april-2026-v3-ta.pdf,2026-04-07,,12,0.05,0.20,2026-11-17,2027-01-09,,,,,,
parcel_force_globalpriority_row,globalpriority ROW (01 / Y5013288),GPA,01,b2c:email_notifications:b2b:signature,International,,0.001,30000,,,1500,1500,1500,,,intl_row,,,False,GBP,G,MM,5,False,True,2500,,Cost Unknown,https://www.royalmail.com/sites/royalmail.com/files/2026-03/business-price-guide-april-2026-v3-ta.pdf,2026-04-07,,12,0.05,0.20,2026-11-17,2027-01-09,,,,,,
parcel_force_express_am,expressAM (01 / 915178FE),FEE,01,tracked:express:b2c:email_notifications:b2b:signature,Domestic,GB,0.001,30000,,,1500,1500,1500,7.44,7.44,gb_domestic_parcelforce,,,False,GBP,G,MM,1,True,False,0,,Account from-rate from April 2026 guide.,https://www.royalmail.com/sites/royalmail.com/files/2026-03/business-price-guide-april-2026-v3-ta.pdf,2026-04-07,,13,0.05,0.20,2026-11-17,2027-01-09,0.70,2.40,,,,
parcel_force_express_am_insured_200,expressAM Comp 1 (01 / 915178FF),FEF,01,tracked:express:b2c:email_notifications:b2b:Insurance:signature,Domestic,GB,0.001,30000,,,1500,1500,1500,,,gb_domestic_parcelforce,,,False,GBP,G,MM,1,True,False,150,,Cost Unknown,https://www.royalmail.com/sites/royalmail.com/files/2026-03/business-price-guide-april-2026-v3-ta.pdf,2026-04-07,,13,0.05,0.20,2026-11-17,2027-01-09,0.70,2.40,,,,
parcel_force_express_am_insured_750,expressAM Comp 2 (01 / 915178FG),FEG,01,tracked:express:b2c:email_notifications:b2b:Insurance:signature,Domestic,GB,0.001,30000,,,1500,1500,1500,,,gb_domestic_parcelforce,,,False,GBP,G,MM,1,True,False,750,,Cost Unknown,https://www.royalmail.com/sites/royalmail.com/files/2026-03/business-price-guide-april-2026-v3-ta.pdf,2026-04-07,,13,0.05,0.20,2026-11-17,2027-01-09,0.70,2.40,,,,
parcel_force_express_am_insured_2500,expressAM Comp 3 (01 / 915178FL),FEL,01,tracked:express:b2c:email_notifications:b2b:Insurance:signature,Domestic,GB,0.001,30000,,,1500,1500,1500,,,gb_domestic_parcelforce,,,False,GBP,G,MM,1,True,False,2500,,Cost Unknown,https://www.royalmail.com/sites/royalmail.com/files/2026-03/business-price-guide-april-2026-v3-ta.pdf,2026-04-07,,13,0.05,0.20,2026-11-17,2027-01-09,0.70,2.40,,,,
parcel_force_express_24,express24 (01 / 915178NA),NDA,01,tracked:b2c:email_notifications:b2b:signature,Domestic,GB,0.001,30000,,,1500,1500,1500,5.28,5.28,gb_domestic_parcelforce,,,True,GBP,G,MM,1,True,False,0,,Account from-rate from April 2026 guide.,https://www.royalmail.com/sites/royalmail.com/files/2026-03/business-price-guide-april-2026-v3-ta.pdf,2026-04-07,,13,0.05,0.20,2026-11-17,2027-01-09,0.70,2.40,,,,
parcel_force_express_24_insured_150,express24 Comp 1 (01 / 915178NB),NDB,01,tracked:b2c:email_notifications:b2b:Insurance:signature,Domestic,GB,0.001,30000,,,1500,1500,1500,10.28,10.28,gb_domestic_parcelforce,,,True,GBP,G,MM,1,True,False,150,,Account from-rate from April 2026 guide.,https://www.royalmail.com/sites/royalmail.com/files/2026-03/business-price-guide-april-2026-v3-ta.pdf,2026-04-07,,13,0.05,0.20,2026-11-17,2027-01-09,0.70,2.40,,,,
parcel_force_express_24_insured_750,express24 Comp 2 (01 / 915178NC),NDC,01,tracked:b2c:email_notifications:b2b:Insurance:signature,Domestic,GB,0.001,30000,,,1500,1500,1500,,,gb_domestic_parcelforce,,,False,GBP,G,MM,1,True,False,750,,Cost Unknown,https://www.royalmail.com/sites/royalmail.com/files/2026-03/business-price-guide-april-2026-v3-ta.pdf,2026-04-07,,13,0.05,0.20,2026-11-17,2027-01-09,0.70,2.40,,,,
parcel_force_express_24_insured_2500,express24 Comp 3 (01 / 915178NE),NDE,01,tracked:b2c:email_notifications:b2b:Insurance:signature,Domestic,GB,0.001,30000,,,1500,1500,1500,28.11,28.11,gb_domestic_parcelforce,,,True,GBP,G,MM,1,True,False,2500,,Account from-rate from April 2026 guide.,https://www.royalmail.com/sites/royalmail.com/files/2026-03/business-price-guide-april-2026-v3-ta.pdf,2026-04-07,,13,0.05,0.20,2026-11-17,2027-01-09,0.70,2.40,,,,
parcel_force_express24_returns,express24 Returns (01 / 915178R0),RT0,01,return:tracked:signature,Domestic,GB,0.001,30000,,,1500,1500,1500,5.29,5.29,gb_domestic_returns,,,False,GBP,G,MM,1,True,False,0,,Account from-rate from April 2026 guide.,https://www.royalmail.com/sites/royalmail.com/files/2026-03/business-price-guide-april-2026-v3-ta.pdf,2026-04-07,,13,0.05,0.20,2026-11-17,2027-01-09,,,,,,
parcel_force_express24_returns_insured_150,express24 Returns Comp 1 (01 / 915178R1),RT1,01,return:tracked:Insurance:signature,Domestic,GB,0.001,30000,,,1500,1500,1500,,,gb_domestic_returns,,,False,GBP,G,MM,1,True,False,150,,Cost Unknown,https://www.royalmail.com/sites/royalmail.com/files/2026-03/business-price-guide-april-2026-v3-ta.pdf,2026-04-07,,13,0.05,0.20,2026-11-17,2027-01-09,,,,,,
parcel_force_express24_returns_insured_750,express24 Returns Comp 2 (01 / 915178R2),RT2,01,return:tracked:Insurance:signature,Domestic,GB,0.001,30000,,,1500,1500,1500,,,gb_domestic_returns,,,False,GBP,G,MM,1,True,False,750,,Cost Unknown,https://www.royalmail.com/sites/royalmail.com/files/2026-03/business-price-guide-april-2026-v3-ta.pdf,2026-04-07,,13,0.05,0.20,2026-11-17,2027-01-09,,,,,,
parcel_force_express24_returns_insured_2500,express24 Returns Comp 3 (01 / 915178R3),RT3,01,return:tracked:Insurance:signature,Domestic,GB,0.001,30000,,,1500,1500,1500,,,gb_domestic_returns,,,False,GBP,G,MM,1,True,False,2500,,Cost Unknown,https://www.royalmail.com/sites/royalmail.com/files/2026-03/business-price-guide-april-2026-v3-ta.pdf,2026-04-07,,13,0.05,0.20,2026-11-17,2027-01-09,,,,,,
parcel_force_express_48,express48 (01 / 915178F0),FE0,01,tracked:b2c:email_notifications:b2b:signature,Domestic,GB,0.001,30000,,,1500,1500,1500,12.20,12.20,gb_domestic_parcelforce,,,False,GBP,G,MM,2,True,False,0,,Account from-rate from April 2026 guide.,https://www.royalmail.com/sites/royalmail.com/files/2026-03/business-price-guide-april-2026-v3-ta.pdf,2026-04-07,,13,0.05,0.20,2026-11-17,2027-01-09,0.70,2.40,,,,
parcel_force_express_48_insured_150,express48 Comp 1 (01 / 915178F1),FE1,01,tracked:b2c:email_notifications:b2b:Insurance:signature,Domestic,GB,0.001,30000,,,1500,1500,1500,,,gb_domestic_parcelforce,,,False,GBP,G,MM,2,True,False,150,,Cost Unknown,https://www.royalmail.com/sites/royalmail.com/files/2026-03/business-price-guide-april-2026-v3-ta.pdf,2026-04-07,,13,0.05,0.20,2026-11-17,2027-01-09,0.70,2.40,,,,
parcel_force_express_48_insured_750,express48 Comp 2 (01 / 915178F2),FE2,01,tracked:b2c:email_notifications:b2b:Insurance:signature,Domestic,GB,0.001,30000,,,1500,1500,1500,,,gb_domestic_parcelforce,,,False,GBP,G,MM,2,True,False,750,,Cost Unknown,https://www.royalmail.com/sites/royalmail.com/files/2026-03/business-price-guide-april-2026-v3-ta.pdf,2026-04-07,,13,0.05,0.20,2026-11-17,2027-01-09,0.70,2.40,,,,
parcel_force_express_48_insured_2500,express48 Comp 3 (01 / 915178F3),FE3,01,tracked:b2c:email_notifications:b2b:Insurance:signature,Domestic,GB,0.001,30000,,,1500,1500,1500,,,gb_domestic_parcelforce,,,False,GBP,G,MM,2,True,False,2500,,Cost Unknown,https://www.royalmail.com/sites/royalmail.com/files/2026-03/business-price-guide-april-2026-v3-ta.pdf,2026-04-07,,13,0.05,0.20,2026-11-17,2027-01-09,0.70,2.40,,,,
parcel_force_express_48_large,express48 Large (01 / 915178FM),FEM,01,tracked:b2c:email_notifications:b2b:signature,Domestic,GB,0.001,30000,,,2500,2500,2500,10.6,10.6,gb_domestic_parcelforce,,,True,GBP,G,MM,2,True,False,0,,Account from-rate from April 2026 guide.,https://www.royalmail.com/sites/royalmail.com/files/2026-03/business-price-guide-april-2026-v3-ta.pdf,2026-04-07,,13,0.05,4.50,2026-11-17,2027-01-09,0.70,,,,,
parcel_force_express_48_large_insured_150,express48 Large Comp 1 (01 / 915178FN),FEN,01,tracked:b2c:email_notifications:b2b:Insurance:signature,Domestic,GB,0.001,30000,,,2500,2500,2500,,,gb_domestic_parcelforce,,,False,GBP,G,MM,2,True,False,150,,Cost Unknown,https://www.royalmail.com/sites/royalmail.com/files/2026-03/business-price-guide-april-2026-v3-ta.pdf,2026-04-07,,13,0.05,4.50,2026-11-17,2027-01-09,0.70,,,,,
parcel_force_express_48_large_insured_750,express48 Large Comp 2 (01 / 915178FO),FEO,01,tracked:b2c:email_notifications:b2b:Insurance:signature,Domestic,GB,0.001,30000,,,2500,2500,2500,,,gb_domestic_parcelforce,,,False,GBP,G,MM,2,True,False,750,,Cost Unknown,https://www.royalmail.com/sites/royalmail.com/files/2026-03/business-price-guide-april-2026-v3-ta.pdf,2026-04-07,,13,0.05,4.50,2026-11-17,2027-01-09,0.70,,,,,
parcel_force_express_48_large_insured_2500,express48 Large Comp 3 (01 / 915178FP),FEP,01,tracked:b2c:email_notifications:b2b:Insurance:signature,Domestic,GB,0.001,30000,,,2500,2500,2500,,,gb_domestic_parcelforce,,,False,GBP,G,MM,2,True,False,2500,,Cost Unknown,https://www.royalmail.com/sites/royalmail.com/files/2026-03/business-price-guide-april-2026-v3-ta.pdf,2026-04-07,,13,0.05,4.50,2026-11-17,2027-01-09,0.70,,,,,
parcel_force_express_48_returns,express48 Returns (01 / 915178RA),RTA,01,return:tracked:signature,Domestic,GB,0.001,30000,,,1500,1500,1500,18.95,18.95,gb_domestic_returns,,,True,GBP,G,MM,2,True,False,0,,Account from-rate from April 2026 guide.,https://www.royalmail.com/sites/royalmail.com/files/2026-03/business-price-guide-april-2026-v3-ta.pdf,2026-04-07,,13,0.05,0.20,2026-11-17,2027-01-09,,,,,,
parcel_force_express_48_returns_insured_150,express48 Returns Comp 1 (01 / 915178RB),RTB,01,return:tracked:Insurance:signature,Domestic,GB,0.001,30000,,,1500,1500,1500,,,gb_domestic_returns,,,False,GBP,G,MM,2,True,False,150,,Cost Unknown,https://www.royalmail.com/sites/royalmail.com/files/2026-03/business-price-guide-april-2026-v3-ta.pdf,2026-04-07,,13,0.05,0.20,2026-11-17,2027-01-09,,,,,,
parcel_force_express_48_returns_insured_750,express48 Returns Comp 2 (01 / 915178RC),RTC,01,return:tracked:Insurance:signature,Domestic,GB,0.001,30000,,,1500,1500,1500,,,gb_domestic_returns,,,False,GBP,G,MM,2,True,False,750,,Cost Unknown,https://www.royalmail.com/sites/royalmail.com/files/2026-03/business-price-guide-april-2026-v3-ta.pdf,2026-04-07,,13,0.05,0.20,2026-11-17,2027-01-09,,,,,,
parcel_force_express_48_returns_insured_2500,express48 Returns Comp 3 (01 / 915178RD),RTD,01,return:tracked:Insurance:signature,Domestic,GB,0.001,30000,,,1500,1500,1500,,,gb_domestic_returns,,,False,GBP,G,MM,2,True,False,2500,,Cost Unknown,https://www.royalmail.com/sites/royalmail.com/files/2026-03/business-price-guide-april-2026-v3-ta.pdf,2026-04-07,,13,0.05,0.20,2026-11-17,2027-01-09,,,,,,
royal_mail_International_Business_Parcel_Zone_Sort_Priority,International Business Parcel Zone Sort Priority (01 / X1006082),IE1,01,b2c:b2b,International,,0.001,30000,,,,,,,,intl_generic,,,False,GBP,G,MM,,False,True,,,Cost Unknown,https://www.royalmail.com/sites/royalmail.com/files/2026-03/business-price-guide-april-2026-v3-ta.pdf,2026-04-07,,12,,0.12,2026-11-17,2027-01-09,,,,,,
royal_mail_International_Business_Mail_Large_Letter_Zone_Sort_Priority,International Business Mail Large Letter Zone Sort Priority (01 / X1006082),IG1,01,b2c:b2b,International,,0.001,30000,,,,,,,,intl_generic,,,False,GBP,G,MM,,False,True,,,Cost Unknown,https://www.royalmail.com/sites/royalmail.com/files/2026-03/business-price-guide-april-2026-v3-ta.pdf,2026-04-07,,12,,0.07,2026-11-17,2027-01-09,,,,,,
royal_mail_International_Business_Mail_Large_Letter_Zone_Sort_Priority_Machineable,International Business Mail Large Letter Zone Sort Priority Machineable (01 / X1006082),IG4,01,b2c:b2b,International,,0.001,30000,,,,,,,,intl_generic,,,False,GBP,G,MM,,False,True,,,Cost Unknown,https://www.royalmail.com/sites/royalmail.com/files/2026-03/business-price-guide-april-2026-v3-ta.pdf,2026-04-07,,12,,0.07,2026-11-17,2027-01-09,,,,,,
royal_mail_international_tracked_and_signed_ppi,International Tracked and Signed PPI (01 / X1006082),LLG,01,tracked:signature:b2c:b2b,International,,0.001,750,,,,,,8.6,8.6,intl_generic,,,False,GBP,G,MM,,False,True,,,Account from-rate from April 2026 guide.,https://www.royalmail.com/sites/royalmail.com/files/2026-03/business-price-guide-april-2026-v3-ta.pdf,2026-04-07,,12,,,,,,,,,,
royal_mail_international_tracked_ppi,International Tracked PPI (01 / X1006082),LLH,01,tracked:b2c:b2b,International,,0.001,2000,,,,,,9.6,9.6,intl_generic,,,False,GBP,G,MM,,False,True,,,Account from-rate from April 2026 guide.,https://www.royalmail.com/sites/royalmail.com/files/2026-03/business-price-guide-april-2026-v3-ta.pdf,2026-04-07,,12,,,,,,,,,,
royal_mail_international_signed_for_ppi,International Signed For PPI (01 / X1006082),LLI,01,signature:b2c:b2b,International,,0.001,2000,,,,,,,,intl_generic,,,False,GBP,G,MM,,False,True,,,Cost Unknown,https://www.royalmail.com/sites/royalmail.com/files/2026-03/business-price-guide-april-2026-v3-ta.pdf,2026-04-07,,12,,,,,,,,,,
royal_mail_international_business_parcel_tracked,International Business Parcel Tracked (01 / X1006082),MP1,01,tracked:b2c:b2b,International,,0.001,30000,,,,,,,,intl_generic,,,False,GBP,G,MM,,False,True,,,Cost Unknown,https://www.royalmail.com/sites/royalmail.com/files/2026-03/business-price-guide-april-2026-v3-ta.pdf,2026-04-07,,12,,0.12,2026-11-17,2027-01-09,,,,,,
royal_mail_international_business_parcel_tracked_extra_compensation,International Business Parcel Tracked Extra Compensation (01 / X1006082),MP4,01,tracked:b2c:b2b,International,,0.001,30000,,,,,,,,intl_generic,,,False,GBP,G,MM,,False,True,,,Cost Unknown,https://www.royalmail.com/sites/royalmail.com/files/2026-03/business-price-guide-april-2026-v3-ta.pdf,2026-04-07,,12,,0.12,2026-11-17,2027-01-09,,,,,,
royal_mail_international_business_parcel_signed,International Business Parcel Signed (01 / X1006082),MP5,01,signature:b2c:b2b,International,,0.001,30000,,,,,,,,intl_generic,,,False,GBP,G,MM,,False,True,,,Cost Unknown,https://www.royalmail.com/sites/royalmail.com/files/2026-03/business-price-guide-april-2026-v3-ta.pdf,2026-04-07,,12,,0.12,2026-11-17,2027-01-09,,,,,,
royal_mail_international_business_parcel_signed_extra_compensation,International Business Parcel Signed Extra Compensation (01 / X1006082),MP6,01,signature:b2c:b2b:Insurance,International,,0.001,30000,,,,,,,,intl_generic,,,False,GBP,G,MM,,False,True,,,Cost Unknown,https://www.royalmail.com/sites/royalmail.com/files/2026-03/business-price-guide-april-2026-v3-ta.pdf,2026-04-07,,12,,0.12,2026-11-17,2027-01-09,,,,,,
royal_mail_international_business_parcel_tracked_country_priced,International Business Parcel Tracked Country Priced (01 / X1006082),MP7,01,tracked:b2c:b2b,International,,0.001,30000,,,,,,,,intl_generic,,,False,GBP,G,MM,,False,True,,,Cost Unknown,https://www.royalmail.com/sites/royalmail.com/files/2026-03/business-price-guide-april-2026-v3-ta.pdf,2026-04-07,,12,,0.12,2026-11-17,2027-01-09,,,,,,
royal_mail_international_business_parcel_signed_country_priced,International Business Parcel Signed Country Priced (01 / X1006082),MP9,01,signature:b2c:b2b,International,,0.001,30000,,,,,,,,intl_generic,,,False,GBP,G,MM,,False,True,,,Cost Unknown,https://www.royalmail.com/sites/royalmail.com/files/2026-03/business-price-guide-april-2026-v3-ta.pdf,2026-04-07,,12,,0.12,2026-11-17,2027-01-09,,,,,,
royal_mail_International_Business_Mail_Tracked_High_Volume,International Business Mail Tracked High Volume (01 / X1006082),MPL,01,tracked:b2c:b2b,International,,0.001,30000,,,,,,,,intl_generic,,,False,GBP,G,MM,,False,True,,,Cost Unknown,https://www.royalmail.com/sites/royalmail.com/files/2026-03/business-price-guide-april-2026-v3-ta.pdf,2026-04-07,,12,,,,,,,,,,
royal_mail_International_Business_Mail_Tracked_Signed_High_Volume,International Business Mail Tracked & Signed High Volume (01 / X1006082),MPM,01,tracked:signature:b2c:b2b,International,,0.001,30000,,,,,,,,intl_generic,,,False,GBP,G,MM,,False,True,,,Cost Unknown,https://www.royalmail.com/sites/royalmail.com/files/2026-03/business-price-guide-april-2026-v3-ta.pdf,2026-04-07,,12,,,,,,,,,,
royal_mail_International_Business_Mail_Signed_Country_Priced,International Business Mail Signed Country Priced (01 / X1006082),MPN,01,signature:b2c:b2b,International,,0.001,30000,,,,,,,,intl_generic,,,False,GBP,G,MM,,False,True,,,Cost Unknown,https://www.royalmail.com/sites/royalmail.com/files/2026-03/business-price-guide-april-2026-v3-ta.pdf,2026-04-07,,12,,,,,,,,,,
royal_mail_International_Business_Mail_Tracked_High_Volume_Extra_Compensation,International Business Mail Tracked High Volume Extra Compensation (01 / X1006082),MPO,01,tracked:b2c:b2b,International,,0.001,30000,,,,,,,,intl_generic,,,False,GBP,G,MM,,False,True,,,Cost Unknown,https://www.royalmail.com/sites/royalmail.com/files/2026-03/business-price-guide-april-2026-v3-ta.pdf,2026-04-07,,12,,,,,,,,,,
royal_mail_International_Business_Mail_Tracked_Signed_High_Volume_Extra_Compensation,International Business Mail Tracked & Signed High Volume Extra Compensation (01 / X1006082),MPP,01,tracked:signature:b2c:b2b,International,,0.001,30000,,,,,,,,intl_generic,,,False,GBP,G,MM,,False,True,,,Cost Unknown,https://www.royalmail.com/sites/royalmail.com/files/2026-03/business-price-guide-april-2026-v3-ta.pdf,2026-04-07,,12,,,,,,,,,,
royal_mail_international_business_parcel_tracked_ddp,International Business Parcel Tracked DDP (01 / X1006082),MPR,01,tracked:b2c:b2b:ddp,International,,0.001,30000,,,,,,,,intl_generic,,,False,GBP,G,MM,,False,True,,,Cost Unknown,https://www.royalmail.com/sites/royalmail.com/files/2026-03/business-price-guide-april-2026-v3-ta.pdf,2026-04-07,,12,,0.12,2026-11-17,2027-01-09,,,,,,
royal_mail_International_Business_Parcel_Tracked_Signed,International Business Parcel Tracked & Signed (01 / Q1006082),MTA,01,tracked:signature:b2c:b2b,International,,0.001,30000,,,,,,,,intl_generic,,,False,GBP,G,MM,,False,True,,,Cost Unknown,https://www.royalmail.com/sites/royalmail.com/files/2026-03/business-price-guide-april-2026-v3-ta.pdf,2026-04-07,,12,,0.12,2026-11-17,2027-01-09,,,,,,
royal_mail_International_Business_Parcel_Tracked_Signed_Extra_Compensation,International Business Parcel Tracked & Signed Extra Compensation (01 / X1006082),MTB,01,tracked:signature:b2c:b2b,International,,0.001,30000,,,,,,,,intl_generic,,,False,GBP,G,MM,,False,True,,,Cost Unknown,https://www.royalmail.com/sites/royalmail.com/files/2026-03/business-price-guide-april-2026-v3-ta.pdf,2026-04-07,,12,,0.12,2026-11-17,2027-01-09,,,,,,
royal_mail_international_business_mail_tracked_and_signed,International Business Mail Tracked & Signed (01 / Q1006082),MTC,01,tracked:signature:b2c:b2b,International,,0.001,30000,,,,,,,,intl_generic,,,False,GBP,G,MM,,False,True,,,Cost Unknown,https://www.royalmail.com/sites/royalmail.com/files/2026-03/business-price-guide-april-2026-v3-ta.pdf,2026-04-07,,12,,,,,,,,,,
royal_mail_international_business_mail_tracked_and_signed_extra_compensation,International Business Mail Tracked & Signed Extra Compensation (01 / X1006082),MTD,01,tracked:signature:b2c:b2b,International,,0.001,30000,,,,,,,,intl_generic,,,False,GBP,G,MM,,False,True,,,Cost Unknown,https://www.royalmail.com/sites/royalmail.com/files/2026-03/business-price-guide-april-2026-v3-ta.pdf,2026-04-07,,12,,,,,,,,,,
royal_mail_International_Business_Parcel_Tracked_Signed_Country,International Business Parcel Tracked & Signed Country (01 / X1006082),MTE,01,tracked:signature:b2c:b2b,International,,0.001,30000,,,,,,,,intl_generic,,,False,GBP,G,MM,,False,True,,,Cost Unknown,https://www.royalmail.com/sites/royalmail.com/files/2026-03/business-price-guide-april-2026-v3-ta.pdf,2026-04-07,,12,,0.12,2026-11-17,2027-01-09,,,,,,
royal_mail_international_business_mail_tracked_and_signed_country,International Business Mail Tracked & Signed Country (01 / X1006082),MTG,01,tracked:signature:b2c:b2b,International,,0.001,30000,,,,,,,,intl_generic,,,False,GBP,G,MM,,False,True,,,Cost Unknown,https://www.royalmail.com/sites/royalmail.com/files/2026-03/business-price-guide-april-2026-v3-ta.pdf,2026-04-07,,12,,,,,,,,,,
royal_mail_international_business_mail_tracked,International Business Mail Tracked (01 / X1006082),MTI,01,tracked:b2c:b2b,International,,0.001,30000,,,,,,,,intl_generic,,,False,GBP,G,MM,,False,True,,,Cost Unknown,https://www.royalmail.com/sites/royalmail.com/files/2026-03/business-price-guide-april-2026-v3-ta.pdf,2026-04-07,,12,,,,,,,,,,
royal_mail_international_business_mail_tracked_extra_compensation,International Business Mail Tracked Extra Compensation (01 / X1006082),MTJ,01,tracked:b2c:b2b:Insurance,International,,0.001,30000,,,,,,,,intl_generic,,,False,GBP,G,MM,,False,True,,,Cost Unknown,https://www.royalmail.com/sites/royalmail.com/files/2026-03/business-price-guide-april-2026-v3-ta.pdf,2026-04-07,,12,,,,,,,,,,
royal_mail_international_business_mail_tracked_country_priced,International Business Mail Tracked Country Priced (01 / X1006082),MTK,01,tracked:b2c:b2b,International,,0.001,30000,,,,,,,,intl_generic,,,False,GBP,G,MM,,False,True,,,Cost Unknown,https://www.royalmail.com/sites/royalmail.com/files/2026-03/business-price-guide-april-2026-v3-ta.pdf,2026-04-07,,12,,,,,,,,,,
royal_mail_international_business_mail_signed,International Business Mail Signed (01 / Q1006082),MTM,01,signature:b2c:b2b,International,,0.001,30000,,,,,,,,intl_generic,,,False,GBP,G,MM,,False,True,,,Cost Unknown,https://www.royalmail.com/sites/royalmail.com/files/2026-03/business-price-guide-april-2026-v3-ta.pdf,2026-04-07,,12,,,,,,,,,,
royal_mail_international_business_mail_signed_extra_compensation,International Business Mail Signed Extra Compensation (01 / X1006082),MTN,01,signature:b2c:b2b:Insurance,International,,0.001,30000,,,,,,,,intl_generic,,,False,GBP,G,MM,,False,True,,,Cost Unknown,https://www.royalmail.com/sites/royalmail.com/files/2026-03/business-price-guide-april-2026-v3-ta.pdf,2026-04-07,,12,,,,,,,,,,
royal_mail_international_business_mail_signed_country_priced,International Business Mail Signed Country Priced (01 / X1006082),MTO,01,signature:b2c:b2b,International,,0.001,30000,,,,,,,,intl_generic,,,False,GBP,G,MM,,False,True,,,Cost Unknown,https://www.royalmail.com/sites/royalmail.com/files/2026-03/business-price-guide-april-2026-v3-ta.pdf,2026-04-07,,12,,,,,,,,,,
royal_mail_international_business_mail_signed_extra_compensation_country,International Business Mail Signed Extra Compensation Country (01 / X1006082),MTP,01,signature:b2c:b2b:Insurance,International,,0.001,30000,,,,,,,,intl_generic,,,False,GBP,G,MM,,False,True,,,Cost Unknown,https://www.royalmail.com/sites/royalmail.com/files/2026-03/business-price-guide-april-2026-v3-ta.pdf,2026-04-07,,12,,,,,,,,,,
royal_mail_international_standard,International Standard On Account (01 / D1006082),OLA,01,b2c:b2b,International,,0.001,2000,,,,,,3.6,3.6,intl_generic,,,False,GBP,G,MM,5,False,True,20.0,,On Account letters from-rate; international zone/format pricing varies. Superseded for rating by package-format-specific Royal Mail public online rate rows.,https://www.royalmail.com/sites/royalmail.com/files/2026-03/business-price-guide-april-2026-v3-ta.pdf,2026-04-07,,12,,,,,,,,,,
royal_mail_international_economy,International Economy On Account (01 / D1006082),OLS,01,b2c:b2b,International,,0.001,30000,,,,,,3.5,3.5,intl_generic,,,False,GBP,G,MM,15,False,True,20.0,,On Account letters from-rate; letters to Europe must use International Standard. Superseded for rating by package-format-specific Royal Mail public online rate rows.,https://www.royalmail.com/sites/royalmail.com/files/2026-03/business-price-guide-april-2026-v3-ta.pdf,2026-04-07,,,,,,,,,,,,
royal_mail_international_signed,International Signed On Account (01),OSA,01,signature:b2c:b2b,International,,0.001,30000,,,,,,8.5,8.5,intl_generic,,,False,GBP,G,MM,5,False,True,50.0,,Mapped to International Tracked & Signed personal correspondence family; validate carrier code mapping. Superseded for rating by package-format-specific Royal Mail public online rate rows.,https://www.royalmail.com/sites/royalmail.com/files/2026-03/business-price-guide-april-2026-v3-ta.pdf,2026-04-07,,12,,,,,,,,,,
royal_mail_international_signed_extra_compensation,International Signed On Account Extra Compensation (01),OSB,01,signature:b2c:b2b:Insurance,International,,0.001,30000,,,,,,,,intl_generic,,,False,GBP,G,MM,,False,True,,,Cost Unknown,https://www.royalmail.com/sites/royalmail.com/files/2026-03/business-price-guide-april-2026-v3-ta.pdf,2026-04-07,,12,,,,,,,,,,
royal_mail_international_tracked,International Tracked On Account (01),OTA,01,tracked:b2c:b2b,International,,0.001,30000,,,,,,9.8,9.8,intl_generic,,,False,GBP,G,MM,5,False,True,50.0,,On Account Europe Large Letter 100g from-rate. Superseded for rating by package-format-specific Royal Mail public online rate rows.,https://www.royalmail.com/sites/royalmail.com/files/2026-03/business-price-guide-april-2026-v3-ta.pdf,2026-04-07,,12,,,,,,,,,,
royal_mail_international_tracked_extra_compensation,International Tracked On Account Extra Compensation (01),OTB,01,tracked:b2c:b2b:Insurance,International,,0.001,30000,,,,,,12.9,12.9,intl_generic,,,False,GBP,G,MM,5,False,True,250.0,,International Tracked reference from-rate + £3.10 extra compensation. Superseded for rating by package-format-specific Royal Mail public online rate rows.,https://www.royalmail.com/sites/royalmail.com/files/2026-03/business-price-guide-april-2026-v3-ta.pdf,2026-04-07,,12,,,,,,,,,,
royal_mail_international_tracked_and_signed,International Tracked & Signed On Account (01),OTC,01,tracked:signature:b2c:b2b,International,,0.001,30000,,,,,,8.5,8.5,intl_generic,,,False,GBP,G,MM,5,False,True,50.0,,On Account letters from-rate. Superseded for rating by package-format-specific Royal Mail public online rate rows.,https://www.royalmail.com/sites/royalmail.com/files/2026-03/business-price-guide-april-2026-v3-ta.pdf,2026-04-07,,12,,,,,,,,,,
royal_mail_international_tracked_and_signed_extra_compensation,International Tracked & Signed On Account Extra Compensation (01),OTD,01,tracked:signature:b2c:b2b:Insurance,International,,0.001,30000,,,,,,,,intl_generic,,,False,GBP,G,MM,,False,True,,,Cost Unknown,https://www.royalmail.com/sites/royalmail.com/files/2026-03/business-price-guide-april-2026-v3-ta.pdf,2026-04-07,,12,,,,,,,,,,
royal_mail_tracked_24,Tracked 24 (01 / 214655TN),TPN24,02,tracked:b2c:b2b:signature:email_notifications,Domestic,GB,0.001,2000,,,350,450,160,4.4,4.4,gb_domestic,,,True,GBP,G,MM,1,True,False,150.0,,Tracked 24 feature set from PDF;,https://www.royalmail.com/sites/royalmail.com/files/2026-03/business-price-guide-april-2026-v3-ta.pdf,2026-04-07,,16,0.05,0.12,2026-11-17,2027-01-09,0.70,2.40,,,1.10,0.70
royal_mail_tracked_24_lbt,Royal Mail Tracked 24 LBT (01 / 214655RN),TRN24,01,tracked:b2c:b2b:signature:email_notifications,Domestic,GB,0.001,2000,,,350,450,160,5.75,5.75,gb_domestic,,,False,GBP,G,MM,1,True,False,150.0,,LBT service inferred from Tracked 24 family features; validate rate separately.,https://www.royalmail.com/sites/royalmail.com/files/2026-03/business-price-guide-april-2026-v3-ta.pdf,2026-04-07,,16,0.05,0.07,2026-11-17,2027-01-09,0.70,2.40,,,1.10,0.70
royal_mail_tracked_returns_48,Tracked Returns 48 (01 / 214655SS),TSS,01,return:tracked,Domestic,GB,0.001,2000,,,350,450,160,,,gb_domestic_returns,,,False,GBP,G,MM,2,True,False,,,Cost Unknown,https://www.royalmail.com/sites/royalmail.com/files/2026-03/business-price-guide-april-2026-v3-ta.pdf,2026-04-07,,16,0.05,0.12,2026-11-17,2027-01-09,,,,,,
royal_mail_international_tracked_large_letter,International Tracked Large Letter,OTA,01,tracked:b2c:b2b,Europe Zone 1,IE:FR:DE:DK:MC,0.001,750,0,100.001,353,250,25,9.80,9.80,europe_zone_1,,,True,GBP,G,MM,7,False,True,50,largeLetter,Royal Mail public online Click & Drop rate; no discounts on account/contract terms,https://www.royalmail.com/sending/international/international-tracked,2026-04-07,verified public online price 2026-05-15,12,,0.07,2026-11-17,2027-01-09,,,,,,
royal_mail_international_tracked_large_letter,International Tracked Large Letter,OTA,01,tracked:b2c:b2b,Europe Zone 1,IE:FR:DE:DK:MC,0.001,750,100,250.001,353,250,25,9.90,9.90,europe_zone_1,,,True,GBP,G,MM,7,False,True,50,largeLetter,Royal Mail public online Click & Drop rate; no discounts on account/contract terms,https://www.royalmail.com/sending/international/international-tracked,2026-04-07,verified public online price 2026-05-15,12,,0.07,2026-11-17,2027-01-09,,,,,,
royal_mail_international_tracked_large_letter,International Tracked Large Letter,OTA,01,tracked:b2c:b2b,Europe Zone 1,IE:FR:DE:DK:MC,0.001,750,250,500.001,353,250,25,10.50,10.50,europe_zone_1,,,True,GBP,G,MM,7,False,True,50,largeLetter,Royal Mail public online Click & Drop rate; no discounts on account/contract terms,https://www.royalmail.com/sending/international/international-tracked,2026-04-07,verified public online price 2026-05-15,12,,0.07,2026-11-17,2027-01-09,,,,,,
royal_mail_international_tracked_large_letter,International Tracked Large Letter,OTA,01,tracked:b2c:b2b,Europe Zone 1,IE:FR:DE:DK:MC,0.001,750,500,750.001,353,250,25,10.90,10.90,europe_zone_1,,,True,GBP,G,MM,7,False,True,50,largeLetter,Royal Mail public online Click & Drop rate; no discounts on account/contract terms,https://www.royalmail.com/sending/international/international-tracked,2026-04-07,verified public online price 2026-05-15,12,,0.07,2026-11-17,2027-01-09,,,,,,
royal_mail_international_tracked_large_letter,International Tracked Large Letter,OTA,01,tracked:b2c:b2b,Europe Zone 2,AT:LV:PT:LT:ES:LU:BE:BG:MT:NL:HR:PL:CY:RO:CZ:SK:EE:SI:FI:GR:HU:SE:IT,0.001,750,0,100.001,353,250,25,9.80,9.80,europe_zone_2,,,True,GBP,G,MM,7,False,True,50,largeLetter,Royal Mail public online Click & Drop rate; no discounts on account/contract terms,https://www.royalmail.com/sending/international/international-tracked,2026-04-07,verified public online price 2026-05-15,12,,0.07,2026-11-17,2027-01-09,,,,,,
royal_mail_international_tracked_large_letter,International Tracked Large Letter,OTA,01,tracked:b2c:b2b,Europe Zone 2,AT:LV:PT:LT:ES:LU:BE:BG:MT:NL:HR:PL:CY:RO:CZ:SK:EE:SI:FI:GR:HU:SE:IT,0.001,750,100,250.001,353,250,25,9.90,9.90,europe_zone_2,,,True,GBP,G,MM,7,False,True,50,largeLetter,Royal Mail public online Click & Drop rate; no discounts on account/contract terms,https://www.royalmail.com/sending/international/international-tracked,2026-04-07,verified public online price 2026-05-15,12,,0.07,2026-11-17,2027-01-09,,,,,,
royal_mail_international_tracked_large_letter,International Tracked Large Letter,OTA,01,tracked:b2c:b2b,Europe Zone 2,AT:LV:PT:LT:ES:LU:BE:BG:MT:NL:HR:PL:CY:RO:CZ:SK:EE:SI:FI:GR:HU:SE:IT,0.001,750,250,500.001,353,250,25,10.50,10.50,europe_zone_2,,,True,GBP,G,MM,7,False,True,50,largeLetter,Royal Mail public online Click & Drop rate; no discounts on account/contract terms,https://www.royalmail.com/sending/international/international-tracked,2026-04-07,verified public online price 2026-05-15,12,,0.07,2026-11-17,2027-01-09,,,,,,
royal_mail_international_tracked_large_letter,International Tracked Large Letter,OTA,01,tracked:b2c:b2b,Europe Zone 2,AT:LV:PT:LT:ES:LU:BE:BG:MT:NL:HR:PL:CY:RO:CZ:SK:EE:SI:FI:GR:HU:SE:IT,0.001,750,500,750.001,353,250,25,10.90,10.90,europe_zone_2,,,True,GBP,G,MM,7,False,True,50,largeLetter,Royal Mail public online Click & Drop rate; no discounts on account/contract terms,https://www.royalmail.com/sending/international/international-tracked,2026-04-07,verified public online price 2026-05-15,12,,0.07,2026-11-17,2027-01-09,,,,,,
royal_mail_international_tracked_large_letter,International Tracked Large Letter,OTA,01,tracked:b2c:b2b,Europe Zone 3,AL:MD:AD:ME:AM:MK:AZ:NO:SJ:BY:RU:BA:SM:FO:RS:GE:CH:GI:TJ:GL:TR:IS:TM:KZ:UA:XK:UZ:KG:VA:LI,0.001,750,0,100.001,353,250,25,9.80,9.80,europe_zone_3,,,True,GBP,G,MM,7,False,True,50,largeLetter,Royal Mail public online Click & Drop rate; no discounts on account/contract terms,https://www.royalmail.com/sending/international/international-tracked,2026-04-07,verified public online price 2026-05-15,12,,0.07,2026-11-17,2027-01-09,,,,,,
royal_mail_international_tracked_large_letter,International Tracked Large Letter,OTA,01,tracked:b2c:b2b,Europe Zone 3,AL:MD:AD:ME:AM:MK:AZ:NO:SJ:BY:RU:BA:SM:FO:RS:GE:CH:GI:TJ:GL:TR:IS:TM:KZ:UA:XK:UZ:KG:VA:LI,0.001,750,100,250.001,353,250,25,9.90,9.90,europe_zone_3,,,True,GBP,G,MM,7,False,True,50,largeLetter,Royal Mail public online Click & Drop rate; no discounts on account/contract terms,https://www.royalmail.com/sending/international/international-tracked,2026-04-07,verified public online price 2026-05-15,12,,0.07,2026-11-17,2027-01-09,,,,,,
royal_mail_international_tracked_large_letter,International Tracked Large Letter,OTA,01,tracked:b2c:b2b,Europe Zone 3,AL:MD:AD:ME:AM:MK:AZ:NO:SJ:BY:RU:BA:SM:FO:RS:GE:CH:GI:TJ:GL:TR:IS:TM:KZ:UA:XK:UZ:KG:VA:LI,0.001,750,250,500.001,353,250,25,10.50,10.50,europe_zone_3,,,True,GBP,G,MM,7,False,True,50,largeLetter,Royal Mail public online Click & Drop rate; no discounts on account/contract terms,https://www.royalmail.com/sending/international/international-tracked,2026-04-07,verified public online price 2026-05-15,12,,0.07,2026-11-17,2027-01-09,,,,,,
royal_mail_international_tracked_large_letter,International Tracked Large Letter,OTA,01,tracked:b2c:b2b,Europe Zone 3,AL:MD:AD:ME:AM:MK:AZ:NO:SJ:BY:RU:BA:SM:FO:RS:GE:CH:GI:TJ:GL:TR:IS:TM:KZ:UA:XK:UZ:KG:VA:LI,0.001,750,500,750.001,353,250,25,10.90,10.90,europe_zone_3,,,True,GBP,G,MM,7,False,True,50,largeLetter,Royal Mail public online Click & Drop rate; no discounts on account/contract terms,https://www.royalmail.com/sending/international/international-tracked,2026-04-07,verified public online price 2026-05-15,12,,0.07,2026-11-17,2027-01-09,,,,,,
royal_mail_international_tracked_large_letter,International Tracked Large Letter,OTA,01,tracked:b2c:b2b,World Zone 1,,0.001,750,0,100.001,353,250,25,11.75,11.75,world_zone_1,,,True,GBP,G,MM,7,False,True,50,largeLetter,Royal Mail public online Click & Drop rate; no discounts on account/contract terms,https://www.royalmail.com/sending/international/international-tracked,2026-04-07,verified public online price 2026-05-15,12,,0.07,2026-11-17,2027-01-09,,,,,,
royal_mail_international_tracked_large_letter,International Tracked Large Letter,OTA,01,tracked:b2c:b2b,World Zone 1,,0.001,750,100,250.001,353,250,25,12.55,12.55,world_zone_1,,,True,GBP,G,MM,7,False,True,50,largeLetter,Royal Mail public online Click & Drop rate; no discounts on account/contract terms,https://www.royalmail.com/sending/international/international-tracked,2026-04-07,verified public online price 2026-05-15,12,,0.07,2026-11-17,2027-01-09,,,,,,
royal_mail_international_tracked_large_letter,International Tracked Large Letter,OTA,01,tracked:b2c:b2b,World Zone 1,,0.001,750,250,500.001,353,250,25,14.60,14.60,world_zone_1,,,True,GBP,G,MM,7,False,True,50,largeLetter,Royal Mail public online Click & Drop rate; no discounts on account/contract terms,https://www.royalmail.com/sending/international/international-tracked,2026-04-07,verified public online price 2026-05-15,12,,0.07,2026-11-17,2027-01-09,,,,,,
royal_mail_international_tracked_large_letter,International Tracked Large Letter,OTA,01,tracked:b2c:b2b,World Zone 1,,0.001,750,500,750.001,353,250,25,17.85,17.85,world_zone_1,,,True,GBP,G,MM,7,False,True,50,largeLetter,Royal Mail public online Click & Drop rate; no discounts on account/contract terms,https://www.royalmail.com/sending/international/international-tracked,2026-04-07,verified public online price 2026-05-15,12,,0.07,2026-11-17,2027-01-09,,,,,,
royal_mail_international_tracked_large_letter,International Tracked Large Letter,OTA,01,tracked:b2c:b2b,World Zone 2,AU:PW:IO:CX:CC:CK:FJ:PF:TF:KI:MO:NR:NC:NZ:AQ:NU:NF:BV:PG:LA:PN:SG:SB:TK:TO:TV:AS:WS,0.001,750,0,100.001,353,250,25,11.30,11.30,world_zone_2,,,True,GBP,G,MM,7,False,True,50,largeLetter,Royal Mail public online Click & Drop rate; no discounts on account/contract terms,https://www.royalmail.com/sending/international/international-tracked,2026-04-07,verified public online price 2026-05-15,12,,0.07,2026-11-17,2027-01-09,,,,,,
royal_mail_international_tracked_large_letter,International Tracked Large Letter,OTA,01,tracked:b2c:b2b,World Zone 2,AU:PW:IO:CX:CC:CK:FJ:PF:TF:KI:MO:NR:NC:NZ:AQ:NU:NF:BV:PG:LA:PN:SG:SB:TK:TO:TV:AS:WS,0.001,750,100,250.001,353,250,25,13.25,13.25,world_zone_2,,,True,GBP,G,MM,7,False,True,50,largeLetter,Royal Mail public online Click & Drop rate; no discounts on account/contract terms,https://www.royalmail.com/sending/international/international-tracked,2026-04-07,verified public online price 2026-05-15,12,,0.07,2026-11-17,2027-01-09,,,,,,
royal_mail_international_tracked_large_letter,International Tracked Large Letter,OTA,01,tracked:b2c:b2b,World Zone 2,AU:PW:IO:CX:CC:CK:FJ:PF:TF:KI:MO:NR:NC:NZ:AQ:NU:NF:BV:PG:LA:PN:SG:SB:TK:TO:TV:AS:WS,0.001,750,250,500.001,353,250,25,15.65,15.65,world_zone_2,,,True,GBP,G,MM,7,False,True,50,largeLetter,Royal Mail public online Click & Drop rate; no discounts on account/contract terms,https://www.royalmail.com/sending/international/international-tracked,2026-04-07,verified public online price 2026-05-15,12,,0.07,2026-11-17,2027-01-09,,,,,,
royal_mail_international_tracked_large_letter,International Tracked Large Letter,OTA,01,tracked:b2c:b2b,World Zone 2,AU:PW:IO:CX:CC:CK:FJ:PF:TF:KI:MO:NR:NC:NZ:AQ:NU:NF:BV:PG:LA:PN:SG:SB:TK:TO:TV:AS:WS,0.001,750,500,750.001,353,250,25,19.95,19.95,world_zone_2,,,True,GBP,G,MM,7,False,True,50,largeLetter,Royal Mail public online Click & Drop rate; no discounts on account/contract terms,https://www.royalmail.com/sending/international/international-tracked,2026-04-07,verified public online price 2026-05-15,12,,0.07,2026-11-17,2027-01-09,,,,,,
royal_mail_international_tracked_large_letter,International Tracked Large Letter,OTA,01,tracked:b2c:b2b,World Zone 3,US,0.001,750,0,100.001,353,250,25,10.90,10.90,world_zone_3,,,True,GBP,G,MM,7,False,True,50,largeLetter,Royal Mail public online Click & Drop rate; no discounts on account/contract terms,https://www.royalmail.com/sending/international/international-tracked,2026-04-07,verified public online price 2026-05-15,12,,0.07,2026-11-17,2027-01-09,,,,,,
royal_mail_international_tracked_large_letter,International Tracked Large Letter,OTA,01,tracked:b2c:b2b,World Zone 3,US,0.001,750,100,250.001,353,250,25,12.05,12.05,world_zone_3,,,True,GBP,G,MM,7,False,True,50,largeLetter,Royal Mail public online Click & Drop rate; no discounts on account/contract terms,https://www.royalmail.com/sending/international/international-tracked,2026-04-07,verified public online price 2026-05-15,12,,0.07,2026-11-17,2027-01-09,,,,,,
royal_mail_international_tracked_large_letter,International Tracked Large Letter,OTA,01,tracked:b2c:b2b,World Zone 3,US,0.001,750,250,500.001,353,250,25,14.20,14.20,world_zone_3,,,True,GBP,G,MM,7,False,True,50,largeLetter,Royal Mail public online Click & Drop rate; no discounts on account/contract terms,https://www.royalmail.com/sending/international/international-tracked,2026-04-07,verified public online price 2026-05-15,12,,0.07,2026-11-17,2027-01-09,,,,,,
royal_mail_international_tracked_large_letter,International Tracked Large Letter,OTA,01,tracked:b2c:b2b,World Zone 3,US,0.001,750,500,750.001,353,250,25,16.65,16.65,world_zone_3,,,True,GBP,G,MM,7,False,True,50,largeLetter,Royal Mail public online Click & Drop rate; no discounts on account/contract terms,https://www.royalmail.com/sending/international/international-tracked,2026-04-07,verified public online price 2026-05-15,12,,0.07,2026-11-17,2027-01-09,,,,,,
royal_mail_international_tracked_small_parcel,International Tracked Small Parcel,OTA,01,tracked:b2c:b2b,France,FR,0.001,2000,0,250.001,600,600,600,9.90,9.90,europe_zone_1,,,True,GBP,G,MM,7,False,True,50,smallParcel,Royal Mail public online Click & Drop rate; no discounts on account/contract terms,https://www.royalmail.com/sending/international/international-tracked,2026-04-07,verified public online price 2026-05-15,12,,0.12,2026-11-17,2027-01-09,,,,,,
royal_mail_international_tracked_small_parcel,International Tracked Small Parcel,OTA,01,tracked:b2c:b2b,France,FR,0.001,2000,250,500.001,600,600,600,10.85,10.85,europe_zone_1,,,True,GBP,G,MM,7,False,True,50,smallParcel,Royal Mail public online Click & Drop rate; no discounts on account/contract terms,https://www.royalmail.com/sending/international/international-tracked,2026-04-07,verified public online price 2026-05-15,12,,0.12,2026-11-17,2027-01-09,,,,,,
royal_mail_international_tracked_small_parcel,International Tracked Small Parcel,OTA,01,tracked:b2c:b2b,France,FR,0.001,2000,500,750.001,600,600,600,11.10,11.10,europe_zone_1,,,True,GBP,G,MM,7,False,True,50,smallParcel,Royal Mail public online Click & Drop rate; no discounts on account/contract terms,https://www.royalmail.com/sending/international/international-tracked,2026-04-07,verified public online price 2026-05-15,12,,0.12,2026-11-17,2027-01-09,,,,,,
royal_mail_international_tracked_small_parcel,International Tracked Small Parcel,OTA,01,tracked:b2c:b2b,France,FR,0.001,2000,750,1000.001,600,600,600,11.15,11.15,europe_zone_1,,,True,GBP,G,MM,7,False,True,50,smallParcel,Royal Mail public online Click & Drop rate; no discounts on account/contract terms,https://www.royalmail.com/sending/international/international-tracked,2026-04-07,verified public online price 2026-05-15,12,,0.12,2026-11-17,2027-01-09,,,,,,
royal_mail_international_tracked_small_parcel,International Tracked Small Parcel,OTA,01,tracked:b2c:b2b,France,FR,0.001,2000,1000,1250.001,600,600,600,11.15,11.15,europe_zone_1,,,True,GBP,G,MM,7,False,True,50,smallParcel,Royal Mail public online Click & Drop rate; no discounts on account/contract terms,https://www.royalmail.com/sending/international/international-tracked,2026-04-07,verified public online price 2026-05-15,12,,0.12,2026-11-17,2027-01-09,,,,,,
royal_mail_international_tracked_small_parcel,International Tracked Small Parcel,OTA,01,tracked:b2c:b2b,France,FR,0.001,2000,1250,1500.001,600,600,600,11.15,11.15,europe_zone_1,,,True,GBP,G,MM,7,False,True,50,smallParcel,Royal Mail public online Click & Drop rate; no discounts on account/contract terms,https://www.royalmail.com/sending/international/international-tracked,2026-04-07,verified public online price 2026-05-15,12,,0.12,2026-11-17,2027-01-09,,,,,,
royal_mail_international_tracked_small_parcel,International Tracked Small Parcel,OTA,01,tracked:b2c:b2b,France,FR,0.001,2000,1500,2000.001,600,600,600,11.15,11.15,europe_zone_1,,,True,GBP,G,MM,7,False,True,50,smallParcel,Royal Mail public online Click & Drop rate; no discounts on account/contract terms,https://www.royalmail.com/sending/international/international-tracked,2026-04-07,verified public online price 2026-05-15,12,,0.12,2026-11-17,2027-01-09,,,,,,
royal_mail_international_tracked_small_parcel,International Tracked Small Parcel,OTA,01,tracked:b2c:b2b,Germany,DE,0.001,2000,0,250.001,600,600,600,8.15,8.15,europe_zone_1,,,True,GBP,G,MM,7,False,True,50,smallParcel,Royal Mail public online Click & Drop rate; no discounts on account/contract terms,https://www.royalmail.com/sending/international/international-tracked,2026-04-07,verified public online price 2026-05-15,12,,0.12,2026-11-17,2027-01-09,,,,,,
royal_mail_international_tracked_small_parcel,International Tracked Small Parcel,OTA,01,tracked:b2c:b2b,Germany,DE,0.001,2000,250,500.001,600,600,600,9.40,9.40,europe_zone_1,,,True,GBP,G,MM,7,False,True,50,smallParcel,Royal Mail public online Click & Drop rate; no discounts on account/contract terms,https://www.royalmail.com/sending/international/international-tracked,2026-04-07,verified public online price 2026-05-15,12,,0.12,2026-11-17,2027-01-09,,,,,,
royal_mail_international_tracked_small_parcel,International Tracked Small Parcel,OTA,01,tracked:b2c:b2b,Germany,DE,0.001,2000,500,750.001,600,600,600,9.95,9.95,europe_zone_1,,,True,GBP,G,MM,7,False,True,50,smallParcel,Royal Mail public online Click & Drop rate; no discounts on account/contract terms,https://www.royalmail.com/sending/international/international-tracked,2026-04-07,verified public online price 2026-05-15,12,,0.12,2026-11-17,2027-01-09,,,,,,
royal_mail_international_tracked_small_parcel,International Tracked Small Parcel,OTA,01,tracked:b2c:b2b,Germany,DE,0.001,2000,750,1000.001,600,600,600,9.95,9.95,europe_zone_1,,,True,GBP,G,MM,7,False,True,50,smallParcel,Royal Mail public online Click & Drop rate; no discounts on account/contract terms,https://www.royalmail.com/sending/international/international-tracked,2026-04-07,verified public online price 2026-05-15,12,,0.12,2026-11-17,2027-01-09,,,,,,
royal_mail_international_tracked_small_parcel,International Tracked Small Parcel,OTA,01,tracked:b2c:b2b,Germany,DE,0.001,2000,1000,1250.001,600,600,600,9.95,9.95,europe_zone_1,,,True,GBP,G,MM,7,False,True,50,smallParcel,Royal Mail public online Click & Drop rate; no discounts on account/contract terms,https://www.royalmail.com/sending/international/international-tracked,2026-04-07,verified public online price 2026-05-15,12,,0.12,2026-11-17,2027-01-09,,,,,,
royal_mail_international_tracked_small_parcel,International Tracked Small Parcel,OTA,01,tracked:b2c:b2b,Germany,DE,0.001,2000,1250,1500.001,600,600,600,9.95,9.95,europe_zone_1,,,True,GBP,G,MM,7,False,True,50,smallParcel,Royal Mail public online Click & Drop rate; no discounts on account/contract terms,https://www.royalmail.com/sending/international/international-tracked,2026-04-07,verified public online price 2026-05-15,12,,0.12,2026-11-17,2027-01-09,,,,,,
royal_mail_international_tracked_small_parcel,International Tracked Small Parcel,OTA,01,tracked:b2c:b2b,Germany,DE,0.001,2000,1500,2000.001,600,600,600,9.95,9.95,europe_zone_1,,,True,GBP,G,MM,7,False,True,50,smallParcel,Royal Mail public online Click & Drop rate; no discounts on account/contract terms,https://www.royalmail.com/sending/international/international-tracked,2026-04-07,verified public online price 2026-05-15,12,,0.12,2026-11-17,2027-01-09,,,,,,
royal_mail_international_tracked_small_parcel,International Tracked Small Parcel,OTA,01,tracked:b2c:b2b,Ireland,IE,0.001,2000,0,250.001,600,600,600,8.80,8.80,europe_zone_1,,,True,GBP,G,MM,7,False,True,50,smallParcel,Royal Mail public online Click & Drop rate; no discounts on account/contract terms,https://www.royalmail.com/sending/international/international-tracked,2026-04-07,verified public online price 2026-05-15,12,,0.12,2026-11-17,2027-01-09,,,,,,
royal_mail_international_tracked_small_parcel,International Tracked Small Parcel,OTA,01,tracked:b2c:b2b,Ireland,IE,0.001,2000,250,500.001,600,600,600,8.80,8.80,europe_zone_1,,,True,GBP,G,MM,7,False,True,50,smallParcel,Royal Mail public online Click & Drop rate; no discounts on account/contract terms,https://www.royalmail.com/sending/international/international-tracked,2026-04-07,verified public online price 2026-05-15,12,,0.12,2026-11-17,2027-01-09,,,,,,
royal_mail_international_tracked_small_parcel,International Tracked Small Parcel,OTA,01,tracked:b2c:b2b,Ireland,IE,0.001,2000,500,750.001,600,600,600,8.80,8.80,europe_zone_1,,,True,GBP,G,MM,7,False,True,50,smallParcel,Royal Mail public online Click & Drop rate; no discounts on account/contract terms,https://www.royalmail.com/sending/international/international-tracked,2026-04-07,verified public online price 2026-05-15,12,,0.12,2026-11-17,2027-01-09,,,,,,
royal_mail_international_tracked_small_parcel,International Tracked Small Parcel,OTA,01,tracked:b2c:b2b,Ireland,IE,0.001,2000,750,1000.001,600,600,600,8.80,8.80,europe_zone_1,,,True,GBP,G,MM,7,False,True,50,smallParcel,Royal Mail public online Click & Drop rate; no discounts on account/contract terms,https://www.royalmail.com/sending/international/international-tracked,2026-04-07,verified public online price 2026-05-15,12,,0.12,2026-11-17,2027-01-09,,,,,,
royal_mail_international_tracked_small_parcel,International Tracked Small Parcel,OTA,01,tracked:b2c:b2b,Ireland,IE,0.001,2000,1000,1250.001,600,600,600,10.30,10.30,europe_zone_1,,,True,GBP,G,MM,7,False,True,50,smallParcel,Royal Mail public online Click & Drop rate; no discounts on account/contract terms,https://www.royalmail.com/sending/international/international-tracked,2026-04-07,verified public online price 2026-05-15,12,,0.12,2026-11-17,2027-01-09,,,,,,
royal_mail_international_tracked_small_parcel,International Tracked Small Parcel,OTA,01,tracked:b2c:b2b,Ireland,IE,0.001,2000,1250,1500.001,600,600,600,10.30,10.30,europe_zone_1,,,True,GBP,G,MM,7,False,True,50,smallParcel,Royal Mail public online Click & Drop rate; no discounts on account/contract terms,https://www.royalmail.com/sending/international/international-tracked,2026-04-07,verified public online price 2026-05-15,12,,0.12,2026-11-17,2027-01-09,,,,,,
royal_mail_international_tracked_small_parcel,International Tracked Small Parcel,OTA,01,tracked:b2c:b2b,Ireland,IE,0.001,2000,1500,2000.001,600,600,600,10.30,10.30,europe_zone_1,,,True,GBP,G,MM,7,False,True,50,smallParcel,Royal Mail public online Click & Drop rate; no discounts on account/contract terms,https://www.royalmail.com/sending/international/international-tracked,2026-04-07,verified public online price 2026-05-15,12,,0.12,2026-11-17,2027-01-09,,,,,,
royal_mail_international_tracked_small_parcel,International Tracked Small Parcel,OTA,01,tracked:b2c:b2b,Rest of Europe Zone 1,DK:MC,0.001,2000,0,250.001,600,600,600,8.95,8.95,europe_zone_1,,,True,GBP,G,MM,7,False,True,50,smallParcel,Royal Mail public online Click & Drop rate; no discounts on account/contract terms,https://www.royalmail.com/sending/international/international-tracked,2026-04-07,verified public online price 2026-05-15,12,,0.12,2026-11-17,2027-01-09,,,,,,
royal_mail_international_tracked_small_parcel,International Tracked Small Parcel,OTA,01,tracked:b2c:b2b,Rest of Europe Zone 1,DK:MC,0.001,2000,250,500.001,600,600,600,10.05,10.05,europe_zone_1,,,True,GBP,G,MM,7,False,True,50,smallParcel,Royal Mail public online Click & Drop rate; no discounts on account/contract terms,https://www.royalmail.com/sending/international/international-tracked,2026-04-07,verified public online price 2026-05-15,12,,0.12,2026-11-17,2027-01-09,,,,,,
royal_mail_international_tracked_small_parcel,International Tracked Small Parcel,OTA,01,tracked:b2c:b2b,Rest of Europe Zone 1,DK:MC,0.001,2000,500,750.001,600,600,600,10.70,10.70,europe_zone_1,,,True,GBP,G,MM,7,False,True,50,smallParcel,Royal Mail public online Click & Drop rate; no discounts on account/contract terms,https://www.royalmail.com/sending/international/international-tracked,2026-04-07,verified public online price 2026-05-15,12,,0.12,2026-11-17,2027-01-09,,,,,,
royal_mail_international_tracked_small_parcel,International Tracked Small Parcel,OTA,01,tracked:b2c:b2b,Rest of Europe Zone 1,DK:MC,0.001,2000,750,1000.001,600,600,600,10.95,10.95,europe_zone_1,,,True,GBP,G,MM,7,False,True,50,smallParcel,Royal Mail public online Click & Drop rate; no discounts on account/contract terms,https://www.royalmail.com/sending/international/international-tracked,2026-04-07,verified public online price 2026-05-15,12,,0.12,2026-11-17,2027-01-09,,,,,,
royal_mail_international_tracked_small_parcel,International Tracked Small Parcel,OTA,01,tracked:b2c:b2b,Rest of Europe Zone 1,DK:MC,0.001,2000,1000,1250.001,600,600,600,11.80,11.80,europe_zone_1,,,True,GBP,G,MM,7,False,True,50,smallParcel,Royal Mail public online Click & Drop rate; no discounts on account/contract terms,https://www.royalmail.com/sending/international/international-tracked,2026-04-07,verified public online price 2026-05-15,12,,0.12,2026-11-17,2027-01-09,,,,,,
royal_mail_international_tracked_small_parcel,International Tracked Small Parcel,OTA,01,tracked:b2c:b2b,Rest of Europe Zone 1,DK:MC,0.001,2000,1250,1500.001,600,600,600,11.80,11.80,europe_zone_1,,,True,GBP,G,MM,7,False,True,50,smallParcel,Royal Mail public online Click & Drop rate; no discounts on account/contract terms,https://www.royalmail.com/sending/international/international-tracked,2026-04-07,verified public online price 2026-05-15,12,,0.12,2026-11-17,2027-01-09,,,,,,
royal_mail_international_tracked_small_parcel,International Tracked Small Parcel,OTA,01,tracked:b2c:b2b,Rest of Europe Zone 1,DK:MC,0.001,2000,1500,2000.001,600,600,600,12.00,12.00,europe_zone_1,,,True,GBP,G,MM,7,False,True,50,smallParcel,Royal Mail public online Click & Drop rate; no discounts on account/contract terms,https://www.royalmail.com/sending/international/international-tracked,2026-04-07,verified public online price 2026-05-15,12,,0.12,2026-11-17,2027-01-09,,,,,,
royal_mail_international_tracked_small_parcel,International Tracked Small Parcel,OTA,01,tracked:b2c:b2b,Belgium,BE,0.001,2000,0,250.001,600,600,600,9.65,9.65,europe_zone_2,,,True,GBP,G,MM,7,False,True,50,smallParcel,Royal Mail public online Click & Drop rate; no discounts on account/contract terms,https://www.royalmail.com/sending/international/international-tracked,2026-04-07,verified public online price 2026-05-15,12,,0.12,2026-11-17,2027-01-09,,,,,,
royal_mail_international_tracked_small_parcel,International Tracked Small Parcel,OTA,01,tracked:b2c:b2b,Belgium,BE,0.001,2000,250,500.001,600,600,600,10.60,10.60,europe_zone_2,,,True,GBP,G,MM,7,False,True,50,smallParcel,Royal Mail public online Click & Drop rate; no discounts on account/contract terms,https://www.royalmail.com/sending/international/international-tracked,2026-04-07,verified public online price 2026-05-15,12,,0.12,2026-11-17,2027-01-09,,,,,,
royal_mail_international_tracked_small_parcel,International Tracked Small Parcel,OTA,01,tracked:b2c:b2b,Belgium,BE,0.001,2000,500,750.001,600,600,600,11.15,11.15,europe_zone_2,,,True,GBP,G,MM,7,False,True,50,smallParcel,Royal Mail public online Click & Drop rate; no discounts on account/contract terms,https://www.royalmail.com/sending/international/international-tracked,2026-04-07,verified public online price 2026-05-15,12,,0.12,2026-11-17,2027-01-09,,,,,,
royal_mail_international_tracked_small_parcel,International Tracked Small Parcel,OTA,01,tracked:b2c:b2b,Belgium,BE,0.001,2000,750,1000.001,600,600,600,11.90,11.90,europe_zone_2,,,True,GBP,G,MM,7,False,True,50,smallParcel,Royal Mail public online Click & Drop rate; no discounts on account/contract terms,https://www.royalmail.com/sending/international/international-tracked,2026-04-07,verified public online price 2026-05-15,12,,0.12,2026-11-17,2027-01-09,,,,,,
royal_mail_international_tracked_small_parcel,International Tracked Small Parcel,OTA,01,tracked:b2c:b2b,Belgium,BE,0.001,2000,1000,1250.001,600,600,600,12.30,12.30,europe_zone_2,,,True,GBP,G,MM,7,False,True,50,smallParcel,Royal Mail public online Click & Drop rate; no discounts on account/contract terms,https://www.royalmail.com/sending/international/international-tracked,2026-04-07,verified public online price 2026-05-15,12,,0.12,2026-11-17,2027-01-09,,,,,,
royal_mail_international_tracked_small_parcel,International Tracked Small Parcel,OTA,01,tracked:b2c:b2b,Belgium,BE,0.001,2000,1250,1500.001,600,600,600,12.30,12.30,europe_zone_2,,,True,GBP,G,MM,7,False,True,50,smallParcel,Royal Mail public online Click & Drop rate; no discounts on account/contract terms,https://www.royalmail.com/sending/international/international-tracked,2026-04-07,verified public online price 2026-05-15,12,,0.12,2026-11-17,2027-01-09,,,,,,
royal_mail_international_tracked_small_parcel,International Tracked Small Parcel,OTA,01,tracked:b2c:b2b,Belgium,BE,0.001,2000,1500,2000.001,600,600,600,13.00,13.00,europe_zone_2,,,True,GBP,G,MM,7,False,True,50,smallParcel,Royal Mail public online Click & Drop rate; no discounts on account/contract terms,https://www.royalmail.com/sending/international/international-tracked,2026-04-07,verified public online price 2026-05-15,12,,0.12,2026-11-17,2027-01-09,,,,,,
royal_mail_international_tracked_small_parcel,International Tracked Small Parcel,OTA,01,tracked:b2c:b2b,Italy,IT,0.001,2000,0,250.001,600,600,600,9.65,9.65,europe_zone_2,,,True,GBP,G,MM,7,False,True,50,smallParcel,Royal Mail public online Click & Drop rate; no discounts on account/contract terms,https://www.royalmail.com/sending/international/international-tracked,2026-04-07,verified public online price 2026-05-15,12,,0.12,2026-11-17,2027-01-09,,,,,,
royal_mail_international_tracked_small_parcel,International Tracked Small Parcel,OTA,01,tracked:b2c:b2b,Italy,IT,0.001,2000,250,500.001,600,600,600,10.60,10.60,europe_zone_2,,,True,GBP,G,MM,7,False,True,50,smallParcel,Royal Mail public online Click & Drop rate; no discounts on account/contract terms,https://www.royalmail.com/sending/international/international-tracked,2026-04-07,verified public online price 2026-05-15,12,,0.12,2026-11-17,2027-01-09,,,,,,
royal_mail_international_tracked_small_parcel,International Tracked Small Parcel,OTA,01,tracked:b2c:b2b,Italy,IT,0.001,2000,500,750.001,600,600,600,11.15,11.15,europe_zone_2,,,True,GBP,G,MM,7,False,True,50,smallParcel,Royal Mail public online Click & Drop rate; no discounts on account/contract terms,https://www.royalmail.com/sending/international/international-tracked,2026-04-07,verified public online price 2026-05-15,12,,0.12,2026-11-17,2027-01-09,,,,,,
royal_mail_international_tracked_small_parcel,International Tracked Small Parcel,OTA,01,tracked:b2c:b2b,Italy,IT,0.001,2000,750,1000.001,600,600,600,11.90,11.90,europe_zone_2,,,True,GBP,G,MM,7,False,True,50,smallParcel,Royal Mail public online Click & Drop rate; no discounts on account/contract terms,https://www.royalmail.com/sending/international/international-tracked,2026-04-07,verified public online price 2026-05-15,12,,0.12,2026-11-17,2027-01-09,,,,,,
royal_mail_international_tracked_small_parcel,International Tracked Small Parcel,OTA,01,tracked:b2c:b2b,Italy,IT,0.001,2000,1000,1250.001,600,600,600,12.30,12.30,europe_zone_2,,,True,GBP,G,MM,7,False,True,50,smallParcel,Royal Mail public online Click & Drop rate; no discounts on account/contract terms,https://www.royalmail.com/sending/international/international-tracked,2026-04-07,verified public online price 2026-05-15,12,,0.12,2026-11-17,2027-01-09,,,,,,
royal_mail_international_tracked_small_parcel,International Tracked Small Parcel,OTA,01,tracked:b2c:b2b,Italy,IT,0.001,2000,1250,1500.001,600,600,600,12.30,12.30,europe_zone_2,,,True,GBP,G,MM,7,False,True,50,smallParcel,Royal Mail public online Click & Drop rate; no discounts on account/contract terms,https://www.royalmail.com/sending/international/international-tracked,2026-04-07,verified public online price 2026-05-15,12,,0.12,2026-11-17,2027-01-09,,,,,,
royal_mail_international_tracked_small_parcel,International Tracked Small Parcel,OTA,01,tracked:b2c:b2b,Italy,IT,0.001,2000,1500,2000.001,600,600,600,13.00,13.00,europe_zone_2,,,True,GBP,G,MM,7,False,True,50,smallParcel,Royal Mail public online Click & Drop rate; no discounts on account/contract terms,https://www.royalmail.com/sending/international/international-tracked,2026-04-07,verified public online price 2026-05-15,12,,0.12,2026-11-17,2027-01-09,,,,,,
royal_mail_international_tracked_small_parcel,International Tracked Small Parcel,OTA,01,tracked:b2c:b2b,Netherlands,NL,0.001,2000,0,250.001,600,600,600,9.20,9.20,europe_zone_2,,,True,GBP,G,MM,7,False,True,50,smallParcel,Royal Mail public online Click & Drop rate; no discounts on account/contract terms,https://www.royalmail.com/sending/international/international-tracked,2026-04-07,verified public online price 2026-05-15,12,,0.12,2026-11-17,2027-01-09,,,,,,
royal_mail_international_tracked_small_parcel,International Tracked Small Parcel,OTA,01,tracked:b2c:b2b,Netherlands,NL,0.001,2000,250,500.001,600,600,600,10.10,10.10,europe_zone_2,,,True,GBP,G,MM,7,False,True,50,smallParcel,Royal Mail public online Click & Drop rate; no discounts on account/contract terms,https://www.royalmail.com/sending/international/international-tracked,2026-04-07,verified public online price 2026-05-15,12,,0.12,2026-11-17,2027-01-09,,,,,,
royal_mail_international_tracked_small_parcel,International Tracked Small Parcel,OTA,01,tracked:b2c:b2b,Netherlands,NL,0.001,2000,500,750.001,600,600,600,10.65,10.65,europe_zone_2,,,True,GBP,G,MM,7,False,True,50,smallParcel,Royal Mail public online Click & Drop rate; no discounts on account/contract terms,https://www.royalmail.com/sending/international/international-tracked,2026-04-07,verified public online price 2026-05-15,12,,0.12,2026-11-17,2027-01-09,,,,,,
royal_mail_international_tracked_small_parcel,International Tracked Small Parcel,OTA,01,tracked:b2c:b2b,Netherlands,NL,0.001,2000,750,1000.001,600,600,600,10.85,10.85,europe_zone_2,,,True,GBP,G,MM,7,False,True,50,smallParcel,Royal Mail public online Click & Drop rate; no discounts on account/contract terms,https://www.royalmail.com/sending/international/international-tracked,2026-04-07,verified public online price 2026-05-15,12,,0.12,2026-11-17,2027-01-09,,,,,,
royal_mail_international_tracked_small_parcel,International Tracked Small Parcel,OTA,01,tracked:b2c:b2b,Netherlands,NL,0.001,2000,1000,1250.001,600,600,600,11.25,11.25,europe_zone_2,,,True,GBP,G,MM,7,False,True,50,smallParcel,Royal Mail public online Click & Drop rate; no discounts on account/contract terms,https://www.royalmail.com/sending/international/international-tracked,2026-04-07,verified public online price 2026-05-15,12,,0.12,2026-11-17,2027-01-09,,,,,,
royal_mail_international_tracked_small_parcel,International Tracked Small Parcel,OTA,01,tracked:b2c:b2b,Netherlands,NL,0.001,2000,1250,1500.001,600,600,600,11.25,11.25,europe_zone_2,,,True,GBP,G,MM,7,False,True,50,smallParcel,Royal Mail public online Click & Drop rate; no discounts on account/contract terms,https://www.royalmail.com/sending/international/international-tracked,2026-04-07,verified public online price 2026-05-15,12,,0.12,2026-11-17,2027-01-09,,,,,,
royal_mail_international_tracked_small_parcel,International Tracked Small Parcel,OTA,01,tracked:b2c:b2b,Netherlands,NL,0.001,2000,1500,2000.001,600,600,600,11.90,11.90,europe_zone_2,,,True,GBP,G,MM,7,False,True,50,smallParcel,Royal Mail public online Click & Drop rate; no discounts on account/contract terms,https://www.royalmail.com/sending/international/international-tracked,2026-04-07,verified public online price 2026-05-15,12,,0.12,2026-11-17,2027-01-09,,,,,,
royal_mail_international_tracked_small_parcel,International Tracked Small Parcel,OTA,01,tracked:b2c:b2b,Poland,PL,0.001,2000,0,250.001,600,600,600,9.85,9.85,europe_zone_2,,,True,GBP,G,MM,7,False,True,50,smallParcel,Royal Mail public online Click & Drop rate; no discounts on account/contract terms,https://www.royalmail.com/sending/international/international-tracked,2026-04-07,verified public online price 2026-05-15,12,,0.12,2026-11-17,2027-01-09,,,,,,
royal_mail_international_tracked_small_parcel,International Tracked Small Parcel,OTA,01,tracked:b2c:b2b,Poland,PL,0.001,2000,250,500.001,600,600,600,10.70,10.70,europe_zone_2,,,True,GBP,G,MM,7,False,True,50,smallParcel,Royal Mail public online Click & Drop rate; no discounts on account/contract terms,https://www.royalmail.com/sending/international/international-tracked,2026-04-07,verified public online price 2026-05-15,12,,0.12,2026-11-17,2027-01-09,,,,,,
royal_mail_international_tracked_small_parcel,International Tracked Small Parcel,OTA,01,tracked:b2c:b2b,Poland,PL,0.001,2000,500,750.001,600,600,600,11.30,11.30,europe_zone_2,,,True,GBP,G,MM,7,False,True,50,smallParcel,Royal Mail public online Click & Drop rate; no discounts on account/contract terms,https://www.royalmail.com/sending/international/international-tracked,2026-04-07,verified public online price 2026-05-15,12,,0.12,2026-11-17,2027-01-09,,,,,,
royal_mail_international_tracked_small_parcel,International Tracked Small Parcel,OTA,01,tracked:b2c:b2b,Poland,PL,0.001,2000,750,1000.001,600,600,600,12.00,12.00,europe_zone_2,,,True,GBP,G,MM,7,False,True,50,smallParcel,Royal Mail public online Click & Drop rate; no discounts on account/contract terms,https://www.royalmail.com/sending/international/international-tracked,2026-04-07,verified public online price 2026-05-15,12,,0.12,2026-11-17,2027-01-09,,,,,,
royal_mail_international_tracked_small_parcel,International Tracked Small Parcel,OTA,01,tracked:b2c:b2b,Poland,PL,0.001,2000,1000,1250.001,600,600,600,12.45,12.45,europe_zone_2,,,True,GBP,G,MM,7,False,True,50,smallParcel,Royal Mail public online Click & Drop rate; no discounts on account/contract terms,https://www.royalmail.com/sending/international/international-tracked,2026-04-07,verified public online price 2026-05-15,12,,0.12,2026-11-17,2027-01-09,,,,,,
royal_mail_international_tracked_small_parcel,International Tracked Small Parcel,OTA,01,tracked:b2c:b2b,Poland,PL,0.001,2000,1250,1500.001,600,600,600,12.45,12.45,europe_zone_2,,,True,GBP,G,MM,7,False,True,50,smallParcel,Royal Mail public online Click & Drop rate; no discounts on account/contract terms,https://www.royalmail.com/sending/international/international-tracked,2026-04-07,verified public online price 2026-05-15,12,,0.12,2026-11-17,2027-01-09,,,,,,
royal_mail_international_tracked_small_parcel,International Tracked Small Parcel,OTA,01,tracked:b2c:b2b,Poland,PL,0.001,2000,1500,2000.001,600,600,600,13.15,13.15,europe_zone_2,,,True,GBP,G,MM,7,False,True,50,smallParcel,Royal Mail public online Click & Drop rate; no discounts on account/contract terms,https://www.royalmail.com/sending/international/international-tracked,2026-04-07,verified public online price 2026-05-15,12,,0.12,2026-11-17,2027-01-09,,,,,,
royal_mail_international_tracked_small_parcel,International Tracked Small Parcel,OTA,01,tracked:b2c:b2b,Romania,RO,0.001,2000,0,250.001,600,600,600,14.15,14.15,europe_zone_2,,,True,GBP,G,MM,7,False,True,50,smallParcel,Royal Mail public online Click & Drop rate; no discounts on account/contract terms,https://www.royalmail.com/sending/international/international-tracked,2026-04-07,verified public online price 2026-05-15,12,,0.12,2026-11-17,2027-01-09,,,,,,
royal_mail_international_tracked_small_parcel,International Tracked Small Parcel,OTA,01,tracked:b2c:b2b,Romania,RO,0.001,2000,250,500.001,600,600,600,15.00,15.00,europe_zone_2,,,True,GBP,G,MM,7,False,True,50,smallParcel,Royal Mail public online Click & Drop rate; no discounts on account/contract terms,https://www.royalmail.com/sending/international/international-tracked,2026-04-07,verified public online price 2026-05-15,12,,0.12,2026-11-17,2027-01-09,,,,,,
royal_mail_international_tracked_small_parcel,International Tracked Small Parcel,OTA,01,tracked:b2c:b2b,Romania,RO,0.001,2000,500,750.001,600,600,600,15.60,15.60,europe_zone_2,,,True,GBP,G,MM,7,False,True,50,smallParcel,Royal Mail public online Click & Drop rate; no discounts on account/contract terms,https://www.royalmail.com/sending/international/international-tracked,2026-04-07,verified public online price 2026-05-15,12,,0.12,2026-11-17,2027-01-09,,,,,,
royal_mail_international_tracked_small_parcel,International Tracked Small Parcel,OTA,01,tracked:b2c:b2b,Romania,RO,0.001,2000,750,1000.001,600,600,600,16.30,16.30,europe_zone_2,,,True,GBP,G,MM,7,False,True,50,smallParcel,Royal Mail public online Click & Drop rate; no discounts on account/contract terms,https://www.royalmail.com/sending/international/international-tracked,2026-04-07,verified public online price 2026-05-15,12,,0.12,2026-11-17,2027-01-09,,,,,,
royal_mail_international_tracked_small_parcel,International Tracked Small Parcel,OTA,01,tracked:b2c:b2b,Romania,RO,0.001,2000,1000,1250.001,600,600,600,16.75,16.75,europe_zone_2,,,True,GBP,G,MM,7,False,True,50,smallParcel,Royal Mail public online Click & Drop rate; no discounts on account/contract terms,https://www.royalmail.com/sending/international/international-tracked,2026-04-07,verified public online price 2026-05-15,12,,0.12,2026-11-17,2027-01-09,,,,,,
royal_mail_international_tracked_small_parcel,International Tracked Small Parcel,OTA,01,tracked:b2c:b2b,Romania,RO,0.001,2000,1250,1500.001,600,600,600,16.75,16.75,europe_zone_2,,,True,GBP,G,MM,7,False,True,50,smallParcel,Royal Mail public online Click & Drop rate; no discounts on account/contract terms,https://www.royalmail.com/sending/international/international-tracked,2026-04-07,verified public online price 2026-05-15,12,,0.12,2026-11-17,2027-01-09,,,,,,
royal_mail_international_tracked_small_parcel,International Tracked Small Parcel,OTA,01,tracked:b2c:b2b,Romania,RO,0.001,2000,1500,2000.001,600,600,600,17.45,17.45,europe_zone_2,,,True,GBP,G,MM,7,False,True,50,smallParcel,Royal Mail public online Click & Drop rate; no discounts on account/contract terms,https://www.royalmail.com/sending/international/international-tracked,2026-04-07,verified public online price 2026-05-15,12,,0.12,2026-11-17,2027-01-09,,,,,,
royal_mail_international_tracked_small_parcel,International Tracked Small Parcel,OTA,01,tracked:b2c:b2b,Spain,ES,0.001,2000,0,250.001,600,600,600,9.60,9.60,europe_zone_2,,,True,GBP,G,MM,7,False,True,50,smallParcel,Royal Mail public online Click & Drop rate; no discounts on account/contract terms,https://www.royalmail.com/sending/international/international-tracked,2026-04-07,verified public online price 2026-05-15,12,,0.12,2026-11-17,2027-01-09,,,,,,
royal_mail_international_tracked_small_parcel,International Tracked Small Parcel,OTA,01,tracked:b2c:b2b,Spain,ES,0.001,2000,250,500.001,600,600,600,10.20,10.20,europe_zone_2,,,True,GBP,G,MM,7,False,True,50,smallParcel,Royal Mail public online Click & Drop rate; no discounts on account/contract terms,https://www.royalmail.com/sending/international/international-tracked,2026-04-07,verified public online price 2026-05-15,12,,0.12,2026-11-17,2027-01-09,,,,,,
royal_mail_international_tracked_small_parcel,International Tracked Small Parcel,OTA,01,tracked:b2c:b2b,Spain,ES,0.001,2000,500,750.001,600,600,600,10.75,10.75,europe_zone_2,,,True,GBP,G,MM,7,False,True,50,smallParcel,Royal Mail public online Click & Drop rate; no discounts on account/contract terms,https://www.royalmail.com/sending/international/international-tracked,2026-04-07,verified public online price 2026-05-15,12,,0.12,2026-11-17,2027-01-09,,,,,,
royal_mail_international_tracked_small_parcel,International Tracked Small Parcel,OTA,01,tracked:b2c:b2b,Spain,ES,0.001,2000,750,1000.001,600,600,600,11.40,11.40,europe_zone_2,,,True,GBP,G,MM,7,False,True,50,smallParcel,Royal Mail public online Click & Drop rate; no discounts on account/contract terms,https://www.royalmail.com/sending/international/international-tracked,2026-04-07,verified public online price 2026-05-15,12,,0.12,2026-11-17,2027-01-09,,,,,,
royal_mail_international_tracked_small_parcel,International Tracked Small Parcel,OTA,01,tracked:b2c:b2b,Spain,ES,0.001,2000,1000,1250.001,600,600,600,11.85,11.85,europe_zone_2,,,True,GBP,G,MM,7,False,True,50,smallParcel,Royal Mail public online Click & Drop rate; no discounts on account/contract terms,https://www.royalmail.com/sending/international/international-tracked,2026-04-07,verified public online price 2026-05-15,12,,0.12,2026-11-17,2027-01-09,,,,,,
royal_mail_international_tracked_small_parcel,International Tracked Small Parcel,OTA,01,tracked:b2c:b2b,Spain,ES,0.001,2000,1250,1500.001,600,600,600,11.85,11.85,europe_zone_2,,,True,GBP,G,MM,7,False,True,50,smallParcel,Royal Mail public online Click & Drop rate; no discounts on account/contract terms,https://www.royalmail.com/sending/international/international-tracked,2026-04-07,verified public online price 2026-05-15,12,,0.12,2026-11-17,2027-01-09,,,,,,
royal_mail_international_tracked_small_parcel,International Tracked Small Parcel,OTA,01,tracked:b2c:b2b,Spain,ES,0.001,2000,1500,2000.001,600,600,600,12.50,12.50,europe_zone_2,,,True,GBP,G,MM,7,False,True,50,smallParcel,Royal Mail public online Click & Drop rate; no discounts on account/contract terms,https://www.royalmail.com/sending/international/international-tracked,2026-04-07,verified public online price 2026-05-15,12,,0.12,2026-11-17,2027-01-09,,,,,,
royal_mail_international_tracked_small_parcel,International Tracked Small Parcel,OTA,01,tracked:b2c:b2b,Sweden,SE,0.001,2000,0,250.001,600,600,600,9.65,9.65,europe_zone_2,,,True,GBP,G,MM,7,False,True,50,smallParcel,Royal Mail public online Click & Drop rate; no discounts on account/contract terms,https://www.royalmail.com/sending/international/international-tracked,2026-04-07,verified public online price 2026-05-15,12,,0.12,2026-11-17,2027-01-09,,,,,,
royal_mail_international_tracked_small_parcel,International Tracked Small Parcel,OTA,01,tracked:b2c:b2b,Sweden,SE,0.001,2000,250,500.001,600,600,600,10.60,10.60,europe_zone_2,,,True,GBP,G,MM,7,False,True,50,smallParcel,Royal Mail public online Click & Drop rate; no discounts on account/contract terms,https://www.royalmail.com/sending/international/international-tracked,2026-04-07,verified public online price 2026-05-15,12,,0.12,2026-11-17,2027-01-09,,,,,,
royal_mail_international_tracked_small_parcel,International Tracked Small Parcel,OTA,01,tracked:b2c:b2b,Sweden,SE,0.001,2000,500,750.001,600,600,600,11.15,11.15,europe_zone_2,,,True,GBP,G,MM,7,False,True,50,smallParcel,Royal Mail public online Click & Drop rate; no discounts on account/contract terms,https://www.royalmail.com/sending/international/international-tracked,2026-04-07,verified public online price 2026-05-15,12,,0.12,2026-11-17,2027-01-09,,,,,,
royal_mail_international_tracked_small_parcel,International Tracked Small Parcel,OTA,01,tracked:b2c:b2b,Sweden,SE,0.001,2000,750,1000.001,600,600,600,11.90,11.90,europe_zone_2,,,True,GBP,G,MM,7,False,True,50,smallParcel,Royal Mail public online Click & Drop rate; no discounts on account/contract terms,https://www.royalmail.com/sending/international/international-tracked,2026-04-07,verified public online price 2026-05-15,12,,0.12,2026-11-17,2027-01-09,,,,,,
royal_mail_international_tracked_small_parcel,International Tracked Small Parcel,OTA,01,tracked:b2c:b2b,Sweden,SE,0.001,2000,1000,1250.001,600,600,600,12.30,12.30,europe_zone_2,,,True,GBP,G,MM,7,False,True,50,smallParcel,Royal Mail public online Click & Drop rate; no discounts on account/contract terms,https://www.royalmail.com/sending/international/international-tracked,2026-04-07,verified public online price 2026-05-15,12,,0.12,2026-11-17,2027-01-09,,,,,,
royal_mail_international_tracked_small_parcel,International Tracked Small Parcel,OTA,01,tracked:b2c:b2b,Sweden,SE,0.001,2000,1250,1500.001,600,600,600,12.30,12.30,europe_zone_2,,,True,GBP,G,MM,7,False,True,50,smallParcel,Royal Mail public online Click & Drop rate; no discounts on account/contract terms,https://www.royalmail.com/sending/international/international-tracked,2026-04-07,verified public online price 2026-05-15,12,,0.12,2026-11-17,2027-01-09,,,,,,
royal_mail_international_tracked_small_parcel,International Tracked Small Parcel,OTA,01,tracked:b2c:b2b,Sweden,SE,0.001,2000,1500,2000.001,600,600,600,13.00,13.00,europe_zone_2,,,True,GBP,G,MM,7,False,True,50,smallParcel,Royal Mail public online Click & Drop rate; no discounts on account/contract terms,https://www.royalmail.com/sending/international/international-tracked,2026-04-07,verified public online price 2026-05-15,12,,0.12,2026-11-17,2027-01-09,,,,,,
royal_mail_international_tracked_small_parcel,International Tracked Small Parcel,OTA,01,tracked:b2c:b2b,Rest of Europe Zone 2,AT:LV:PT:LT:LU:BG:MT:HR:CY:CZ:SK:EE:SI:FI:GR:HU,0.001,2000,0,250.001,600,600,600,9.85,9.85,europe_zone_2,,,True,GBP,G,MM,7,False,True,50,smallParcel,Royal Mail public online Click & Drop rate; no discounts on account/contract terms,https://www.royalmail.com/sending/international/international-tracked,2026-04-07,verified public online price 2026-05-15,12,,0.12,2026-11-17,2027-01-09,,,,,,
royal_mail_international_tracked_small_parcel,International Tracked Small Parcel,OTA,01,tracked:b2c:b2b,Rest of Europe Zone 2,AT:LV:PT:LT:LU:BG:MT:HR:CY:CZ:SK:EE:SI:FI:GR:HU,0.001,2000,250,500.001,600,600,600,10.70,10.70,europe_zone_2,,,True,GBP,G,MM,7,False,True,50,smallParcel,Royal Mail public online Click & Drop rate; no discounts on account/contract terms,https://www.royalmail.com/sending/international/international-tracked,2026-04-07,verified public online price 2026-05-15,12,,0.12,2026-11-17,2027-01-09,,,,,,
royal_mail_international_tracked_small_parcel,International Tracked Small Parcel,OTA,01,tracked:b2c:b2b,Rest of Europe Zone 2,AT:LV:PT:LT:LU:BG:MT:HR:CY:CZ:SK:EE:SI:FI:GR:HU,0.001,2000,500,750.001,600,600,600,11.45,11.45,europe_zone_2,,,True,GBP,G,MM,7,False,True,50,smallParcel,Royal Mail public online Click & Drop rate; no discounts on account/contract terms,https://www.royalmail.com/sending/international/international-tracked,2026-04-07,verified public online price 2026-05-15,12,,0.12,2026-11-17,2027-01-09,,,,,,
royal_mail_international_tracked_small_parcel,International Tracked Small Parcel,OTA,01,tracked:b2c:b2b,Rest of Europe Zone 2,AT:LV:PT:LT:LU:BG:MT:HR:CY:CZ:SK:EE:SI:FI:GR:HU,0.001,2000,750,1000.001,600,600,600,12.10,12.10,europe_zone_2,,,True,GBP,G,MM,7,False,True,50,smallParcel,Royal Mail public online Click & Drop rate; no discounts on account/contract terms,https://www.royalmail.com/sending/international/international-tracked,2026-04-07,verified public online price 2026-05-15,12,,0.12,2026-11-17,2027-01-09,,,,,,
royal_mail_international_tracked_small_parcel,International Tracked Small Parcel,OTA,01,tracked:b2c:b2b,Rest of Europe Zone 2,AT:LV:PT:LT:LU:BG:MT:HR:CY:CZ:SK:EE:SI:FI:GR:HU,0.001,2000,1000,1250.001,600,600,600,12.45,12.45,europe_zone_2,,,True,GBP,G,MM,7,False,True,50,smallParcel,Royal Mail public online Click & Drop rate; no discounts on account/contract terms,https://www.royalmail.com/sending/international/international-tracked,2026-04-07,verified public online price 2026-05-15,12,,0.12,2026-11-17,2027-01-09,,,,,,
royal_mail_international_tracked_small_parcel,International Tracked Small Parcel,OTA,01,tracked:b2c:b2b,Rest of Europe Zone 2,AT:LV:PT:LT:LU:BG:MT:HR:CY:CZ:SK:EE:SI:FI:GR:HU,0.001,2000,1250,1500.001,600,600,600,12.45,12.45,europe_zone_2,,,True,GBP,G,MM,7,False,True,50,smallParcel,Royal Mail public online Click & Drop rate; no discounts on account/contract terms,https://www.royalmail.com/sending/international/international-tracked,2026-04-07,verified public online price 2026-05-15,12,,0.12,2026-11-17,2027-01-09,,,,,,
royal_mail_international_tracked_small_parcel,International Tracked Small Parcel,OTA,01,tracked:b2c:b2b,Rest of Europe Zone 2,AT:LV:PT:LT:LU:BG:MT:HR:CY:CZ:SK:EE:SI:FI:GR:HU,0.001,2000,1500,2000.001,600,600,600,13.15,13.15,europe_zone_2,,,True,GBP,G,MM,7,False,True,50,smallParcel,Royal Mail public online Click & Drop rate; no discounts on account/contract terms,https://www.royalmail.com/sending/international/international-tracked,2026-04-07,verified public online price 2026-05-15,12,,0.12,2026-11-17,2027-01-09,,,,,,
royal_mail_international_tracked_small_parcel,International Tracked Small Parcel,OTA,01,tracked:b2c:b2b,Norway,NO:SJ,0.001,2000,0,250.001,600,600,600,10.90,10.90,europe_zone_3,,,True,GBP,G,MM,7,False,True,50,smallParcel,Royal Mail public online Click & Drop rate; no discounts on account/contract terms,https://www.royalmail.com/sending/international/international-tracked,2026-04-07,verified public online price 2026-05-15,12,,0.12,2026-11-17,2027-01-09,,,,,,
royal_mail_international_tracked_small_parcel,International Tracked Small Parcel,OTA,01,tracked:b2c:b2b,Norway,NO:SJ,0.001,2000,250,500.001,600,600,600,12.50,12.50,europe_zone_3,,,True,GBP,G,MM,7,False,True,50,smallParcel,Royal Mail public online Click & Drop rate; no discounts on account/contract terms,https://www.royalmail.com/sending/international/international-tracked,2026-04-07,verified public online price 2026-05-15,12,,0.12,2026-11-17,2027-01-09,,,,,,
royal_mail_international_tracked_small_parcel,International Tracked Small Parcel,OTA,01,tracked:b2c:b2b,Norway,NO:SJ,0.001,2000,500,750.001,600,600,600,13.05,13.05,europe_zone_3,,,True,GBP,G,MM,7,False,True,50,smallParcel,Royal Mail public online Click & Drop rate; no discounts on account/contract terms,https://www.royalmail.com/sending/international/international-tracked,2026-04-07,verified public online price 2026-05-15,12,,0.12,2026-11-17,2027-01-09,,,,,,
royal_mail_international_tracked_small_parcel,International Tracked Small Parcel,OTA,01,tracked:b2c:b2b,Norway,NO:SJ,0.001,2000,750,1000.001,600,600,600,14.05,14.05,europe_zone_3,,,True,GBP,G,MM,7,False,True,50,smallParcel,Royal Mail public online Click & Drop rate; no discounts on account/contract terms,https://www.royalmail.com/sending/international/international-tracked,2026-04-07,verified public online price 2026-05-15,12,,0.12,2026-11-17,2027-01-09,,,,,,
royal_mail_international_tracked_small_parcel,International Tracked Small Parcel,OTA,01,tracked:b2c:b2b,Norway,NO:SJ,0.001,2000,1000,1250.001,600,600,600,15.00,15.00,europe_zone_3,,,True,GBP,G,MM,7,False,True,50,smallParcel,Royal Mail public online Click & Drop rate; no discounts on account/contract terms,https://www.royalmail.com/sending/international/international-tracked,2026-04-07,verified public online price 2026-05-15,12,,0.12,2026-11-17,2027-01-09,,,,,,
royal_mail_international_tracked_small_parcel,International Tracked Small Parcel,OTA,01,tracked:b2c:b2b,Norway,NO:SJ,0.001,2000,1250,1500.001,600,600,600,15.60,15.60,europe_zone_3,,,True,GBP,G,MM,7,False,True,50,smallParcel,Royal Mail public online Click & Drop rate; no discounts on account/contract terms,https://www.royalmail.com/sending/international/international-tracked,2026-04-07,verified public online price 2026-05-15,12,,0.12,2026-11-17,2027-01-09,,,,,,
royal_mail_international_tracked_small_parcel,International Tracked Small Parcel,OTA,01,tracked:b2c:b2b,Norway,NO:SJ,0.001,2000,1500,2000.001,600,600,600,16.05,16.05,europe_zone_3,,,True,GBP,G,MM,7,False,True,50,smallParcel,Royal Mail public online Click & Drop rate; no discounts on account/contract terms,https://www.royalmail.com/sending/international/international-tracked,2026-04-07,verified public online price 2026-05-15,12,,0.12,2026-11-17,2027-01-09,,,,,,
royal_mail_international_tracked_small_parcel,International Tracked Small Parcel,OTA,01,tracked:b2c:b2b,Switzerland,CH,0.001,2000,0,250.001,600,600,600,11.95,11.95,europe_zone_3,,,True,GBP,G,MM,7,False,True,50,smallParcel,Royal Mail public online Click & Drop rate; no discounts on account/contract terms,https://www.royalmail.com/sending/international/international-tracked,2026-04-07,verified public online price 2026-05-15,12,,0.12,2026-11-17,2027-01-09,,,,,,
royal_mail_international_tracked_small_parcel,International Tracked Small Parcel,OTA,01,tracked:b2c:b2b,Switzerland,CH,0.001,2000,250,500.001,600,600,600,11.95,11.95,europe_zone_3,,,True,GBP,G,MM,7,False,True,50,smallParcel,Royal Mail public online Click & Drop rate; no discounts on account/contract terms,https://www.royalmail.com/sending/international/international-tracked,2026-04-07,verified public online price 2026-05-15,12,,0.12,2026-11-17,2027-01-09,,,,,,
royal_mail_international_tracked_small_parcel,International Tracked Small Parcel,OTA,01,tracked:b2c:b2b,Switzerland,CH,0.001,2000,500,750.001,600,600,600,12.25,12.25,europe_zone_3,,,True,GBP,G,MM,7,False,True,50,smallParcel,Royal Mail public online Click & Drop rate; no discounts on account/contract terms,https://www.royalmail.com/sending/international/international-tracked,2026-04-07,verified public online price 2026-05-15,12,,0.12,2026-11-17,2027-01-09,,,,,,
royal_mail_international_tracked_small_parcel,International Tracked Small Parcel,OTA,01,tracked:b2c:b2b,Switzerland,CH,0.001,2000,750,1000.001,600,600,600,13.20,13.20,europe_zone_3,,,True,GBP,G,MM,7,False,True,50,smallParcel,Royal Mail public online Click & Drop rate; no discounts on account/contract terms,https://www.royalmail.com/sending/international/international-tracked,2026-04-07,verified public online price 2026-05-15,12,,0.12,2026-11-17,2027-01-09,,,,,,
royal_mail_international_tracked_small_parcel,International Tracked Small Parcel,OTA,01,tracked:b2c:b2b,Switzerland,CH,0.001,2000,1000,1250.001,600,600,600,13.75,13.75,europe_zone_3,,,True,GBP,G,MM,7,False,True,50,smallParcel,Royal Mail public online Click & Drop rate; no discounts on account/contract terms,https://www.royalmail.com/sending/international/international-tracked,2026-04-07,verified public online price 2026-05-15,12,,0.12,2026-11-17,2027-01-09,,,,,,
royal_mail_international_tracked_small_parcel,International Tracked Small Parcel,OTA,01,tracked:b2c:b2b,Switzerland,CH,0.001,2000,1250,1500.001,600,600,600,14.30,14.30,europe_zone_3,,,True,GBP,G,MM,7,False,True,50,smallParcel,Royal Mail public online Click & Drop rate; no discounts on account/contract terms,https://www.royalmail.com/sending/international/international-tracked,2026-04-07,verified public online price 2026-05-15,12,,0.12,2026-11-17,2027-01-09,,,,,,
royal_mail_international_tracked_small_parcel,International Tracked Small Parcel,OTA,01,tracked:b2c:b2b,Switzerland,CH,0.001,2000,1500,2000.001,600,600,600,14.55,14.55,europe_zone_3,,,True,GBP,G,MM,7,False,True,50,smallParcel,Royal Mail public online Click & Drop rate; no discounts on account/contract terms,https://www.royalmail.com/sending/international/international-tracked,2026-04-07,verified public online price 2026-05-15,12,,0.12,2026-11-17,2027-01-09,,,,,,
royal_mail_international_tracked_small_parcel,International Tracked Small Parcel,OTA,01,tracked:b2c:b2b,Turkey,TR,0.001,2000,0,250.001,600,600,600,11.65,11.65,europe_zone_3,,,True,GBP,G,MM,7,False,True,50,smallParcel,Royal Mail public online Click & Drop rate; no discounts on account/contract terms,https://www.royalmail.com/sending/international/international-tracked,2026-04-07,verified public online price 2026-05-15,12,,0.12,2026-11-17,2027-01-09,,,,,,
royal_mail_international_tracked_small_parcel,International Tracked Small Parcel,OTA,01,tracked:b2c:b2b,Turkey,TR,0.001,2000,250,500.001,600,600,600,13.90,13.90,europe_zone_3,,,True,GBP,G,MM,7,False,True,50,smallParcel,Royal Mail public online Click & Drop rate; no discounts on account/contract terms,https://www.royalmail.com/sending/international/international-tracked,2026-04-07,verified public online price 2026-05-15,12,,0.12,2026-11-17,2027-01-09,,,,,,
royal_mail_international_tracked_small_parcel,International Tracked Small Parcel,OTA,01,tracked:b2c:b2b,Turkey,TR,0.001,2000,500,750.001,600,600,600,14.50,14.50,europe_zone_3,,,True,GBP,G,MM,7,False,True,50,smallParcel,Royal Mail public online Click & Drop rate; no discounts on account/contract terms,https://www.royalmail.com/sending/international/international-tracked,2026-04-07,verified public online price 2026-05-15,12,,0.12,2026-11-17,2027-01-09,,,,,,
royal_mail_international_tracked_small_parcel,International Tracked Small Parcel,OTA,01,tracked:b2c:b2b,Turkey,TR,0.001,2000,750,1000.001,600,600,600,15.65,15.65,europe_zone_3,,,True,GBP,G,MM,7,False,True,50,smallParcel,Royal Mail public online Click & Drop rate; no discounts on account/contract terms,https://www.royalmail.com/sending/international/international-tracked,2026-04-07,verified public online price 2026-05-15,12,,0.12,2026-11-17,2027-01-09,,,,,,
royal_mail_international_tracked_small_parcel,International Tracked Small Parcel,OTA,01,tracked:b2c:b2b,Turkey,TR,0.001,2000,1000,1250.001,600,600,600,16.75,16.75,europe_zone_3,,,True,GBP,G,MM,7,False,True,50,smallParcel,Royal Mail public online Click & Drop rate; no discounts on account/contract terms,https://www.royalmail.com/sending/international/international-tracked,2026-04-07,verified public online price 2026-05-15,12,,0.12,2026-11-17,2027-01-09,,,,,,
royal_mail_international_tracked_small_parcel,International Tracked Small Parcel,OTA,01,tracked:b2c:b2b,Turkey,TR,0.001,2000,1250,1500.001,600,600,600,17.45,17.45,europe_zone_3,,,True,GBP,G,MM,7,False,True,50,smallParcel,Royal Mail public online Click & Drop rate; no discounts on account/contract terms,https://www.royalmail.com/sending/international/international-tracked,2026-04-07,verified public online price 2026-05-15,12,,0.12,2026-11-17,2027-01-09,,,,,,
royal_mail_international_tracked_small_parcel,International Tracked Small Parcel,OTA,01,tracked:b2c:b2b,Turkey,TR,0.001,2000,1500,2000.001,600,600,600,17.95,17.95,europe_zone_3,,,True,GBP,G,MM,7,False,True,50,smallParcel,Royal Mail public online Click & Drop rate; no discounts on account/contract terms,https://www.royalmail.com/sending/international/international-tracked,2026-04-07,verified public online price 2026-05-15,12,,0.12,2026-11-17,2027-01-09,,,,,,
royal_mail_international_tracked_small_parcel,International Tracked Small Parcel,OTA,01,tracked:b2c:b2b,Rest of Europe Zone 3,AL:MD:AD:ME:AM:MK:AZ:BY:RU:BA:SM:FO:RS:GE:GI:TJ:GL:IS:TM:KZ:UA:XK:UZ:KG:VA:LI,0.001,2000,0,250.001,600,600,600,12.15,12.15,europe_zone_3,,,True,GBP,G,MM,7,False,True,50,smallParcel,Royal Mail public online Click & Drop rate; no discounts on account/contract terms,https://www.royalmail.com/sending/international/international-tracked,2026-04-07,verified public online price 2026-05-15,12,,0.12,2026-11-17,2027-01-09,,,,,,
royal_mail_international_tracked_small_parcel,International Tracked Small Parcel,OTA,01,tracked:b2c:b2b,Rest of Europe Zone 3,AL:MD:AD:ME:AM:MK:AZ:BY:RU:BA:SM:FO:RS:GE:GI:TJ:GL:IS:TM:KZ:UA:XK:UZ:KG:VA:LI,0.001,2000,250,500.001,600,600,600,14.40,14.40,europe_zone_3,,,True,GBP,G,MM,7,False,True,50,smallParcel,Royal Mail public online Click & Drop rate; no discounts on account/contract terms,https://www.royalmail.com/sending/international/international-tracked,2026-04-07,verified public online price 2026-05-15,12,,0.12,2026-11-17,2027-01-09,,,,,,
royal_mail_international_tracked_small_parcel,International Tracked Small Parcel,OTA,01,tracked:b2c:b2b,Rest of Europe Zone 3,AL:MD:AD:ME:AM:MK:AZ:BY:RU:BA:SM:FO:RS:GE:GI:TJ:GL:IS:TM:KZ:UA:XK:UZ:KG:VA:LI,0.001,2000,500,750.001,600,600,600,15.00,15.00,europe_zone_3,,,True,GBP,G,MM,7,False,True,50,smallParcel,Royal Mail public online Click & Drop rate; no discounts on account/contract terms,https://www.royalmail.com/sending/international/international-tracked,2026-04-07,verified public online price 2026-05-15,12,,0.12,2026-11-17,2027-01-09,,,,,,
royal_mail_international_tracked_small_parcel,International Tracked Small Parcel,OTA,01,tracked:b2c:b2b,Rest of Europe Zone 3,AL:MD:AD:ME:AM:MK:AZ:BY:RU:BA:SM:FO:RS:GE:GI:TJ:GL:IS:TM:KZ:UA:XK:UZ:KG:VA:LI,0.001,2000,750,1000.001,600,600,600,16.15,16.15,europe_zone_3,,,True,GBP,G,MM,7,False,True,50,smallParcel,Royal Mail public online Click & Drop rate; no discounts on account/contract terms,https://www.royalmail.com/sending/international/international-tracked,2026-04-07,verified public online price 2026-05-15,12,,0.12,2026-11-17,2027-01-09,,,,,,
royal_mail_international_tracked_small_parcel,International Tracked Small Parcel,OTA,01,tracked:b2c:b2b,Rest of Europe Zone 3,AL:MD:AD:ME:AM:MK:AZ:BY:RU:BA:SM:FO:RS:GE:GI:TJ:GL:IS:TM:KZ:UA:XK:UZ:KG:VA:LI,0.001,2000,1000,1250.001,600,600,600,17.25,17.25,europe_zone_3,,,True,GBP,G,MM,7,False,True,50,smallParcel,Royal Mail public online Click & Drop rate; no discounts on account/contract terms,https://www.royalmail.com/sending/international/international-tracked,2026-04-07,verified public online price 2026-05-15,12,,0.12,2026-11-17,2027-01-09,,,,,,
royal_mail_international_tracked_small_parcel,International Tracked Small Parcel,OTA,01,tracked:b2c:b2b,Rest of Europe Zone 3,AL:MD:AD:ME:AM:MK:AZ:BY:RU:BA:SM:FO:RS:GE:GI:TJ:GL:IS:TM:KZ:UA:XK:UZ:KG:VA:LI,0.001,2000,1250,1500.001,600,600,600,17.95,17.95,europe_zone_3,,,True,GBP,G,MM,7,False,True,50,smallParcel,Royal Mail public online Click & Drop rate; no discounts on account/contract terms,https://www.royalmail.com/sending/international/international-tracked,2026-04-07,verified public online price 2026-05-15,12,,0.12,2026-11-17,2027-01-09,,,,,,
royal_mail_international_tracked_small_parcel,International Tracked Small Parcel,OTA,01,tracked:b2c:b2b,Rest of Europe Zone 3,AL:MD:AD:ME:AM:MK:AZ:BY:RU:BA:SM:FO:RS:GE:GI:TJ:GL:IS:TM:KZ:UA:XK:UZ:KG:VA:LI,0.001,2000,1500,2000.001,600,600,600,18.45,18.45,europe_zone_3,,,True,GBP,G,MM,7,False,True,50,smallParcel,Royal Mail public online Click & Drop rate; no discounts on account/contract terms,https://www.royalmail.com/sending/international/international-tracked,2026-04-07,verified public online price 2026-05-15,12,,0.12,2026-11-17,2027-01-09,,,,,,
royal_mail_international_tracked_small_parcel,International Tracked Small Parcel,OTA,01,tracked:b2c:b2b,USA,US,0.001,2000,0,250.001,600,600,600,12.17,12.17,world_zone_3,,,True,GBP,G,MM,7,False,True,50,smallParcel,Royal Mail public online Click & Drop rate; no discounts on account/contract terms,https://www.royalmail.com/sending/international/international-tracked,2026-04-07,verified public online price 2026-05-15,12,,0.12,2026-11-17,2027-01-09,,,,,,
royal_mail_international_tracked_small_parcel,International Tracked Small Parcel,OTA,01,tracked:b2c:b2b,USA,US,0.001,2000,250,500.001,600,600,600,14.25,14.25,world_zone_3,,,True,GBP,G,MM,7,False,True,50,smallParcel,Royal Mail public online Click & Drop rate; no discounts on account/contract terms,https://www.royalmail.com/sending/international/international-tracked,2026-04-07,verified public online price 2026-05-15,12,,0.12,2026-11-17,2027-01-09,,,,,,
royal_mail_international_tracked_small_parcel,International Tracked Small Parcel,OTA,01,tracked:b2c:b2b,USA,US,0.001,2000,500,750.001,600,600,600,17.53,17.53,world_zone_3,,,True,GBP,G,MM,7,False,True,50,smallParcel,Royal Mail public online Click & Drop rate; no discounts on account/contract terms,https://www.royalmail.com/sending/international/international-tracked,2026-04-07,verified public online price 2026-05-15,12,,0.12,2026-11-17,2027-01-09,,,,,,
royal_mail_international_tracked_small_parcel,International Tracked Small Parcel,OTA,01,tracked:b2c:b2b,USA,US,0.001,2000,750,1000.001,600,600,600,17.53,17.53,world_zone_3,,,True,GBP,G,MM,7,False,True,50,smallParcel,Royal Mail public online Click & Drop rate; no discounts on account/contract terms,https://www.royalmail.com/sending/international/international-tracked,2026-04-07,verified public online price 2026-05-15,12,,0.12,2026-11-17,2027-01-09,,,,,,
royal_mail_international_tracked_small_parcel,International Tracked Small Parcel,OTA,01,tracked:b2c:b2b,USA,US,0.001,2000,1000,1250.001,600,600,600,20.20,20.20,world_zone_3,,,True,GBP,G,MM,7,False,True,50,smallParcel,Royal Mail public online Click & Drop rate; no discounts on account/contract terms,https://www.royalmail.com/sending/international/international-tracked,2026-04-07,verified public online price 2026-05-15,12,,0.12,2026-11-17,2027-01-09,,,,,,
royal_mail_international_tracked_small_parcel,International Tracked Small Parcel,OTA,01,tracked:b2c:b2b,USA,US,0.001,2000,1250,1500.001,600,600,600,20.20,20.20,world_zone_3,,,True,GBP,G,MM,7,False,True,50,smallParcel,Royal Mail public online Click & Drop rate; no discounts on account/contract terms,https://www.royalmail.com/sending/international/international-tracked,2026-04-07,verified public online price 2026-05-15,12,,0.12,2026-11-17,2027-01-09,,,,,,
royal_mail_international_tracked_small_parcel,International Tracked Small Parcel,OTA,01,tracked:b2c:b2b,USA,US,0.001,2000,1500,2000.001,600,600,600,20.20,20.20,world_zone_3,,,True,GBP,G,MM,7,False,True,50,smallParcel,Royal Mail public online Click & Drop rate; no discounts on account/contract terms,https://www.royalmail.com/sending/international/international-tracked,2026-04-07,verified public online price 2026-05-15,12,,0.12,2026-11-17,2027-01-09,,,,,,
royal_mail_international_tracked_small_parcel,International Tracked Small Parcel,OTA,01,tracked:b2c:b2b,Brazil,BR,0.001,2000,0,250.001,600,600,600,12.30,12.30,world_zone_1,,,True,GBP,G,MM,7,False,True,50,smallParcel,Royal Mail public online Click & Drop rate; no discounts on account/contract terms,https://www.royalmail.com/sending/international/international-tracked,2026-04-07,verified public online price 2026-05-15,12,,0.12,2026-11-17,2027-01-09,,,,,,
royal_mail_international_tracked_small_parcel,International Tracked Small Parcel,OTA,01,tracked:b2c:b2b,Brazil,BR,0.001,2000,250,500.001,600,600,600,15.60,15.60,world_zone_1,,,True,GBP,G,MM,7,False,True,50,smallParcel,Royal Mail public online Click & Drop rate; no discounts on account/contract terms,https://www.royalmail.com/sending/international/international-tracked,2026-04-07,verified public online price 2026-05-15,12,,0.12,2026-11-17,2027-01-09,,,,,,
royal_mail_international_tracked_small_parcel,International Tracked Small Parcel,OTA,01,tracked:b2c:b2b,Brazil,BR,0.001,2000,500,750.001,600,600,600,19.20,19.20,world_zone_1,,,True,GBP,G,MM,7,False,True,50,smallParcel,Royal Mail public online Click & Drop rate; no discounts on account/contract terms,https://www.royalmail.com/sending/international/international-tracked,2026-04-07,verified public online price 2026-05-15,12,,0.12,2026-11-17,2027-01-09,,,,,,
royal_mail_international_tracked_small_parcel,International Tracked Small Parcel,OTA,01,tracked:b2c:b2b,Brazil,BR,0.001,2000,750,1000.001,600,600,600,22.30,22.30,world_zone_1,,,True,GBP,G,MM,7,False,True,50,smallParcel,Royal Mail public online Click & Drop rate; no discounts on account/contract terms,https://www.royalmail.com/sending/international/international-tracked,2026-04-07,verified public online price 2026-05-15,12,,0.12,2026-11-17,2027-01-09,,,,,,
royal_mail_international_tracked_small_parcel,International Tracked Small Parcel,OTA,01,tracked:b2c:b2b,Brazil,BR,0.001,2000,1000,1250.001,600,600,600,25.15,25.15,world_zone_1,,,True,GBP,G,MM,7,False,True,50,smallParcel,Royal Mail public online Click & Drop rate; no discounts on account/contract terms,https://www.royalmail.com/sending/international/international-tracked,2026-04-07,verified public online price 2026-05-15,12,,0.12,2026-11-17,2027-01-09,,,,,,
royal_mail_international_tracked_small_parcel,International Tracked Small Parcel,OTA,01,tracked:b2c:b2b,Brazil,BR,0.001,2000,1250,1500.001,600,600,600,26.15,26.15,world_zone_1,,,True,GBP,G,MM,7,False,True,50,smallParcel,Royal Mail public online Click & Drop rate; no discounts on account/contract terms,https://www.royalmail.com/sending/international/international-tracked,2026-04-07,verified public online price 2026-05-15,12,,0.12,2026-11-17,2027-01-09,,,,,,
royal_mail_international_tracked_small_parcel,International Tracked Small Parcel,OTA,01,tracked:b2c:b2b,Brazil,BR,0.001,2000,1500,2000.001,600,600,600,28.05,28.05,world_zone_1,,,True,GBP,G,MM,7,False,True,50,smallParcel,Royal Mail public online Click & Drop rate; no discounts on account/contract terms,https://www.royalmail.com/sending/international/international-tracked,2026-04-07,verified public online price 2026-05-15,12,,0.12,2026-11-17,2027-01-09,,,,,,
royal_mail_international_tracked_small_parcel,International Tracked Small Parcel,OTA,01,tracked:b2c:b2b,Canada,CA,0.001,2000,0,250.001,600,600,600,14.44,14.44,world_zone_1,,,True,GBP,G,MM,7,False,True,50,smallParcel,Royal Mail public online Click & Drop rate; no discounts on account/contract terms,https://www.royalmail.com/sending/international/international-tracked,2026-04-07,verified public online price 2026-05-15,12,,0.12,2026-11-17,2027-01-09,,,,,,
royal_mail_international_tracked_small_parcel,International Tracked Small Parcel,OTA,01,tracked:b2c:b2b,Canada,CA,0.001,2000,250,500.001,600,600,600,14.44,14.44,world_zone_1,,,True,GBP,G,MM,7,False,True,50,smallParcel,Royal Mail public online Click & Drop rate; no discounts on account/contract terms,https://www.royalmail.com/sending/international/international-tracked,2026-04-07,verified public online price 2026-05-15,12,,0.12,2026-11-17,2027-01-09,,,,,,
royal_mail_international_tracked_small_parcel,International Tracked Small Parcel,OTA,01,tracked:b2c:b2b,Canada,CA,0.001,2000,500,750.001,600,600,600,17.01,17.01,world_zone_1,,,True,GBP,G,MM,7,False,True,50,smallParcel,Royal Mail public online Click & Drop rate; no discounts on account/contract terms,https://www.royalmail.com/sending/international/international-tracked,2026-04-07,verified public online price 2026-05-15,12,,0.12,2026-11-17,2027-01-09,,,,,,
royal_mail_international_tracked_small_parcel,International Tracked Small Parcel,OTA,01,tracked:b2c:b2b,Canada,CA,0.001,2000,750,1000.001,600,600,600,20.27,20.27,world_zone_1,,,True,GBP,G,MM,7,False,True,50,smallParcel,Royal Mail public online Click & Drop rate; no discounts on account/contract terms,https://www.royalmail.com/sending/international/international-tracked,2026-04-07,verified public online price 2026-05-15,12,,0.12,2026-11-17,2027-01-09,,,,,,
royal_mail_international_tracked_small_parcel,International Tracked Small Parcel,OTA,01,tracked:b2c:b2b,Canada,CA,0.001,2000,1000,1250.001,600,600,600,22.95,22.95,world_zone_1,,,True,GBP,G,MM,7,False,True,50,smallParcel,Royal Mail public online Click & Drop rate; no discounts on account/contract terms,https://www.royalmail.com/sending/international/international-tracked,2026-04-07,verified public online price 2026-05-15,12,,0.12,2026-11-17,2027-01-09,,,,,,
royal_mail_international_tracked_small_parcel,International Tracked Small Parcel,OTA,01,tracked:b2c:b2b,Canada,CA,0.001,2000,1250,1500.001,600,600,600,24.52,24.52,world_zone_1,,,True,GBP,G,MM,7,False,True,50,smallParcel,Royal Mail public online Click & Drop rate; no discounts on account/contract terms,https://www.royalmail.com/sending/international/international-tracked,2026-04-07,verified public online price 2026-05-15,12,,0.12,2026-11-17,2027-01-09,,,,,,
royal_mail_international_tracked_small_parcel,International Tracked Small Parcel,OTA,01,tracked:b2c:b2b,Canada,CA,0.001,2000,1500,2000.001,600,600,600,24.52,24.52,world_zone_1,,,True,GBP,G,MM,7,False,True,50,smallParcel,Royal Mail public online Click & Drop rate; no discounts on account/contract terms,https://www.royalmail.com/sending/international/international-tracked,2026-04-07,verified public online price 2026-05-15,12,,0.12,2026-11-17,2027-01-09,,,,,,
royal_mail_international_tracked_small_parcel,International Tracked Small Parcel,OTA,01,tracked:b2c:b2b,China,CN,0.001,2000,0,250.001,600,600,600,11.40,11.40,world_zone_1,,,True,GBP,G,MM,7,False,True,50,smallParcel,Royal Mail public online Click & Drop rate; no discounts on account/contract terms,https://www.royalmail.com/sending/international/international-tracked,2026-04-07,verified public online price 2026-05-15,12,,0.12,2026-11-17,2027-01-09,,,,,,
royal_mail_international_tracked_small_parcel,International Tracked Small Parcel,OTA,01,tracked:b2c:b2b,China,CN,0.001,2000,250,500.001,600,600,600,13.15,13.15,world_zone_1,,,True,GBP,G,MM,7,False,True,50,smallParcel,Royal Mail public online Click & Drop rate; no discounts on account/contract terms,https://www.royalmail.com/sending/international/international-tracked,2026-04-07,verified public online price 2026-05-15,12,,0.12,2026-11-17,2027-01-09,,,,,,
royal_mail_international_tracked_small_parcel,International Tracked Small Parcel,OTA,01,tracked:b2c:b2b,China,CN,0.001,2000,500,750.001,600,600,600,13.15,13.15,world_zone_1,,,True,GBP,G,MM,7,False,True,50,smallParcel,Royal Mail public online Click & Drop rate; no discounts on account/contract terms,https://www.royalmail.com/sending/international/international-tracked,2026-04-07,verified public online price 2026-05-15,12,,0.12,2026-11-17,2027-01-09,,,,,,
royal_mail_international_tracked_small_parcel,International Tracked Small Parcel,OTA,01,tracked:b2c:b2b,China,CN,0.001,2000,750,1000.001,600,600,600,13.15,13.15,world_zone_1,,,True,GBP,G,MM,7,False,True,50,smallParcel,Royal Mail public online Click & Drop rate; no discounts on account/contract terms,https://www.royalmail.com/sending/international/international-tracked,2026-04-07,verified public online price 2026-05-15,12,,0.12,2026-11-17,2027-01-09,,,,,,
royal_mail_international_tracked_small_parcel,International Tracked Small Parcel,OTA,01,tracked:b2c:b2b,China,CN,0.001,2000,1000,1250.001,600,600,600,17.75,17.75,world_zone_1,,,True,GBP,G,MM,7,False,True,50,smallParcel,Royal Mail public online Click & Drop rate; no discounts on account/contract terms,https://www.royalmail.com/sending/international/international-tracked,2026-04-07,verified public online price 2026-05-15,12,,0.12,2026-11-17,2027-01-09,,,,,,
royal_mail_international_tracked_small_parcel,International Tracked Small Parcel,OTA,01,tracked:b2c:b2b,China,CN,0.001,2000,1250,1500.001,600,600,600,17.75,17.75,world_zone_1,,,True,GBP,G,MM,7,False,True,50,smallParcel,Royal Mail public online Click & Drop rate; no discounts on account/contract terms,https://www.royalmail.com/sending/international/international-tracked,2026-04-07,verified public online price 2026-05-15,12,,0.12,2026-11-17,2027-01-09,,,,,,
royal_mail_international_tracked_small_parcel,International Tracked Small Parcel,OTA,01,tracked:b2c:b2b,China,CN,0.001,2000,1500,2000.001,600,600,600,17.75,17.75,world_zone_1,,,True,GBP,G,MM,7,False,True,50,smallParcel,Royal Mail public online Click & Drop rate; no discounts on account/contract terms,https://www.royalmail.com/sending/international/international-tracked,2026-04-07,verified public online price 2026-05-15,12,,0.12,2026-11-17,2027-01-09,,,,,,
royal_mail_international_tracked_small_parcel,International Tracked Small Parcel,OTA,01,tracked:b2c:b2b,Hong Kong,HK,0.001,2000,0,250.001,600,600,600,11.55,11.55,world_zone_1,,,True,GBP,G,MM,7,False,True,50,smallParcel,Royal Mail public online Click & Drop rate; no discounts on account/contract terms,https://www.royalmail.com/sending/international/international-tracked,2026-04-07,verified public online price 2026-05-15,12,,0.12,2026-11-17,2027-01-09,,,,,,
royal_mail_international_tracked_small_parcel,International Tracked Small Parcel,OTA,01,tracked:b2c:b2b,Hong Kong,HK,0.001,2000,250,500.001,600,600,600,14.35,14.35,world_zone_1,,,True,GBP,G,MM,7,False,True,50,smallParcel,Royal Mail public online Click & Drop rate; no discounts on account/contract terms,https://www.royalmail.com/sending/international/international-tracked,2026-04-07,verified public online price 2026-05-15,12,,0.12,2026-11-17,2027-01-09,,,,,,
royal_mail_international_tracked_small_parcel,International Tracked Small Parcel,OTA,01,tracked:b2c:b2b,Hong Kong,HK,0.001,2000,500,750.001,600,600,600,17.15,17.15,world_zone_1,,,True,GBP,G,MM,7,False,True,50,smallParcel,Royal Mail public online Click & Drop rate; no discounts on account/contract terms,https://www.royalmail.com/sending/international/international-tracked,2026-04-07,verified public online price 2026-05-15,12,,0.12,2026-11-17,2027-01-09,,,,,,
royal_mail_international_tracked_small_parcel,International Tracked Small Parcel,OTA,01,tracked:b2c:b2b,Hong Kong,HK,0.001,2000,750,1000.001,600,600,600,19.90,19.90,world_zone_1,,,True,GBP,G,MM,7,False,True,50,smallParcel,Royal Mail public online Click & Drop rate; no discounts on account/contract terms,https://www.royalmail.com/sending/international/international-tracked,2026-04-07,verified public online price 2026-05-15,12,,0.12,2026-11-17,2027-01-09,,,,,,
royal_mail_international_tracked_small_parcel,International Tracked Small Parcel,OTA,01,tracked:b2c:b2b,Hong Kong,HK,0.001,2000,1000,1250.001,600,600,600,22.40,22.40,world_zone_1,,,True,GBP,G,MM,7,False,True,50,smallParcel,Royal Mail public online Click & Drop rate; no discounts on account/contract terms,https://www.royalmail.com/sending/international/international-tracked,2026-04-07,verified public online price 2026-05-15,12,,0.12,2026-11-17,2027-01-09,,,,,,
royal_mail_international_tracked_small_parcel,International Tracked Small Parcel,OTA,01,tracked:b2c:b2b,Hong Kong,HK,0.001,2000,1250,1500.001,600,600,600,25.40,25.40,world_zone_1,,,True,GBP,G,MM,7,False,True,50,smallParcel,Royal Mail public online Click & Drop rate; no discounts on account/contract terms,https://www.royalmail.com/sending/international/international-tracked,2026-04-07,verified public online price 2026-05-15,12,,0.12,2026-11-17,2027-01-09,,,,,,
royal_mail_international_tracked_small_parcel,International Tracked Small Parcel,OTA,01,tracked:b2c:b2b,Hong Kong,HK,0.001,2000,1500,2000.001,600,600,600,27.25,27.25,world_zone_1,,,True,GBP,G,MM,7,False,True,50,smallParcel,Royal Mail public online Click & Drop rate; no discounts on account/contract terms,https://www.royalmail.com/sending/international/international-tracked,2026-04-07,verified public online price 2026-05-15,12,,0.12,2026-11-17,2027-01-09,,,,,,
royal_mail_international_tracked_small_parcel,International Tracked Small Parcel,OTA,01,tracked:b2c:b2b,India,IN,0.001,2000,0,250.001,600,600,600,12.50,12.50,world_zone_1,,,True,GBP,G,MM,7,False,True,50,smallParcel,Royal Mail public online Click & Drop rate; no discounts on account/contract terms,https://www.royalmail.com/sending/international/international-tracked,2026-04-07,verified public online price 2026-05-15,12,,0.12,2026-11-17,2027-01-09,,,,,,
royal_mail_international_tracked_small_parcel,International Tracked Small Parcel,OTA,01,tracked:b2c:b2b,India,IN,0.001,2000,250,500.001,600,600,600,15.80,15.80,world_zone_1,,,True,GBP,G,MM,7,False,True,50,smallParcel,Royal Mail public online Click & Drop rate; no discounts on account/contract terms,https://www.royalmail.com/sending/international/international-tracked,2026-04-07,verified public online price 2026-05-15,12,,0.12,2026-11-17,2027-01-09,,,,,,
royal_mail_international_tracked_small_parcel,International Tracked Small Parcel,OTA,01,tracked:b2c:b2b,India,IN,0.001,2000,500,750.001,600,600,600,18.50,18.50,world_zone_1,,,True,GBP,G,MM,7,False,True,50,smallParcel,Royal Mail public online Click & Drop rate; no discounts on account/contract terms,https://www.royalmail.com/sending/international/international-tracked,2026-04-07,verified public online price 2026-05-15,12,,0.12,2026-11-17,2027-01-09,,,,,,
royal_mail_international_tracked_small_parcel,International Tracked Small Parcel,OTA,01,tracked:b2c:b2b,India,IN,0.001,2000,750,1000.001,600,600,600,21.45,21.45,world_zone_1,,,True,GBP,G,MM,7,False,True,50,smallParcel,Royal Mail public online Click & Drop rate; no discounts on account/contract terms,https://www.royalmail.com/sending/international/international-tracked,2026-04-07,verified public online price 2026-05-15,12,,0.12,2026-11-17,2027-01-09,,,,,,
royal_mail_international_tracked_small_parcel,International Tracked Small Parcel,OTA,01,tracked:b2c:b2b,India,IN,0.001,2000,1000,1250.001,600,600,600,24.15,24.15,world_zone_1,,,True,GBP,G,MM,7,False,True,50,smallParcel,Royal Mail public online Click & Drop rate; no discounts on account/contract terms,https://www.royalmail.com/sending/international/international-tracked,2026-04-07,verified public online price 2026-05-15,12,,0.12,2026-11-17,2027-01-09,,,,,,
royal_mail_international_tracked_small_parcel,International Tracked Small Parcel,OTA,01,tracked:b2c:b2b,India,IN,0.001,2000,1250,1500.001,600,600,600,25.10,25.10,world_zone_1,,,True,GBP,G,MM,7,False,True,50,smallParcel,Royal Mail public online Click & Drop rate; no discounts on account/contract terms,https://www.royalmail.com/sending/international/international-tracked,2026-04-07,verified public online price 2026-05-15,12,,0.12,2026-11-17,2027-01-09,,,,,,
royal_mail_international_tracked_small_parcel,International Tracked Small Parcel,OTA,01,tracked:b2c:b2b,India,IN,0.001,2000,1500,2000.001,600,600,600,26.90,26.90,world_zone_1,,,True,GBP,G,MM,7,False,True,50,smallParcel,Royal Mail public online Click & Drop rate; no discounts on account/contract terms,https://www.royalmail.com/sending/international/international-tracked,2026-04-07,verified public online price 2026-05-15,12,,0.12,2026-11-17,2027-01-09,,,,,,
royal_mail_international_tracked_small_parcel,International Tracked Small Parcel,OTA,01,tracked:b2c:b2b,Japan,JP,0.001,2000,0,250.001,600,600,600,12.45,12.45,world_zone_1,,,True,GBP,G,MM,7,False,True,50,smallParcel,Royal Mail public online Click & Drop rate; no discounts on account/contract terms,https://www.royalmail.com/sending/international/international-tracked,2026-04-07,verified public online price 2026-05-15,12,,0.12,2026-11-17,2027-01-09,,,,,,
royal_mail_international_tracked_small_parcel,International Tracked Small Parcel,OTA,01,tracked:b2c:b2b,Japan,JP,0.001,2000,250,500.001,600,600,600,15.70,15.70,world_zone_1,,,True,GBP,G,MM,7,False,True,50,smallParcel,Royal Mail public online Click & Drop rate; no discounts on account/contract terms,https://www.royalmail.com/sending/international/international-tracked,2026-04-07,verified public online price 2026-05-15,12,,0.12,2026-11-17,2027-01-09,,,,,,
royal_mail_international_tracked_small_parcel,International Tracked Small Parcel,OTA,01,tracked:b2c:b2b,Japan,JP,0.001,2000,500,750.001,600,600,600,18.50,18.50,world_zone_1,,,True,GBP,G,MM,7,False,True,50,smallParcel,Royal Mail public online Click & Drop rate; no discounts on account/contract terms,https://www.royalmail.com/sending/international/international-tracked,2026-04-07,verified public online price 2026-05-15,12,,0.12,2026-11-17,2027-01-09,,,,,,
royal_mail_international_tracked_small_parcel,International Tracked Small Parcel,OTA,01,tracked:b2c:b2b,Japan,JP,0.001,2000,750,1000.001,600,600,600,21.45,21.45,world_zone_1,,,True,GBP,G,MM,7,False,True,50,smallParcel,Royal Mail public online Click & Drop rate; no discounts on account/contract terms,https://www.royalmail.com/sending/international/international-tracked,2026-04-07,verified public online price 2026-05-15,12,,0.12,2026-11-17,2027-01-09,,,,,,
royal_mail_international_tracked_small_parcel,International Tracked Small Parcel,OTA,01,tracked:b2c:b2b,Japan,JP,0.001,2000,1000,1250.001,600,600,600,24.15,24.15,world_zone_1,,,True,GBP,G,MM,7,False,True,50,smallParcel,Royal Mail public online Click & Drop rate; no discounts on account/contract terms,https://www.royalmail.com/sending/international/international-tracked,2026-04-07,verified public online price 2026-05-15,12,,0.12,2026-11-17,2027-01-09,,,,,,
royal_mail_international_tracked_small_parcel,International Tracked Small Parcel,OTA,01,tracked:b2c:b2b,Japan,JP,0.001,2000,1250,1500.001,600,600,600,27.10,27.10,world_zone_1,,,True,GBP,G,MM,7,False,True,50,smallParcel,Royal Mail public online Click & Drop rate; no discounts on account/contract terms,https://www.royalmail.com/sending/international/international-tracked,2026-04-07,verified public online price 2026-05-15,12,,0.12,2026-11-17,2027-01-09,,,,,,
royal_mail_international_tracked_small_parcel,International Tracked Small Parcel,OTA,01,tracked:b2c:b2b,Japan,JP,0.001,2000,1500,2000.001,600,600,600,29.10,29.10,world_zone_1,,,True,GBP,G,MM,7,False,True,50,smallParcel,Royal Mail public online Click & Drop rate; no discounts on account/contract terms,https://www.royalmail.com/sending/international/international-tracked,2026-04-07,verified public online price 2026-05-15,12,,0.12,2026-11-17,2027-01-09,,,,,,
royal_mail_international_tracked_small_parcel,International Tracked Small Parcel,OTA,01,tracked:b2c:b2b,Thailand,TH,0.001,2000,0,250.001,600,600,600,12.95,12.95,world_zone_1,,,True,GBP,G,MM,7,False,True,50,smallParcel,Royal Mail public online Click & Drop rate; no discounts on account/contract terms,https://www.royalmail.com/sending/international/international-tracked,2026-04-07,verified public online price 2026-05-15,12,,0.12,2026-11-17,2027-01-09,,,,,,
royal_mail_international_tracked_small_parcel,International Tracked Small Parcel,OTA,01,tracked:b2c:b2b,Thailand,TH,0.001,2000,250,500.001,600,600,600,15.70,15.70,world_zone_1,,,True,GBP,G,MM,7,False,True,50,smallParcel,Royal Mail public online Click & Drop rate; no discounts on account/contract terms,https://www.royalmail.com/sending/international/international-tracked,2026-04-07,verified public online price 2026-05-15,12,,0.12,2026-11-17,2027-01-09,,,,,,
royal_mail_international_tracked_small_parcel,International Tracked Small Parcel,OTA,01,tracked:b2c:b2b,Thailand,TH,0.001,2000,500,750.001,600,600,600,18.25,18.25,world_zone_1,,,True,GBP,G,MM,7,False,True,50,smallParcel,Royal Mail public online Click & Drop rate; no discounts on account/contract terms,https://www.royalmail.com/sending/international/international-tracked,2026-04-07,verified public online price 2026-05-15,12,,0.12,2026-11-17,2027-01-09,,,,,,
royal_mail_international_tracked_small_parcel,International Tracked Small Parcel,OTA,01,tracked:b2c:b2b,Thailand,TH,0.001,2000,750,1000.001,600,600,600,20.10,20.10,world_zone_1,,,True,GBP,G,MM,7,False,True,50,smallParcel,Royal Mail public online Click & Drop rate; no discounts on account/contract terms,https://www.royalmail.com/sending/international/international-tracked,2026-04-07,verified public online price 2026-05-15,12,,0.12,2026-11-17,2027-01-09,,,,,,
royal_mail_international_tracked_small_parcel,International Tracked Small Parcel,OTA,01,tracked:b2c:b2b,Thailand,TH,0.001,2000,1000,1250.001,600,600,600,22.45,22.45,world_zone_1,,,True,GBP,G,MM,7,False,True,50,smallParcel,Royal Mail public online Click & Drop rate; no discounts on account/contract terms,https://www.royalmail.com/sending/international/international-tracked,2026-04-07,verified public online price 2026-05-15,12,,0.12,2026-11-17,2027-01-09,,,,,,
royal_mail_international_tracked_small_parcel,International Tracked Small Parcel,OTA,01,tracked:b2c:b2b,Thailand,TH,0.001,2000,1250,1500.001,600,600,600,24.80,24.80,world_zone_1,,,True,GBP,G,MM,7,False,True,50,smallParcel,Royal Mail public online Click & Drop rate; no discounts on account/contract terms,https://www.royalmail.com/sending/international/international-tracked,2026-04-07,verified public online price 2026-05-15,12,,0.12,2026-11-17,2027-01-09,,,,,,
royal_mail_international_tracked_small_parcel,International Tracked Small Parcel,OTA,01,tracked:b2c:b2b,Thailand,TH,0.001,2000,1500,2000.001,600,600,600,26.60,26.60,world_zone_1,,,True,GBP,G,MM,7,False,True,50,smallParcel,Royal Mail public online Click & Drop rate; no discounts on account/contract terms,https://www.royalmail.com/sending/international/international-tracked,2026-04-07,verified public online price 2026-05-15,12,,0.12,2026-11-17,2027-01-09,,,,,,
royal_mail_international_tracked_small_parcel,International Tracked Small Parcel,OTA,01,tracked:b2c:b2b,Rest of World Zone 1,,0.001,2000,0,250.001,600,600,600,14.40,14.40,world_zone_1,,,True,GBP,G,MM,7,False,True,50,smallParcel,Royal Mail public online Click & Drop rate; no discounts on account/contract terms,https://www.royalmail.com/sending/international/international-tracked,2026-04-07,verified public online price 2026-05-15,12,,0.12,2026-11-17,2027-01-09,,,,,,
royal_mail_international_tracked_small_parcel,International Tracked Small Parcel,OTA,01,tracked:b2c:b2b,Rest of World Zone 1,,0.001,2000,250,500.001,600,600,600,18.15,18.15,world_zone_1,,,True,GBP,G,MM,7,False,True,50,smallParcel,Royal Mail public online Click & Drop rate; no discounts on account/contract terms,https://www.royalmail.com/sending/international/international-tracked,2026-04-07,verified public online price 2026-05-15,12,,0.12,2026-11-17,2027-01-09,,,,,,
royal_mail_international_tracked_small_parcel,International Tracked Small Parcel,OTA,01,tracked:b2c:b2b,Rest of World Zone 1,,0.001,2000,500,750.001,600,600,600,21.25,21.25,world_zone_1,,,True,GBP,G,MM,7,False,True,50,smallParcel,Royal Mail public online Click & Drop rate; no discounts on account/contract terms,https://www.royalmail.com/sending/international/international-tracked,2026-04-07,verified public online price 2026-05-15,12,,0.12,2026-11-17,2027-01-09,,,,,,
royal_mail_international_tracked_small_parcel,International Tracked Small Parcel,OTA,01,tracked:b2c:b2b,Rest of World Zone 1,,0.001,2000,750,1000.001,600,600,600,24.65,24.65,world_zone_1,,,True,GBP,G,MM,7,False,True,50,smallParcel,Royal Mail public online Click & Drop rate; no discounts on account/contract terms,https://www.royalmail.com/sending/international/international-tracked,2026-04-07,verified public online price 2026-05-15,12,,0.12,2026-11-17,2027-01-09,,,,,,
royal_mail_international_tracked_small_parcel,International Tracked Small Parcel,OTA,01,tracked:b2c:b2b,Rest of World Zone 1,,0.001,2000,1000,1250.001,600,600,600,27.75,27.75,world_zone_1,,,True,GBP,G,MM,7,False,True,50,smallParcel,Royal Mail public online Click & Drop rate; no discounts on account/contract terms,https://www.royalmail.com/sending/international/international-tracked,2026-04-07,verified public online price 2026-05-15,12,,0.12,2026-11-17,2027-01-09,,,,,,
royal_mail_international_tracked_small_parcel,International Tracked Small Parcel,OTA,01,tracked:b2c:b2b,Rest of World Zone 1,,0.001,2000,1250,1500.001,600,600,600,28.85,28.85,world_zone_1,,,True,GBP,G,MM,7,False,True,50,smallParcel,Royal Mail public online Click & Drop rate; no discounts on account/contract terms,https://www.royalmail.com/sending/international/international-tracked,2026-04-07,verified public online price 2026-05-15,12,,0.12,2026-11-17,2027-01-09,,,,,,
royal_mail_international_tracked_small_parcel,International Tracked Small Parcel,OTA,01,tracked:b2c:b2b,Rest of World Zone 1,,0.001,2000,1500,2000.001,600,600,600,29.90,29.90,world_zone_1,,,True,GBP,G,MM,7,False,True,50,smallParcel,Royal Mail public online Click & Drop rate; no discounts on account/contract terms,https://www.royalmail.com/sending/international/international-tracked,2026-04-07,verified public online price 2026-05-15,12,,0.12,2026-11-17,2027-01-09,,,,,,
royal_mail_international_tracked_small_parcel,International Tracked Small Parcel,OTA,01,tracked:b2c:b2b,Australia,AU,0.001,2000,0,250.001,600,600,600,12.35,12.35,world_zone_2,,,True,GBP,G,MM,7,False,True,50,smallParcel,Royal Mail public online Click & Drop rate; no discounts on account/contract terms,https://www.royalmail.com/sending/international/international-tracked,2026-04-07,verified public online price 2026-05-15,12,,0.12,2026-11-17,2027-01-09,,,,,,
royal_mail_international_tracked_small_parcel,International Tracked Small Parcel,OTA,01,tracked:b2c:b2b,Australia,AU,0.001,2000,250,500.001,600,600,600,15.85,15.85,world_zone_2,,,True,GBP,G,MM,7,False,True,50,smallParcel,Royal Mail public online Click & Drop rate; no discounts on account/contract terms,https://www.royalmail.com/sending/international/international-tracked,2026-04-07,verified public online price 2026-05-15,12,,0.12,2026-11-17,2027-01-09,,,,,,
royal_mail_international_tracked_small_parcel,International Tracked Small Parcel,OTA,01,tracked:b2c:b2b,Australia,AU,0.001,2000,500,750.001,600,600,600,18.40,18.40,world_zone_2,,,True,GBP,G,MM,7,False,True,50,smallParcel,Royal Mail public online Click & Drop rate; no discounts on account/contract terms,https://www.royalmail.com/sending/international/international-tracked,2026-04-07,verified public online price 2026-05-15,12,,0.12,2026-11-17,2027-01-09,,,,,,
royal_mail_international_tracked_small_parcel,International Tracked Small Parcel,OTA,01,tracked:b2c:b2b,Australia,AU,0.001,2000,750,1000.001,600,600,600,19.40,19.40,world_zone_2,,,True,GBP,G,MM,7,False,True,50,smallParcel,Royal Mail public online Click & Drop rate; no discounts on account/contract terms,https://www.royalmail.com/sending/international/international-tracked,2026-04-07,verified public online price 2026-05-15,12,,0.12,2026-11-17,2027-01-09,,,,,,
royal_mail_international_tracked_small_parcel,International Tracked Small Parcel,OTA,01,tracked:b2c:b2b,Australia,AU,0.001,2000,1000,1250.001,600,600,600,25.10,25.10,world_zone_2,,,True,GBP,G,MM,7,False,True,50,smallParcel,Royal Mail public online Click & Drop rate; no discounts on account/contract terms,https://www.royalmail.com/sending/international/international-tracked,2026-04-07,verified public online price 2026-05-15,12,,0.12,2026-11-17,2027-01-09,,,,,,
royal_mail_international_tracked_small_parcel,International Tracked Small Parcel,OTA,01,tracked:b2c:b2b,Australia,AU,0.001,2000,1250,1500.001,600,600,600,25.10,25.10,world_zone_2,,,True,GBP,G,MM,7,False,True,50,smallParcel,Royal Mail public online Click & Drop rate; no discounts on account/contract terms,https://www.royalmail.com/sending/international/international-tracked,2026-04-07,verified public online price 2026-05-15,12,,0.12,2026-11-17,2027-01-09,,,,,,
royal_mail_international_tracked_small_parcel,International Tracked Small Parcel,OTA,01,tracked:b2c:b2b,Australia,AU,0.001,2000,1500,2000.001,600,600,600,25.10,25.10,world_zone_2,,,True,GBP,G,MM,7,False,True,50,smallParcel,Royal Mail public online Click & Drop rate; no discounts on account/contract terms,https://www.royalmail.com/sending/international/international-tracked,2026-04-07,verified public online price 2026-05-15,12,,0.12,2026-11-17,2027-01-09,,,,,,
royal_mail_international_tracked_small_parcel,International Tracked Small Parcel,OTA,01,tracked:b2c:b2b,New Zealand,NZ,0.001,2000,0,250.001,600,600,600,15.30,15.30,world_zone_2,,,True,GBP,G,MM,7,False,True,50,smallParcel,Royal Mail public online Click & Drop rate; no discounts on account/contract terms,https://www.royalmail.com/sending/international/international-tracked,2026-04-07,verified public online price 2026-05-15,12,,0.12,2026-11-17,2027-01-09,,,,,,
royal_mail_international_tracked_small_parcel,International Tracked Small Parcel,OTA,01,tracked:b2c:b2b,New Zealand,NZ,0.001,2000,250,500.001,600,600,600,16.30,16.30,world_zone_2,,,True,GBP,G,MM,7,False,True,50,smallParcel,Royal Mail public online Click & Drop rate; no discounts on account/contract terms,https://www.royalmail.com/sending/international/international-tracked,2026-04-07,verified public online price 2026-05-15,12,,0.12,2026-11-17,2027-01-09,,,,,,
royal_mail_international_tracked_small_parcel,International Tracked Small Parcel,OTA,01,tracked:b2c:b2b,New Zealand,NZ,0.001,2000,500,750.001,600,600,600,20.25,20.25,world_zone_2,,,True,GBP,G,MM,7,False,True,50,smallParcel,Royal Mail public online Click & Drop rate; no discounts on account/contract terms,https://www.royalmail.com/sending/international/international-tracked,2026-04-07,verified public online price 2026-05-15,12,,0.12,2026-11-17,2027-01-09,,,,,,
royal_mail_international_tracked_small_parcel,International Tracked Small Parcel,OTA,01,tracked:b2c:b2b,New Zealand,NZ,0.001,2000,750,1000.001,600,600,600,20.25,20.25,world_zone_2,,,True,GBP,G,MM,7,False,True,50,smallParcel,Royal Mail public online Click & Drop rate; no discounts on account/contract terms,https://www.royalmail.com/sending/international/international-tracked,2026-04-07,verified public online price 2026-05-15,12,,0.12,2026-11-17,2027-01-09,,,,,,
royal_mail_international_tracked_small_parcel,International Tracked Small Parcel,OTA,01,tracked:b2c:b2b,New Zealand,NZ,0.001,2000,1000,1250.001,600,600,600,27.20,27.20,world_zone_2,,,True,GBP,G,MM,7,False,True,50,smallParcel,Royal Mail public online Click & Drop rate; no discounts on account/contract terms,https://www.royalmail.com/sending/international/international-tracked,2026-04-07,verified public online price 2026-05-15,12,,0.12,2026-11-17,2027-01-09,,,,,,
royal_mail_international_tracked_small_parcel,International Tracked Small Parcel,OTA,01,tracked:b2c:b2b,New Zealand,NZ,0.001,2000,1250,1500.001,600,600,600,30.05,30.05,world_zone_2,,,True,GBP,G,MM,7,False,True,50,smallParcel,Royal Mail public online Click & Drop rate; no discounts on account/contract terms,https://www.royalmail.com/sending/international/international-tracked,2026-04-07,verified public online price 2026-05-15,12,,0.12,2026-11-17,2027-01-09,,,,,,
royal_mail_international_tracked_small_parcel,International Tracked Small Parcel,OTA,01,tracked:b2c:b2b,New Zealand,NZ,0.001,2000,1500,2000.001,600,600,600,32.05,32.05,world_zone_2,,,True,GBP,G,MM,7,False,True,50,smallParcel,Royal Mail public online Click & Drop rate; no discounts on account/contract terms,https://www.royalmail.com/sending/international/international-tracked,2026-04-07,verified public online price 2026-05-15,12,,0.12,2026-11-17,2027-01-09,,,,,,
royal_mail_international_tracked_small_parcel,International Tracked Small Parcel,OTA,01,tracked:b2c:b2b,Rest of World Zone 2,PW:IO:CX:CC:CK:FJ:PF:TF:KI:MO:NR:NC:AQ:NU:NF:BV:PG:LA:PN:SG:SB:TK:TO:TV:AS:WS,0.001,2000,0,250.001,600,600,600,14.90,14.90,world_zone_2,,,True,GBP,G,MM,7,False,True,50,smallParcel,Royal Mail public online Click & Drop rate; no discounts on account/contract terms,https://www.royalmail.com/sending/international/international-tracked,2026-04-07,verified public online price 2026-05-15,12,,0.12,2026-11-17,2027-01-09,,,,,,
royal_mail_international_tracked_small_parcel,International Tracked Small Parcel,OTA,01,tracked:b2c:b2b,Rest of World Zone 2,PW:IO:CX:CC:CK:FJ:PF:TF:KI:MO:NR:NC:AQ:NU:NF:BV:PG:LA:PN:SG:SB:TK:TO:TV:AS:WS,0.001,2000,250,500.001,600,600,600,19.15,19.15,world_zone_2,,,True,GBP,G,MM,7,False,True,50,smallParcel,Royal Mail public online Click & Drop rate; no discounts on account/contract terms,https://www.royalmail.com/sending/international/international-tracked,2026-04-07,verified public online price 2026-05-15,12,,0.12,2026-11-17,2027-01-09,,,,,,
royal_mail_international_tracked_small_parcel,International Tracked Small Parcel,OTA,01,tracked:b2c:b2b,Rest of World Zone 2,PW:IO:CX:CC:CK:FJ:PF:TF:KI:MO:NR:NC:AQ:NU:NF:BV:PG:LA:PN:SG:SB:TK:TO:TV:AS:WS,0.001,2000,500,750.001,600,600,600,23.75,23.75,world_zone_2,,,True,GBP,G,MM,7,False,True,50,smallParcel,Royal Mail public online Click & Drop rate; no discounts on account/contract terms,https://www.royalmail.com/sending/international/international-tracked,2026-04-07,verified public online price 2026-05-15,12,,0.12,2026-11-17,2027-01-09,,,,,,
royal_mail_international_tracked_small_parcel,International Tracked Small Parcel,OTA,01,tracked:b2c:b2b,Rest of World Zone 2,PW:IO:CX:CC:CK:FJ:PF:TF:KI:MO:NR:NC:AQ:NU:NF:BV:PG:LA:PN:SG:SB:TK:TO:TV:AS:WS,0.001,2000,750,1000.001,600,600,600,27.90,27.90,world_zone_2,,,True,GBP,G,MM,7,False,True,50,smallParcel,Royal Mail public online Click & Drop rate; no discounts on account/contract terms,https://www.royalmail.com/sending/international/international-tracked,2026-04-07,verified public online price 2026-05-15,12,,0.12,2026-11-17,2027-01-09,,,,,,
royal_mail_international_tracked_small_parcel,International Tracked Small Parcel,OTA,01,tracked:b2c:b2b,Rest of World Zone 2,PW:IO:CX:CC:CK:FJ:PF:TF:KI:MO:NR:NC:AQ:NU:NF:BV:PG:LA:PN:SG:SB:TK:TO:TV:AS:WS,0.001,2000,1000,1250.001,600,600,600,31.85,31.85,world_zone_2,,,True,GBP,G,MM,7,False,True,50,smallParcel,Royal Mail public online Click & Drop rate; no discounts on account/contract terms,https://www.royalmail.com/sending/international/international-tracked,2026-04-07,verified public online price 2026-05-15,12,,0.12,2026-11-17,2027-01-09,,,,,,
royal_mail_international_tracked_small_parcel,International Tracked Small Parcel,OTA,01,tracked:b2c:b2b,Rest of World Zone 2,PW:IO:CX:CC:CK:FJ:PF:TF:KI:MO:NR:NC:AQ:NU:NF:BV:PG:LA:PN:SG:SB:TK:TO:TV:AS:WS,0.001,2000,1250,1500.001,600,600,600,34.90,34.90,world_zone_2,,,True,GBP,G,MM,7,False,True,50,smallParcel,Royal Mail public online Click & Drop rate; no discounts on account/contract terms,https://www.royalmail.com/sending/international/international-tracked,2026-04-07,verified public online price 2026-05-15,12,,0.12,2026-11-17,2027-01-09,,,,,,
royal_mail_international_tracked_small_parcel,International Tracked Small Parcel,OTA,01,tracked:b2c:b2b,Rest of World Zone 2,PW:IO:CX:CC:CK:FJ:PF:TF:KI:MO:NR:NC:AQ:NU:NF:BV:PG:LA:PN:SG:SB:TK:TO:TV:AS:WS,0.001,2000,1500,2000.001,600,600,600,37.55,37.55,world_zone_2,,,True,GBP,G,MM,7,False,True,50,smallParcel,Royal Mail public online Click & Drop rate; no discounts on account/contract terms,https://www.royalmail.com/sending/international/international-tracked,2026-04-07,verified public online price 2026-05-15,12,,0.12,2026-11-17,2027-01-09,,,,,,
royal_mail_international_tracked_medium_parcel,International Tracked Heavier Medium Parcel,OTA,01,tracked:b2c:b2b,France,FR,0.001,20000,0,1000.001,610,460,460,11.75,11.75,europe_zone_1,,,True,GBP,G,MM,7,False,True,50,mediumParcel,Royal Mail public online price for International Tracked Heavier medium parcels.  We have no contract rate also OTA is my placeholder certain zones need a specific code setting,https://www.royalmail.com/sending/international/international-tracked-signed-heavier,2026-04-07,verified public online price 2026-05-15,12,,0.12,2026-11-17,2027-01-09,,,,,,
royal_mail_international_tracked_medium_parcel,International Tracked Heavier Medium Parcel,OTA,01,tracked:b2c:b2b,France,FR,0.001,20000,1000,2000.001,610,460,460,11.75,11.75,europe_zone_1,,,True,GBP,G,MM,7,False,True,50,mediumParcel,Royal Mail public online price for International Tracked Heavier medium parcels.  We have no contract rate also OTA is my placeholder certain zones need a specific code setting,https://www.royalmail.com/sending/international/international-tracked-signed-heavier,2026-04-07,verified public online price 2026-05-15,12,,0.12,2026-11-17,2027-01-09,,,,,,
royal_mail_international_tracked_medium_parcel,International Tracked Heavier Medium Parcel,OTA,01,tracked:b2c:b2b,France,FR,0.001,20000,2000,3000.001,610,460,460,13.20,13.20,europe_zone_1,,,True,GBP,G,MM,7,False,True,50,mediumParcel,Royal Mail public online price for International Tracked Heavier medium parcels.  We have no contract rate also OTA is my placeholder certain zones need a specific code setting,https://www.royalmail.com/sending/international/international-tracked-signed-heavier,2026-04-07,verified public online price 2026-05-15,12,,0.12,2026-11-17,2027-01-09,,,,,,
royal_mail_international_tracked_medium_parcel,International Tracked Heavier Medium Parcel,OTA,01,tracked:b2c:b2b,France,FR,0.001,20000,3000,4000.001,610,460,460,13.20,13.20,europe_zone_1,,,True,GBP,G,MM,7,False,True,50,mediumParcel,Royal Mail public online price for International Tracked Heavier medium parcels.  We have no contract rate also OTA is my placeholder certain zones need a specific code setting,https://www.royalmail.com/sending/international/international-tracked-signed-heavier,2026-04-07,verified public online price 2026-05-15,12,,0.12,2026-11-17,2027-01-09,,,,,,
royal_mail_international_tracked_medium_parcel,International Tracked Heavier Medium Parcel,OTA,01,tracked:b2c:b2b,France,FR,0.001,20000,4000,5000.001,610,460,460,13.20,13.20,europe_zone_1,,,True,GBP,G,MM,7,False,True,50,mediumParcel,Royal Mail public online price for International Tracked Heavier medium parcels.  We have no contract rate also OTA is my placeholder certain zones need a specific code setting,https://www.royalmail.com/sending/international/international-tracked-signed-heavier,2026-04-07,verified public online price 2026-05-15,12,,0.12,2026-11-17,2027-01-09,,,,,,
royal_mail_international_tracked_medium_parcel,International Tracked Heavier Medium Parcel,OTA,01,tracked:b2c:b2b,France,FR,0.001,20000,5000,7500.001,610,460,460,15.80,15.80,europe_zone_1,,,True,GBP,G,MM,7,False,True,50,mediumParcel,Royal Mail public online price for International Tracked Heavier medium parcels.  We have no contract rate also OTA is my placeholder certain zones need a specific code setting,https://www.royalmail.com/sending/international/international-tracked-signed-heavier,2026-04-07,verified public online price 2026-05-15,12,,0.12,2026-11-17,2027-01-09,,,,,,
royal_mail_international_tracked_medium_parcel,International Tracked Heavier Medium Parcel,OTA,01,tracked:b2c:b2b,France,FR,0.001,20000,7500,10000.001,610,460,460,15.80,15.80,europe_zone_1,,,True,GBP,G,MM,7,False,True,50,mediumParcel,Royal Mail public online price for International Tracked Heavier medium parcels.  We have no contract rate also OTA is my placeholder certain zones need a specific code setting,https://www.royalmail.com/sending/international/international-tracked-signed-heavier,2026-04-07,verified public online price 2026-05-15,12,,0.12,2026-11-17,2027-01-09,,,,,,
royal_mail_international_tracked_medium_parcel,International Tracked Heavier Medium Parcel,OTA,01,tracked:b2c:b2b,France,FR,0.001,20000,10000,15000.001,610,460,460,20.35,20.35,europe_zone_1,,,True,GBP,G,MM,7,False,True,50,mediumParcel,Royal Mail public online price for International Tracked Heavier medium parcels.  We have no contract rate also OTA is my placeholder certain zones need a specific code setting,https://www.royalmail.com/sending/international/international-tracked-signed-heavier,2026-04-07,verified public online price 2026-05-15,12,,0.12,2026-11-17,2027-01-09,,,,,,
royal_mail_international_tracked_medium_parcel,International Tracked Heavier Medium Parcel,OTA,01,tracked:b2c:b2b,France,FR,0.001,20000,15000,20000.001,610,460,460,20.35,20.35,europe_zone_1,,,True,GBP,G,MM,7,False,True,50,mediumParcel,Royal Mail public online price for International Tracked Heavier medium parcels.  We have no contract rate also OTA is my placeholder certain zones need a specific code setting,https://www.royalmail.com/sending/international/international-tracked-signed-heavier,2026-04-07,verified public online price 2026-05-15,12,,0.12,2026-11-17,2027-01-09,,,,,,
royal_mail_international_tracked_medium_parcel,International Tracked Heavier Medium Parcel,OTA,01,tracked:b2c:b2b,Germany,DE,0.001,20000,0,1000.001,610,460,460,11.70,11.70,europe_zone_1,,,True,GBP,G,MM,7,False,True,50,mediumParcel,Royal Mail public online price for International Tracked Heavier medium parcels.  We have no contract rate also OTA is my placeholder certain zones need a specific code setting,https://www.royalmail.com/sending/international/international-tracked-signed-heavier,2026-04-07,verified public online price 2026-05-15,12,,0.12,2026-11-17,2027-01-09,,,,,,
royal_mail_international_tracked_medium_parcel,International Tracked Heavier Medium Parcel,OTA,01,tracked:b2c:b2b,Germany,DE,0.001,20000,1000,2000.001,610,460,460,11.70,11.70,europe_zone_1,,,True,GBP,G,MM,7,False,True,50,mediumParcel,Royal Mail public online price for International Tracked Heavier medium parcels.  We have no contract rate also OTA is my placeholder certain zones need a specific code setting,https://www.royalmail.com/sending/international/international-tracked-signed-heavier,2026-04-07,verified public online price 2026-05-15,12,,0.12,2026-11-17,2027-01-09,,,,,,
royal_mail_international_tracked_medium_parcel,International Tracked Heavier Medium Parcel,OTA,01,tracked:b2c:b2b,Germany,DE,0.001,20000,2000,3000.001,610,460,460,12.60,12.60,europe_zone_1,,,True,GBP,G,MM,7,False,True,50,mediumParcel,Royal Mail public online price for International Tracked Heavier medium parcels.  We have no contract rate also OTA is my placeholder certain zones need a specific code setting,https://www.royalmail.com/sending/international/international-tracked-signed-heavier,2026-04-07,verified public online price 2026-05-15,12,,0.12,2026-11-17,2027-01-09,,,,,,
royal_mail_international_tracked_medium_parcel,International Tracked Heavier Medium Parcel,OTA,01,tracked:b2c:b2b,Germany,DE,0.001,20000,3000,4000.001,610,460,460,13.70,13.70,europe_zone_1,,,True,GBP,G,MM,7,False,True,50,mediumParcel,Royal Mail public online price for International Tracked Heavier medium parcels.  We have no contract rate also OTA is my placeholder certain zones need a specific code setting,https://www.royalmail.com/sending/international/international-tracked-signed-heavier,2026-04-07,verified public online price 2026-05-15,12,,0.12,2026-11-17,2027-01-09,,,,,,
royal_mail_international_tracked_medium_parcel,International Tracked Heavier Medium Parcel,OTA,01,tracked:b2c:b2b,Germany,DE,0.001,20000,4000,5000.001,610,460,460,14.35,14.35,europe_zone_1,,,True,GBP,G,MM,7,False,True,50,mediumParcel,Royal Mail public online price for International Tracked Heavier medium parcels.  We have no contract rate also OTA is my placeholder certain zones need a specific code setting,https://www.royalmail.com/sending/international/international-tracked-signed-heavier,2026-04-07,verified public online price 2026-05-15,12,,0.12,2026-11-17,2027-01-09,,,,,,
royal_mail_international_tracked_medium_parcel,International Tracked Heavier Medium Parcel,OTA,01,tracked:b2c:b2b,Germany,DE,0.001,20000,5000,7500.001,610,460,460,15.75,15.75,europe_zone_1,,,True,GBP,G,MM,7,False,True,50,mediumParcel,Royal Mail public online price for International Tracked Heavier medium parcels.  We have no contract rate also OTA is my placeholder certain zones need a specific code setting,https://www.royalmail.com/sending/international/international-tracked-signed-heavier,2026-04-07,verified public online price 2026-05-15,12,,0.12,2026-11-17,2027-01-09,,,,,,
royal_mail_international_tracked_medium_parcel,International Tracked Heavier Medium Parcel,OTA,01,tracked:b2c:b2b,Germany,DE,0.001,20000,7500,10000.001,610,460,460,19.35,19.35,europe_zone_1,,,True,GBP,G,MM,7,False,True,50,mediumParcel,Royal Mail public online price for International Tracked Heavier medium parcels.  We have no contract rate also OTA is my placeholder certain zones need a specific code setting,https://www.royalmail.com/sending/international/international-tracked-signed-heavier,2026-04-07,verified public online price 2026-05-15,12,,0.12,2026-11-17,2027-01-09,,,,,,
royal_mail_international_tracked_medium_parcel,International Tracked Heavier Medium Parcel,OTA,01,tracked:b2c:b2b,Germany,DE,0.001,20000,10000,15000.001,610,460,460,29.80,29.80,europe_zone_1,,,True,GBP,G,MM,7,False,True,50,mediumParcel,Royal Mail public online price for International Tracked Heavier medium parcels.  We have no contract rate also OTA is my placeholder certain zones need a specific code setting,https://www.royalmail.com/sending/international/international-tracked-signed-heavier,2026-04-07,verified public online price 2026-05-15,12,,0.12,2026-11-17,2027-01-09,,,,,,
royal_mail_international_tracked_medium_parcel,International Tracked Heavier Medium Parcel,OTA,01,tracked:b2c:b2b,Germany,DE,0.001,20000,15000,20000.001,610,460,460,37.45,37.45,europe_zone_1,,,True,GBP,G,MM,7,False,True,50,mediumParcel,Royal Mail public online price for International Tracked Heavier medium parcels.  We have no contract rate also OTA is my placeholder certain zones need a specific code setting,https://www.royalmail.com/sending/international/international-tracked-signed-heavier,2026-04-07,verified public online price 2026-05-15,12,,0.12,2026-11-17,2027-01-09,,,,,,
royal_mail_international_tracked_medium_parcel,International Tracked Heavier Medium Parcel,OTA,01,tracked:b2c:b2b,Ireland,IE,0.001,20000,0,1000.001,610,460,460,11.10,11.10,europe_zone_1,,,True,GBP,G,MM,7,False,True,50,mediumParcel,Royal Mail public online price for International Tracked Heavier medium parcels.  We have no contract rate also OTA is my placeholder certain zones need a specific code setting,https://www.royalmail.com/sending/international/international-tracked-signed-heavier,2026-04-07,verified public online price 2026-05-15,12,,0.12,2026-11-17,2027-01-09,,,,,,
royal_mail_international_tracked_medium_parcel,International Tracked Heavier Medium Parcel,OTA,01,tracked:b2c:b2b,Ireland,IE,0.001,20000,1000,2000.001,610,460,460,11.10,11.10,europe_zone_1,,,True,GBP,G,MM,7,False,True,50,mediumParcel,Royal Mail public online price for International Tracked Heavier medium parcels.  We have no contract rate also OTA is my placeholder certain zones need a specific code setting,https://www.royalmail.com/sending/international/international-tracked-signed-heavier,2026-04-07,verified public online price 2026-05-15,12,,0.12,2026-11-17,2027-01-09,,,,,,
royal_mail_international_tracked_medium_parcel,International Tracked Heavier Medium Parcel,OTA,01,tracked:b2c:b2b,Ireland,IE,0.001,20000,2000,3000.001,610,460,460,11.30,11.30,europe_zone_1,,,True,GBP,G,MM,7,False,True,50,mediumParcel,Royal Mail public online price for International Tracked Heavier medium parcels.  We have no contract rate also OTA is my placeholder certain zones need a specific code setting,https://www.royalmail.com/sending/international/international-tracked-signed-heavier,2026-04-07,verified public online price 2026-05-15,12,,0.12,2026-11-17,2027-01-09,,,,,,
royal_mail_international_tracked_medium_parcel,International Tracked Heavier Medium Parcel,OTA,01,tracked:b2c:b2b,Ireland,IE,0.001,20000,3000,4000.001,610,460,460,12.10,12.10,europe_zone_1,,,True,GBP,G,MM,7,False,True,50,mediumParcel,Royal Mail public online price for International Tracked Heavier medium parcels.  We have no contract rate also OTA is my placeholder certain zones need a specific code setting,https://www.royalmail.com/sending/international/international-tracked-signed-heavier,2026-04-07,verified public online price 2026-05-15,12,,0.12,2026-11-17,2027-01-09,,,,,,
royal_mail_international_tracked_medium_parcel,International Tracked Heavier Medium Parcel,OTA,01,tracked:b2c:b2b,Ireland,IE,0.001,20000,4000,5000.001,610,460,460,13.40,13.40,europe_zone_1,,,True,GBP,G,MM,7,False,True,50,mediumParcel,Royal Mail public online price for International Tracked Heavier medium parcels.  We have no contract rate also OTA is my placeholder certain zones need a specific code setting,https://www.royalmail.com/sending/international/international-tracked-signed-heavier,2026-04-07,verified public online price 2026-05-15,12,,0.12,2026-11-17,2027-01-09,,,,,,
royal_mail_international_tracked_medium_parcel,International Tracked Heavier Medium Parcel,OTA,01,tracked:b2c:b2b,Ireland,IE,0.001,20000,5000,7500.001,610,460,460,15.40,15.40,europe_zone_1,,,True,GBP,G,MM,7,False,True,50,mediumParcel,Royal Mail public online price for International Tracked Heavier medium parcels.  We have no contract rate also OTA is my placeholder certain zones need a specific code setting,https://www.royalmail.com/sending/international/international-tracked-signed-heavier,2026-04-07,verified public online price 2026-05-15,12,,0.12,2026-11-17,2027-01-09,,,,,,
royal_mail_international_tracked_medium_parcel,International Tracked Heavier Medium Parcel,OTA,01,tracked:b2c:b2b,Ireland,IE,0.001,20000,7500,10000.001,610,460,460,16.70,16.70,europe_zone_1,,,True,GBP,G,MM,7,False,True,50,mediumParcel,Royal Mail public online price for International Tracked Heavier medium parcels.  We have no contract rate also OTA is my placeholder certain zones need a specific code setting,https://www.royalmail.com/sending/international/international-tracked-signed-heavier,2026-04-07,verified public online price 2026-05-15,12,,0.12,2026-11-17,2027-01-09,,,,,,
royal_mail_international_tracked_medium_parcel,International Tracked Heavier Medium Parcel,OTA,01,tracked:b2c:b2b,Ireland,IE,0.001,20000,10000,15000.001,610,460,460,18.85,18.85,europe_zone_1,,,True,GBP,G,MM,7,False,True,50,mediumParcel,Royal Mail public online price for International Tracked Heavier medium parcels.  We have no contract rate also OTA is my placeholder certain zones need a specific code setting,https://www.royalmail.com/sending/international/international-tracked-signed-heavier,2026-04-07,verified public online price 2026-05-15,12,,0.12,2026-11-17,2027-01-09,,,,,,
royal_mail_international_tracked_medium_parcel,International Tracked Heavier Medium Parcel,OTA,01,tracked:b2c:b2b,Ireland,IE,0.001,20000,15000,20000.001,610,460,460,19.95,19.95,europe_zone_1,,,True,GBP,G,MM,7,False,True,50,mediumParcel,Royal Mail public online price for International Tracked Heavier medium parcels.  We have no contract rate also OTA is my placeholder certain zones need a specific code setting,https://www.royalmail.com/sending/international/international-tracked-signed-heavier,2026-04-07,verified public online price 2026-05-15,12,,0.12,2026-11-17,2027-01-09,,,,,,
royal_mail_international_tracked_medium_parcel,International Tracked Heavier Medium Parcel,OTA,01,tracked:b2c:b2b,Rest of Europe Zone 1,DK:MC,0.001,20000,0,1000.001,610,460,460,14.30,14.30,europe_zone_1,,,True,GBP,G,MM,7,False,True,50,mediumParcel,Royal Mail public online price for International Tracked Heavier medium parcels.  We have no contract rate also OTA is my placeholder certain zones need a specific code setting,https://www.royalmail.com/sending/international/international-tracked-signed-heavier,2026-04-07,verified public online price 2026-05-15,12,,0.12,2026-11-17,2027-01-09,,,,,,
royal_mail_international_tracked_medium_parcel,International Tracked Heavier Medium Parcel,OTA,01,tracked:b2c:b2b,Rest of Europe Zone 1,DK:MC,0.001,20000,1000,2000.001,610,460,460,15.20,15.20,europe_zone_1,,,True,GBP,G,MM,7,False,True,50,mediumParcel,Royal Mail public online price for International Tracked Heavier medium parcels.  We have no contract rate also OTA is my placeholder certain zones need a specific code setting,https://www.royalmail.com/sending/international/international-tracked-signed-heavier,2026-04-07,verified public online price 2026-05-15,12,,0.12,2026-11-17,2027-01-09,,,,,,
royal_mail_international_tracked_medium_parcel,International Tracked Heavier Medium Parcel,OTA,01,tracked:b2c:b2b,Rest of Europe Zone 1,DK:MC,0.001,20000,2000,3000.001,610,460,460,17.35,17.35,europe_zone_1,,,True,GBP,G,MM,7,False,True,50,mediumParcel,Royal Mail public online price for International Tracked Heavier medium parcels.  We have no contract rate also OTA is my placeholder certain zones need a specific code setting,https://www.royalmail.com/sending/international/international-tracked-signed-heavier,2026-04-07,verified public online price 2026-05-15,12,,0.12,2026-11-17,2027-01-09,,,,,,
royal_mail_international_tracked_medium_parcel,International Tracked Heavier Medium Parcel,OTA,01,tracked:b2c:b2b,Rest of Europe Zone 1,DK:MC,0.001,20000,3000,4000.001,610,460,460,17.85,17.85,europe_zone_1,,,True,GBP,G,MM,7,False,True,50,mediumParcel,Royal Mail public online price for International Tracked Heavier medium parcels.  We have no contract rate also OTA is my placeholder certain zones need a specific code setting,https://www.royalmail.com/sending/international/international-tracked-signed-heavier,2026-04-07,verified public online price 2026-05-15,12,,0.12,2026-11-17,2027-01-09,,,,,,
royal_mail_international_tracked_medium_parcel,International Tracked Heavier Medium Parcel,OTA,01,tracked:b2c:b2b,Rest of Europe Zone 1,DK:MC,0.001,20000,4000,5000.001,610,460,460,18.40,18.40,europe_zone_1,,,True,GBP,G,MM,7,False,True,50,mediumParcel,Royal Mail public online price for International Tracked Heavier medium parcels.  We have no contract rate also OTA is my placeholder certain zones need a specific code setting,https://www.royalmail.com/sending/international/international-tracked-signed-heavier,2026-04-07,verified public online price 2026-05-15,12,,0.12,2026-11-17,2027-01-09,,,,,,
royal_mail_international_tracked_medium_parcel,International Tracked Heavier Medium Parcel,OTA,01,tracked:b2c:b2b,Rest of Europe Zone 1,DK:MC,0.001,20000,5000,7500.001,610,460,460,24.05,24.05,europe_zone_1,,,True,GBP,G,MM,7,False,True,50,mediumParcel,Royal Mail public online price for International Tracked Heavier medium parcels.  We have no contract rate also OTA is my placeholder certain zones need a specific code setting,https://www.royalmail.com/sending/international/international-tracked-signed-heavier,2026-04-07,verified public online price 2026-05-15,12,,0.12,2026-11-17,2027-01-09,,,,,,
royal_mail_international_tracked_medium_parcel,International Tracked Heavier Medium Parcel,OTA,01,tracked:b2c:b2b,Rest of Europe Zone 1,DK:MC,0.001,20000,7500,10000.001,610,460,460,29.25,29.25,europe_zone_1,,,True,GBP,G,MM,7,False,True,50,mediumParcel,Royal Mail public online price for International Tracked Heavier medium parcels.  We have no contract rate also OTA is my placeholder certain zones need a specific code setting,https://www.royalmail.com/sending/international/international-tracked-signed-heavier,2026-04-07,verified public online price 2026-05-15,12,,0.12,2026-11-17,2027-01-09,,,,,,
royal_mail_international_tracked_medium_parcel,International Tracked Heavier Medium Parcel,OTA,01,tracked:b2c:b2b,Rest of Europe Zone 1,DK:MC,0.001,20000,10000,15000.001,610,460,460,39.65,39.65,europe_zone_1,,,True,GBP,G,MM,7,False,True,50,mediumParcel,Royal Mail public online price for International Tracked Heavier medium parcels.  We have no contract rate also OTA is my placeholder certain zones need a specific code setting,https://www.royalmail.com/sending/international/international-tracked-signed-heavier,2026-04-07,verified public online price 2026-05-15,12,,0.12,2026-11-17,2027-01-09,,,,,,
royal_mail_international_tracked_medium_parcel,International Tracked Heavier Medium Parcel,OTA,01,tracked:b2c:b2b,Rest of Europe Zone 1,DK:MC,0.001,20000,15000,20000.001,610,460,460,49.45,49.45,europe_zone_1,,,True,GBP,G,MM,7,False,True,50,mediumParcel,Royal Mail public online price for International Tracked Heavier medium parcels.  We have no contract rate also OTA is my placeholder certain zones need a specific code setting,https://www.royalmail.com/sending/international/international-tracked-signed-heavier,2026-04-07,verified public online price 2026-05-15,12,,0.12,2026-11-17,2027-01-09,,,,,,
royal_mail_international_tracked_medium_parcel,International Tracked Heavier Medium Parcel,OTA,01,tracked:b2c:b2b,Belgium,BE,0.001,20000,0,1000.001,610,460,460,13.00,13.00,europe_zone_2,,,True,GBP,G,MM,7,False,True,50,mediumParcel,Royal Mail public online price for International Tracked Heavier medium parcels.  We have no contract rate also OTA is my placeholder certain zones need a specific code setting,https://www.royalmail.com/sending/international/international-tracked-signed-heavier,2026-04-07,verified public online price 2026-05-15,12,,0.12,2026-11-17,2027-01-09,,,,,,
royal_mail_international_tracked_medium_parcel,International Tracked Heavier Medium Parcel,OTA,01,tracked:b2c:b2b,Belgium,BE,0.001,20000,1000,2000.001,610,460,460,16.10,16.10,europe_zone_2,,,True,GBP,G,MM,7,False,True,50,mediumParcel,Royal Mail public online price for International Tracked Heavier medium parcels.  We have no contract rate also OTA is my placeholder certain zones need a specific code setting,https://www.royalmail.com/sending/international/international-tracked-signed-heavier,2026-04-07,verified public online price 2026-05-15,12,,0.12,2026-11-17,2027-01-09,,,,,,
royal_mail_international_tracked_medium_parcel,International Tracked Heavier Medium Parcel,OTA,01,tracked:b2c:b2b,Belgium,BE,0.001,20000,2000,3000.001,610,460,460,18.65,18.65,europe_zone_2,,,True,GBP,G,MM,7,False,True,50,mediumParcel,Royal Mail public online price for International Tracked Heavier medium parcels.  We have no contract rate also OTA is my placeholder certain zones need a specific code setting,https://www.royalmail.com/sending/international/international-tracked-signed-heavier,2026-04-07,verified public online price 2026-05-15,12,,0.12,2026-11-17,2027-01-09,,,,,,
royal_mail_international_tracked_medium_parcel,International Tracked Heavier Medium Parcel,OTA,01,tracked:b2c:b2b,Belgium,BE,0.001,20000,3000,4000.001,610,460,460,33.60,33.60,europe_zone_2,,,True,GBP,G,MM,7,False,True,50,mediumParcel,Royal Mail public online price for International Tracked Heavier medium parcels.  We have no contract rate also OTA is my placeholder certain zones need a specific code setting,https://www.royalmail.com/sending/international/international-tracked-signed-heavier,2026-04-07,verified public online price 2026-05-15,12,,0.12,2026-11-17,2027-01-09,,,,,,
royal_mail_international_tracked_medium_parcel,International Tracked Heavier Medium Parcel,OTA,01,tracked:b2c:b2b,Belgium,BE,0.001,20000,4000,5000.001,610,460,460,36.65,36.65,europe_zone_2,,,True,GBP,G,MM,7,False,True,50,mediumParcel,Royal Mail public online price for International Tracked Heavier medium parcels.  We have no contract rate also OTA is my placeholder certain zones need a specific code setting,https://www.royalmail.com/sending/international/international-tracked-signed-heavier,2026-04-07,verified public online price 2026-05-15,12,,0.12,2026-11-17,2027-01-09,,,,,,
royal_mail_international_tracked_medium_parcel,International Tracked Heavier Medium Parcel,OTA,01,tracked:b2c:b2b,Belgium,BE,0.001,20000,5000,7500.001,610,460,460,54.45,54.45,europe_zone_2,,,True,GBP,G,MM,7,False,True,50,mediumParcel,Royal Mail public online price for International Tracked Heavier medium parcels.  We have no contract rate also OTA is my placeholder certain zones need a specific code setting,https://www.royalmail.com/sending/international/international-tracked-signed-heavier,2026-04-07,verified public online price 2026-05-15,12,,0.12,2026-11-17,2027-01-09,,,,,,
royal_mail_international_tracked_medium_parcel,International Tracked Heavier Medium Parcel,OTA,01,tracked:b2c:b2b,Belgium,BE,0.001,20000,7500,10000.001,610,460,460,58.10,58.10,europe_zone_2,,,True,GBP,G,MM,7,False,True,50,mediumParcel,Royal Mail public online price for International Tracked Heavier medium parcels.  We have no contract rate also OTA is my placeholder certain zones need a specific code setting,https://www.royalmail.com/sending/international/international-tracked-signed-heavier,2026-04-07,verified public online price 2026-05-15,12,,0.12,2026-11-17,2027-01-09,,,,,,
royal_mail_international_tracked_medium_parcel,International Tracked Heavier Medium Parcel,OTA,01,tracked:b2c:b2b,Belgium,BE,0.001,20000,10000,15000.001,610,460,460,78.60,78.60,europe_zone_2,,,True,GBP,G,MM,7,False,True,50,mediumParcel,Royal Mail public online price for International Tracked Heavier medium parcels.  We have no contract rate also OTA is my placeholder certain zones need a specific code setting,https://www.royalmail.com/sending/international/international-tracked-signed-heavier,2026-04-07,verified public online price 2026-05-15,12,,0.12,2026-11-17,2027-01-09,,,,,,
royal_mail_international_tracked_medium_parcel,International Tracked Heavier Medium Parcel,OTA,01,tracked:b2c:b2b,Belgium,BE,0.001,20000,15000,20000.001,610,460,460,95.10,95.10,europe_zone_2,,,True,GBP,G,MM,7,False,True,50,mediumParcel,Royal Mail public online price for International Tracked Heavier medium parcels.  We have no contract rate also OTA is my placeholder certain zones need a specific code setting,https://www.royalmail.com/sending/international/international-tracked-signed-heavier,2026-04-07,verified public online price 2026-05-15,12,,0.12,2026-11-17,2027-01-09,,,,,,
royal_mail_international_tracked_medium_parcel,International Tracked Heavier Medium Parcel,OTA,01,tracked:b2c:b2b,Italy,IT,0.001,20000,0,1000.001,610,460,460,14.05,14.05,europe_zone_2,,,True,GBP,G,MM,7,False,True,50,mediumParcel,Royal Mail public online price for International Tracked Heavier medium parcels.  We have no contract rate also OTA is my placeholder certain zones need a specific code setting,https://www.royalmail.com/sending/international/international-tracked-signed-heavier,2026-04-07,verified public online price 2026-05-15,12,,0.12,2026-11-17,2027-01-09,,,,,,
royal_mail_international_tracked_medium_parcel,International Tracked Heavier Medium Parcel,OTA,01,tracked:b2c:b2b,Italy,IT,0.001,20000,1000,2000.001,610,460,460,16.95,16.95,europe_zone_2,,,True,GBP,G,MM,7,False,True,50,mediumParcel,Royal Mail public online price for International Tracked Heavier medium parcels.  We have no contract rate also OTA is my placeholder certain zones need a specific code setting,https://www.royalmail.com/sending/international/international-tracked-signed-heavier,2026-04-07,verified public online price 2026-05-15,12,,0.12,2026-11-17,2027-01-09,,,,,,
royal_mail_international_tracked_medium_parcel,International Tracked Heavier Medium Parcel,OTA,01,tracked:b2c:b2b,Italy,IT,0.001,20000,2000,3000.001,610,460,460,19.80,19.80,europe_zone_2,,,True,GBP,G,MM,7,False,True,50,mediumParcel,Royal Mail public online price for International Tracked Heavier medium parcels.  We have no contract rate also OTA is my placeholder certain zones need a specific code setting,https://www.royalmail.com/sending/international/international-tracked-signed-heavier,2026-04-07,verified public online price 2026-05-15,12,,0.12,2026-11-17,2027-01-09,,,,,,
royal_mail_international_tracked_medium_parcel,International Tracked Heavier Medium Parcel,OTA,01,tracked:b2c:b2b,Italy,IT,0.001,20000,3000,4000.001,610,460,460,25.20,25.20,europe_zone_2,,,True,GBP,G,MM,7,False,True,50,mediumParcel,Royal Mail public online price for International Tracked Heavier medium parcels.  We have no contract rate also OTA is my placeholder certain zones need a specific code setting,https://www.royalmail.com/sending/international/international-tracked-signed-heavier,2026-04-07,verified public online price 2026-05-15,12,,0.12,2026-11-17,2027-01-09,,,,,,
royal_mail_international_tracked_medium_parcel,International Tracked Heavier Medium Parcel,OTA,01,tracked:b2c:b2b,Italy,IT,0.001,20000,4000,5000.001,610,460,460,28.00,28.00,europe_zone_2,,,True,GBP,G,MM,7,False,True,50,mediumParcel,Royal Mail public online price for International Tracked Heavier medium parcels.  We have no contract rate also OTA is my placeholder certain zones need a specific code setting,https://www.royalmail.com/sending/international/international-tracked-signed-heavier,2026-04-07,verified public online price 2026-05-15,12,,0.12,2026-11-17,2027-01-09,,,,,,
royal_mail_international_tracked_medium_parcel,International Tracked Heavier Medium Parcel,OTA,01,tracked:b2c:b2b,Italy,IT,0.001,20000,5000,7500.001,610,460,460,31.90,31.90,europe_zone_2,,,True,GBP,G,MM,7,False,True,50,mediumParcel,Royal Mail public online price for International Tracked Heavier medium parcels.  We have no contract rate also OTA is my placeholder certain zones need a specific code setting,https://www.royalmail.com/sending/international/international-tracked-signed-heavier,2026-04-07,verified public online price 2026-05-15,12,,0.12,2026-11-17,2027-01-09,,,,,,
royal_mail_international_tracked_medium_parcel,International Tracked Heavier Medium Parcel,OTA,01,tracked:b2c:b2b,Italy,IT,0.001,20000,7500,10000.001,610,460,460,37.50,37.50,europe_zone_2,,,True,GBP,G,MM,7,False,True,50,mediumParcel,Royal Mail public online price for International Tracked Heavier medium parcels.  We have no contract rate also OTA is my placeholder certain zones need a specific code setting,https://www.royalmail.com/sending/international/international-tracked-signed-heavier,2026-04-07,verified public online price 2026-05-15,12,,0.12,2026-11-17,2027-01-09,,,,,,
royal_mail_international_tracked_medium_parcel,International Tracked Heavier Medium Parcel,OTA,01,tracked:b2c:b2b,Italy,IT,0.001,20000,10000,15000.001,610,460,460,55.40,55.40,europe_zone_2,,,True,GBP,G,MM,7,False,True,50,mediumParcel,Royal Mail public online price for International Tracked Heavier medium parcels.  We have no contract rate also OTA is my placeholder certain zones need a specific code setting,https://www.royalmail.com/sending/international/international-tracked-signed-heavier,2026-04-07,verified public online price 2026-05-15,12,,0.12,2026-11-17,2027-01-09,,,,,,
royal_mail_international_tracked_medium_parcel,International Tracked Heavier Medium Parcel,OTA,01,tracked:b2c:b2b,Italy,IT,0.001,20000,15000,20000.001,610,460,460,67.90,67.90,europe_zone_2,,,True,GBP,G,MM,7,False,True,50,mediumParcel,Royal Mail public online price for International Tracked Heavier medium parcels.  We have no contract rate also OTA is my placeholder certain zones need a specific code setting,https://www.royalmail.com/sending/international/international-tracked-signed-heavier,2026-04-07,verified public online price 2026-05-15,12,,0.12,2026-11-17,2027-01-09,,,,,,
royal_mail_international_tracked_medium_parcel,International Tracked Heavier Medium Parcel,OTA,01,tracked:b2c:b2b,Netherlands,NL,0.001,20000,0,1000.001,610,460,460,12.35,12.35,europe_zone_2,,,True,GBP,G,MM,7,False,True,50,mediumParcel,Royal Mail public online price for International Tracked Heavier medium parcels.  We have no contract rate also OTA is my placeholder certain zones need a specific code setting,https://www.royalmail.com/sending/international/international-tracked-signed-heavier,2026-04-07,verified public online price 2026-05-15,12,,0.12,2026-11-17,2027-01-09,,,,,,
royal_mail_international_tracked_medium_parcel,International Tracked Heavier Medium Parcel,OTA,01,tracked:b2c:b2b,Netherlands,NL,0.001,20000,1000,2000.001,610,460,460,13.70,13.70,europe_zone_2,,,True,GBP,G,MM,7,False,True,50,mediumParcel,Royal Mail public online price for International Tracked Heavier medium parcels.  We have no contract rate also OTA is my placeholder certain zones need a specific code setting,https://www.royalmail.com/sending/international/international-tracked-signed-heavier,2026-04-07,verified public online price 2026-05-15,12,,0.12,2026-11-17,2027-01-09,,,,,,
royal_mail_international_tracked_medium_parcel,International Tracked Heavier Medium Parcel,OTA,01,tracked:b2c:b2b,Netherlands,NL,0.001,20000,2000,3000.001,610,460,460,15.85,15.85,europe_zone_2,,,True,GBP,G,MM,7,False,True,50,mediumParcel,Royal Mail public online price for International Tracked Heavier medium parcels.  We have no contract rate also OTA is my placeholder certain zones need a specific code setting,https://www.royalmail.com/sending/international/international-tracked-signed-heavier,2026-04-07,verified public online price 2026-05-15,12,,0.12,2026-11-17,2027-01-09,,,,,,
royal_mail_international_tracked_medium_parcel,International Tracked Heavier Medium Parcel,OTA,01,tracked:b2c:b2b,Netherlands,NL,0.001,20000,3000,4000.001,610,460,460,28.55,28.55,europe_zone_2,,,True,GBP,G,MM,7,False,True,50,mediumParcel,Royal Mail public online price for International Tracked Heavier medium parcels.  We have no contract rate also OTA is my placeholder certain zones need a specific code setting,https://www.royalmail.com/sending/international/international-tracked-signed-heavier,2026-04-07,verified public online price 2026-05-15,12,,0.12,2026-11-17,2027-01-09,,,,,,
royal_mail_international_tracked_medium_parcel,International Tracked Heavier Medium Parcel,OTA,01,tracked:b2c:b2b,Netherlands,NL,0.001,20000,4000,5000.001,610,460,460,31.15,31.15,europe_zone_2,,,True,GBP,G,MM,7,False,True,50,mediumParcel,Royal Mail public online price for International Tracked Heavier medium parcels.  We have no contract rate also OTA is my placeholder certain zones need a specific code setting,https://www.royalmail.com/sending/international/international-tracked-signed-heavier,2026-04-07,verified public online price 2026-05-15,12,,0.12,2026-11-17,2027-01-09,,,,,,
royal_mail_international_tracked_medium_parcel,International Tracked Heavier Medium Parcel,OTA,01,tracked:b2c:b2b,Netherlands,NL,0.001,20000,5000,7500.001,610,460,460,46.30,46.30,europe_zone_2,,,True,GBP,G,MM,7,False,True,50,mediumParcel,Royal Mail public online price for International Tracked Heavier medium parcels.  We have no contract rate also OTA is my placeholder certain zones need a specific code setting,https://www.royalmail.com/sending/international/international-tracked-signed-heavier,2026-04-07,verified public online price 2026-05-15,12,,0.12,2026-11-17,2027-01-09,,,,,,
royal_mail_international_tracked_medium_parcel,International Tracked Heavier Medium Parcel,OTA,01,tracked:b2c:b2b,Netherlands,NL,0.001,20000,7500,10000.001,610,460,460,63.40,63.40,europe_zone_2,,,True,GBP,G,MM,7,False,True,50,mediumParcel,Royal Mail public online price for International Tracked Heavier medium parcels.  We have no contract rate also OTA is my placeholder certain zones need a specific code setting,https://www.royalmail.com/sending/international/international-tracked-signed-heavier,2026-04-07,verified public online price 2026-05-15,12,,0.12,2026-11-17,2027-01-09,,,,,,
royal_mail_international_tracked_medium_parcel,International Tracked Heavier Medium Parcel,OTA,01,tracked:b2c:b2b,Netherlands,NL,0.001,20000,10000,15000.001,610,460,460,79.00,79.00,europe_zone_2,,,True,GBP,G,MM,7,False,True,50,mediumParcel,Royal Mail public online price for International Tracked Heavier medium parcels.  We have no contract rate also OTA is my placeholder certain zones need a specific code setting,https://www.royalmail.com/sending/international/international-tracked-signed-heavier,2026-04-07,verified public online price 2026-05-15,12,,0.12,2026-11-17,2027-01-09,,,,,,
royal_mail_international_tracked_medium_parcel,International Tracked Heavier Medium Parcel,OTA,01,tracked:b2c:b2b,Netherlands,NL,0.001,20000,15000,20000.001,610,460,460,95.00,95.00,europe_zone_2,,,True,GBP,G,MM,7,False,True,50,mediumParcel,Royal Mail public online price for International Tracked Heavier medium parcels.  We have no contract rate also OTA is my placeholder certain zones need a specific code setting,https://www.royalmail.com/sending/international/international-tracked-signed-heavier,2026-04-07,verified public online price 2026-05-15,12,,0.12,2026-11-17,2027-01-09,,,,,,
royal_mail_international_tracked_medium_parcel,International Tracked Heavier Medium Parcel,OTA,01,tracked:b2c:b2b,Poland,PL,0.001,20000,0,1000.001,610,460,460,13.55,13.55,europe_zone_2,,,True,GBP,G,MM,7,False,True,50,mediumParcel,Royal Mail public online price for International Tracked Heavier medium parcels.  We have no contract rate also OTA is my placeholder certain zones need a specific code setting,https://www.royalmail.com/sending/international/international-tracked-signed-heavier,2026-04-07,verified public online price 2026-05-15,12,,0.12,2026-11-17,2027-01-09,,,,,,
royal_mail_international_tracked_medium_parcel,International Tracked Heavier Medium Parcel,OTA,01,tracked:b2c:b2b,Poland,PL,0.001,20000,1000,2000.001,610,460,460,16.40,16.40,europe_zone_2,,,True,GBP,G,MM,7,False,True,50,mediumParcel,Royal Mail public online price for International Tracked Heavier medium parcels.  We have no contract rate also OTA is my placeholder certain zones need a specific code setting,https://www.royalmail.com/sending/international/international-tracked-signed-heavier,2026-04-07,verified public online price 2026-05-15,12,,0.12,2026-11-17,2027-01-09,,,,,,
royal_mail_international_tracked_medium_parcel,International Tracked Heavier Medium Parcel,OTA,01,tracked:b2c:b2b,Poland,PL,0.001,20000,2000,3000.001,610,460,460,19.00,19.00,europe_zone_2,,,True,GBP,G,MM,7,False,True,50,mediumParcel,Royal Mail public online price for International Tracked Heavier medium parcels.  We have no contract rate also OTA is my placeholder certain zones need a specific code setting,https://www.royalmail.com/sending/international/international-tracked-signed-heavier,2026-04-07,verified public online price 2026-05-15,12,,0.12,2026-11-17,2027-01-09,,,,,,
royal_mail_international_tracked_medium_parcel,International Tracked Heavier Medium Parcel,OTA,01,tracked:b2c:b2b,Poland,PL,0.001,20000,3000,4000.001,610,460,460,29.10,29.10,europe_zone_2,,,True,GBP,G,MM,7,False,True,50,mediumParcel,Royal Mail public online price for International Tracked Heavier medium parcels.  We have no contract rate also OTA is my placeholder certain zones need a specific code setting,https://www.royalmail.com/sending/international/international-tracked-signed-heavier,2026-04-07,verified public online price 2026-05-15,12,,0.12,2026-11-17,2027-01-09,,,,,,
royal_mail_international_tracked_medium_parcel,International Tracked Heavier Medium Parcel,OTA,01,tracked:b2c:b2b,Poland,PL,0.001,20000,4000,5000.001,610,460,460,37.40,37.40,europe_zone_2,,,True,GBP,G,MM,7,False,True,50,mediumParcel,Royal Mail public online price for International Tracked Heavier medium parcels.  We have no contract rate also OTA is my placeholder certain zones need a specific code setting,https://www.royalmail.com/sending/international/international-tracked-signed-heavier,2026-04-07,verified public online price 2026-05-15,12,,0.12,2026-11-17,2027-01-09,,,,,,
royal_mail_international_tracked_medium_parcel,International Tracked Heavier Medium Parcel,OTA,01,tracked:b2c:b2b,Poland,PL,0.001,20000,5000,7500.001,610,460,460,54.45,54.45,europe_zone_2,,,True,GBP,G,MM,7,False,True,50,mediumParcel,Royal Mail public online price for International Tracked Heavier medium parcels.  We have no contract rate also OTA is my placeholder certain zones need a specific code setting,https://www.royalmail.com/sending/international/international-tracked-signed-heavier,2026-04-07,verified public online price 2026-05-15,12,,0.12,2026-11-17,2027-01-09,,,,,,
royal_mail_international_tracked_medium_parcel,International Tracked Heavier Medium Parcel,OTA,01,tracked:b2c:b2b,Poland,PL,0.001,20000,7500,10000.001,610,460,460,74.55,74.55,europe_zone_2,,,True,GBP,G,MM,7,False,True,50,mediumParcel,Royal Mail public online price for International Tracked Heavier medium parcels.  We have no contract rate also OTA is my placeholder certain zones need a specific code setting,https://www.royalmail.com/sending/international/international-tracked-signed-heavier,2026-04-07,verified public online price 2026-05-15,12,,0.12,2026-11-17,2027-01-09,,,,,,
royal_mail_international_tracked_medium_parcel,International Tracked Heavier Medium Parcel,OTA,01,tracked:b2c:b2b,Poland,PL,0.001,20000,10000,15000.001,610,460,460,85.65,85.65,europe_zone_2,,,True,GBP,G,MM,7,False,True,50,mediumParcel,Royal Mail public online price for International Tracked Heavier medium parcels.  We have no contract rate also OTA is my placeholder certain zones need a specific code setting,https://www.royalmail.com/sending/international/international-tracked-signed-heavier,2026-04-07,verified public online price 2026-05-15,12,,0.12,2026-11-17,2027-01-09,,,,,,
royal_mail_international_tracked_medium_parcel,International Tracked Heavier Medium Parcel,OTA,01,tracked:b2c:b2b,Poland,PL,0.001,20000,15000,20000.001,610,460,460,109.25,109.25,europe_zone_2,,,True,GBP,G,MM,7,False,True,50,mediumParcel,Royal Mail public online price for International Tracked Heavier medium parcels.  We have no contract rate also OTA is my placeholder certain zones need a specific code setting,https://www.royalmail.com/sending/international/international-tracked-signed-heavier,2026-04-07,verified public online price 2026-05-15,12,,0.12,2026-11-17,2027-01-09,,,,,,
royal_mail_international_tracked_medium_parcel,International Tracked Heavier Medium Parcel,OTA,01,tracked:b2c:b2b,Romania,RO,0.001,20000,0,1000.001,610,460,460,17.85,17.85,europe_zone_2,,,True,GBP,G,MM,7,False,True,50,mediumParcel,Royal Mail public online price for International Tracked Heavier medium parcels.  We have no contract rate also OTA is my placeholder certain zones need a specific code setting,https://www.royalmail.com/sending/international/international-tracked-signed-heavier,2026-04-07,verified public online price 2026-05-15,12,,0.12,2026-11-17,2027-01-09,,,,,,
royal_mail_international_tracked_medium_parcel,International Tracked Heavier Medium Parcel,OTA,01,tracked:b2c:b2b,Romania,RO,0.001,20000,1000,2000.001,610,460,460,20.70,20.70,europe_zone_2,,,True,GBP,G,MM,7,False,True,50,mediumParcel,Royal Mail public online price for International Tracked Heavier medium parcels.  We have no contract rate also OTA is my placeholder certain zones need a specific code setting,https://www.royalmail.com/sending/international/international-tracked-signed-heavier,2026-04-07,verified public online price 2026-05-15,12,,0.12,2026-11-17,2027-01-09,,,,,,
royal_mail_international_tracked_medium_parcel,International Tracked Heavier Medium Parcel,OTA,01,tracked:b2c:b2b,Romania,RO,0.001,20000,2000,3000.001,610,460,460,23.30,23.30,europe_zone_2,,,True,GBP,G,MM,7,False,True,50,mediumParcel,Royal Mail public online price for International Tracked Heavier medium parcels.  We have no contract rate also OTA is my placeholder certain zones need a specific code setting,https://www.royalmail.com/sending/international/international-tracked-signed-heavier,2026-04-07,verified public online price 2026-05-15,12,,0.12,2026-11-17,2027-01-09,,,,,,
royal_mail_international_tracked_medium_parcel,International Tracked Heavier Medium Parcel,OTA,01,tracked:b2c:b2b,Romania,RO,0.001,20000,3000,4000.001,610,460,460,32.90,32.90,europe_zone_2,,,True,GBP,G,MM,7,False,True,50,mediumParcel,Royal Mail public online price for International Tracked Heavier medium parcels.  We have no contract rate also OTA is my placeholder certain zones need a specific code setting,https://www.royalmail.com/sending/international/international-tracked-signed-heavier,2026-04-07,verified public online price 2026-05-15,12,,0.12,2026-11-17,2027-01-09,,,,,,
royal_mail_international_tracked_medium_parcel,International Tracked Heavier Medium Parcel,OTA,01,tracked:b2c:b2b,Romania,RO,0.001,20000,4000,5000.001,610,460,460,41.70,41.70,europe_zone_2,,,True,GBP,G,MM,7,False,True,50,mediumParcel,Royal Mail public online price for International Tracked Heavier medium parcels.  We have no contract rate also OTA is my placeholder certain zones need a specific code setting,https://www.royalmail.com/sending/international/international-tracked-signed-heavier,2026-04-07,verified public online price 2026-05-15,12,,0.12,2026-11-17,2027-01-09,,,,,,
royal_mail_international_tracked_medium_parcel,International Tracked Heavier Medium Parcel,OTA,01,tracked:b2c:b2b,Romania,RO,0.001,20000,5000,7500.001,610,460,460,54.45,54.45,europe_zone_2,,,True,GBP,G,MM,7,False,True,50,mediumParcel,Royal Mail public online price for International Tracked Heavier medium parcels.  We have no contract rate also OTA is my placeholder certain zones need a specific code setting,https://www.royalmail.com/sending/international/international-tracked-signed-heavier,2026-04-07,verified public online price 2026-05-15,12,,0.12,2026-11-17,2027-01-09,,,,,,
royal_mail_international_tracked_medium_parcel,International Tracked Heavier Medium Parcel,OTA,01,tracked:b2c:b2b,Romania,RO,0.001,20000,7500,10000.001,610,460,460,74.55,74.55,europe_zone_2,,,True,GBP,G,MM,7,False,True,50,mediumParcel,Royal Mail public online price for International Tracked Heavier medium parcels.  We have no contract rate also OTA is my placeholder certain zones need a specific code setting,https://www.royalmail.com/sending/international/international-tracked-signed-heavier,2026-04-07,verified public online price 2026-05-15,12,,0.12,2026-11-17,2027-01-09,,,,,,
royal_mail_international_tracked_medium_parcel,International Tracked Heavier Medium Parcel,OTA,01,tracked:b2c:b2b,Romania,RO,0.001,20000,10000,15000.001,610,460,460,85.65,85.65,europe_zone_2,,,True,GBP,G,MM,7,False,True,50,mediumParcel,Royal Mail public online price for International Tracked Heavier medium parcels.  We have no contract rate also OTA is my placeholder certain zones need a specific code setting,https://www.royalmail.com/sending/international/international-tracked-signed-heavier,2026-04-07,verified public online price 2026-05-15,12,,0.12,2026-11-17,2027-01-09,,,,,,
royal_mail_international_tracked_medium_parcel,International Tracked Heavier Medium Parcel,OTA,01,tracked:b2c:b2b,Romania,RO,0.001,20000,15000,20000.001,610,460,460,109.25,109.25,europe_zone_2,,,True,GBP,G,MM,7,False,True,50,mediumParcel,Royal Mail public online price for International Tracked Heavier medium parcels.  We have no contract rate also OTA is my placeholder certain zones need a specific code setting,https://www.royalmail.com/sending/international/international-tracked-signed-heavier,2026-04-07,verified public online price 2026-05-15,12,,0.12,2026-11-17,2027-01-09,,,,,,
royal_mail_international_tracked_medium_parcel,International Tracked Heavier Medium Parcel,OTA,01,tracked:b2c:b2b,Spain,ES,0.001,20000,0,1000.001,610,460,460,14.80,14.80,europe_zone_2,,,True,GBP,G,MM,7,False,True,50,mediumParcel,Royal Mail public online price for International Tracked Heavier medium parcels.  We have no contract rate also OTA is my placeholder certain zones need a specific code setting,https://www.royalmail.com/sending/international/international-tracked-signed-heavier,2026-04-07,verified public online price 2026-05-15,12,,0.12,2026-11-17,2027-01-09,,,,,,
royal_mail_international_tracked_medium_parcel,International Tracked Heavier Medium Parcel,OTA,01,tracked:b2c:b2b,Spain,ES,0.001,20000,1000,2000.001,610,460,460,17.10,17.10,europe_zone_2,,,True,GBP,G,MM,7,False,True,50,mediumParcel,Royal Mail public online price for International Tracked Heavier medium parcels.  We have no contract rate also OTA is my placeholder certain zones need a specific code setting,https://www.royalmail.com/sending/international/international-tracked-signed-heavier,2026-04-07,verified public online price 2026-05-15,12,,0.12,2026-11-17,2027-01-09,,,,,,
royal_mail_international_tracked_medium_parcel,International Tracked Heavier Medium Parcel,OTA,01,tracked:b2c:b2b,Spain,ES,0.001,20000,2000,3000.001,610,460,460,19.80,19.80,europe_zone_2,,,True,GBP,G,MM,7,False,True,50,mediumParcel,Royal Mail public online price for International Tracked Heavier medium parcels.  We have no contract rate also OTA is my placeholder certain zones need a specific code setting,https://www.royalmail.com/sending/international/international-tracked-signed-heavier,2026-04-07,verified public online price 2026-05-15,12,,0.12,2026-11-17,2027-01-09,,,,,,
royal_mail_international_tracked_medium_parcel,International Tracked Heavier Medium Parcel,OTA,01,tracked:b2c:b2b,Spain,ES,0.001,20000,3000,4000.001,610,460,460,24.50,24.50,europe_zone_2,,,True,GBP,G,MM,7,False,True,50,mediumParcel,Royal Mail public online price for International Tracked Heavier medium parcels.  We have no contract rate also OTA is my placeholder certain zones need a specific code setting,https://www.royalmail.com/sending/international/international-tracked-signed-heavier,2026-04-07,verified public online price 2026-05-15,12,,0.12,2026-11-17,2027-01-09,,,,,,
royal_mail_international_tracked_medium_parcel,International Tracked Heavier Medium Parcel,OTA,01,tracked:b2c:b2b,Spain,ES,0.001,20000,4000,5000.001,610,460,460,29.00,29.00,europe_zone_2,,,True,GBP,G,MM,7,False,True,50,mediumParcel,Royal Mail public online price for International Tracked Heavier medium parcels.  We have no contract rate also OTA is my placeholder certain zones need a specific code setting,https://www.royalmail.com/sending/international/international-tracked-signed-heavier,2026-04-07,verified public online price 2026-05-15,12,,0.12,2026-11-17,2027-01-09,,,,,,
royal_mail_international_tracked_medium_parcel,International Tracked Heavier Medium Parcel,OTA,01,tracked:b2c:b2b,Spain,ES,0.001,20000,5000,7500.001,610,460,460,38.00,38.00,europe_zone_2,,,True,GBP,G,MM,7,False,True,50,mediumParcel,Royal Mail public online price for International Tracked Heavier medium parcels.  We have no contract rate also OTA is my placeholder certain zones need a specific code setting,https://www.royalmail.com/sending/international/international-tracked-signed-heavier,2026-04-07,verified public online price 2026-05-15,12,,0.12,2026-11-17,2027-01-09,,,,,,
royal_mail_international_tracked_medium_parcel,International Tracked Heavier Medium Parcel,OTA,01,tracked:b2c:b2b,Spain,ES,0.001,20000,7500,10000.001,610,460,460,46.00,46.00,europe_zone_2,,,True,GBP,G,MM,7,False,True,50,mediumParcel,Royal Mail public online price for International Tracked Heavier medium parcels.  We have no contract rate also OTA is my placeholder certain zones need a specific code setting,https://www.royalmail.com/sending/international/international-tracked-signed-heavier,2026-04-07,verified public online price 2026-05-15,12,,0.12,2026-11-17,2027-01-09,,,,,,
royal_mail_international_tracked_medium_parcel,International Tracked Heavier Medium Parcel,OTA,01,tracked:b2c:b2b,Spain,ES,0.001,20000,10000,15000.001,610,460,460,55.00,55.00,europe_zone_2,,,True,GBP,G,MM,7,False,True,50,mediumParcel,Royal Mail public online price for International Tracked Heavier medium parcels.  We have no contract rate also OTA is my placeholder certain zones need a specific code setting,https://www.royalmail.com/sending/international/international-tracked-signed-heavier,2026-04-07,verified public online price 2026-05-15,12,,0.12,2026-11-17,2027-01-09,,,,,,
royal_mail_international_tracked_medium_parcel,International Tracked Heavier Medium Parcel,OTA,01,tracked:b2c:b2b,Spain,ES,0.001,20000,15000,20000.001,610,460,460,60.00,60.00,europe_zone_2,,,True,GBP,G,MM,7,False,True,50,mediumParcel,Royal Mail public online price for International Tracked Heavier medium parcels.  We have no contract rate also OTA is my placeholder certain zones need a specific code setting,https://www.royalmail.com/sending/international/international-tracked-signed-heavier,2026-04-07,verified public online price 2026-05-15,12,,0.12,2026-11-17,2027-01-09,,,,,,
royal_mail_international_tracked_medium_parcel,International Tracked Heavier Medium Parcel,OTA,01,tracked:b2c:b2b,Sweden,SE,0.001,20000,0,1000.001,610,460,460,13.00,13.00,europe_zone_2,,,True,GBP,G,MM,7,False,True,50,mediumParcel,Royal Mail public online price for International Tracked Heavier medium parcels.  We have no contract rate also OTA is my placeholder certain zones need a specific code setting,https://www.royalmail.com/sending/international/international-tracked-signed-heavier,2026-04-07,verified public online price 2026-05-15,12,,0.12,2026-11-17,2027-01-09,,,,,,
royal_mail_international_tracked_medium_parcel,International Tracked Heavier Medium Parcel,OTA,01,tracked:b2c:b2b,Sweden,SE,0.001,20000,1000,2000.001,610,460,460,16.10,16.10,europe_zone_2,,,True,GBP,G,MM,7,False,True,50,mediumParcel,Royal Mail public online price for International Tracked Heavier medium parcels.  We have no contract rate also OTA is my placeholder certain zones need a specific code setting,https://www.royalmail.com/sending/international/international-tracked-signed-heavier,2026-04-07,verified public online price 2026-05-15,12,,0.12,2026-11-17,2027-01-09,,,,,,
royal_mail_international_tracked_medium_parcel,International Tracked Heavier Medium Parcel,OTA,01,tracked:b2c:b2b,Sweden,SE,0.001,20000,2000,3000.001,610,460,460,18.65,18.65,europe_zone_2,,,True,GBP,G,MM,7,False,True,50,mediumParcel,Royal Mail public online price for International Tracked Heavier medium parcels.  We have no contract rate also OTA is my placeholder certain zones need a specific code setting,https://www.royalmail.com/sending/international/international-tracked-signed-heavier,2026-04-07,verified public online price 2026-05-15,12,,0.12,2026-11-17,2027-01-09,,,,,,
royal_mail_international_tracked_medium_parcel,International Tracked Heavier Medium Parcel,OTA,01,tracked:b2c:b2b,Sweden,SE,0.001,20000,3000,4000.001,610,460,460,29.95,29.95,europe_zone_2,,,True,GBP,G,MM,7,False,True,50,mediumParcel,Royal Mail public online price for International Tracked Heavier medium parcels.  We have no contract rate also OTA is my placeholder certain zones need a specific code setting,https://www.royalmail.com/sending/international/international-tracked-signed-heavier,2026-04-07,verified public online price 2026-05-15,12,,0.12,2026-11-17,2027-01-09,,,,,,
royal_mail_international_tracked_medium_parcel,International Tracked Heavier Medium Parcel,OTA,01,tracked:b2c:b2b,Sweden,SE,0.001,20000,4000,5000.001,610,460,460,36.65,36.65,europe_zone_2,,,True,GBP,G,MM,7,False,True,50,mediumParcel,Royal Mail public online price for International Tracked Heavier medium parcels.  We have no contract rate also OTA is my placeholder certain zones need a specific code setting,https://www.royalmail.com/sending/international/international-tracked-signed-heavier,2026-04-07,verified public online price 2026-05-15,12,,0.12,2026-11-17,2027-01-09,,,,,,
royal_mail_international_tracked_medium_parcel,International Tracked Heavier Medium Parcel,OTA,01,tracked:b2c:b2b,Sweden,SE,0.001,20000,5000,7500.001,610,460,460,53.40,53.40,europe_zone_2,,,True,GBP,G,MM,7,False,True,50,mediumParcel,Royal Mail public online price for International Tracked Heavier medium parcels.  We have no contract rate also OTA is my placeholder certain zones need a specific code setting,https://www.royalmail.com/sending/international/international-tracked-signed-heavier,2026-04-07,verified public online price 2026-05-15,12,,0.12,2026-11-17,2027-01-09,,,,,,
royal_mail_international_tracked_medium_parcel,International Tracked Heavier Medium Parcel,OTA,01,tracked:b2c:b2b,Sweden,SE,0.001,20000,7500,10000.001,610,460,460,73.10,73.10,europe_zone_2,,,True,GBP,G,MM,7,False,True,50,mediumParcel,Royal Mail public online price for International Tracked Heavier medium parcels.  We have no contract rate also OTA is my placeholder certain zones need a specific code setting,https://www.royalmail.com/sending/international/international-tracked-signed-heavier,2026-04-07,verified public online price 2026-05-15,12,,0.12,2026-11-17,2027-01-09,,,,,,
royal_mail_international_tracked_medium_parcel,International Tracked Heavier Medium Parcel,OTA,01,tracked:b2c:b2b,Sweden,SE,0.001,20000,10000,15000.001,610,460,460,83.60,83.60,europe_zone_2,,,True,GBP,G,MM,7,False,True,50,mediumParcel,Royal Mail public online price for International Tracked Heavier medium parcels.  We have no contract rate also OTA is my placeholder certain zones need a specific code setting,https://www.royalmail.com/sending/international/international-tracked-signed-heavier,2026-04-07,verified public online price 2026-05-15,12,,0.12,2026-11-17,2027-01-09,,,,,,
royal_mail_international_tracked_medium_parcel,International Tracked Heavier Medium Parcel,OTA,01,tracked:b2c:b2b,Sweden,SE,0.001,20000,15000,20000.001,610,460,460,107.10,107.10,europe_zone_2,,,True,GBP,G,MM,7,False,True,50,mediumParcel,Royal Mail public online price for International Tracked Heavier medium parcels.  We have no contract rate also OTA is my placeholder certain zones need a specific code setting,https://www.royalmail.com/sending/international/international-tracked-signed-heavier,2026-04-07,verified public online price 2026-05-15,12,,0.12,2026-11-17,2027-01-09,,,,,,
royal_mail_international_tracked_medium_parcel,International Tracked Heavier Medium Parcel,OTA,01,tracked:b2c:b2b,Rest of Europe Zone 2,AT:LV:PT:LT:LU:BG:MT:HR:CY:CZ:SK:EE:SI:FI:GR:HU,0.001,20000,0,1000.001,610,460,460,13.55,13.55,europe_zone_2,,,True,GBP,G,MM,7,False,True,50,mediumParcel,Royal Mail public online price for International Tracked Heavier medium parcels.  We have no contract rate also OTA is my placeholder certain zones need a specific code setting,https://www.royalmail.com/sending/international/international-tracked-signed-heavier,2026-04-07,verified public online price 2026-05-15,12,,0.12,2026-11-17,2027-01-09,,,,,,
royal_mail_international_tracked_medium_parcel,International Tracked Heavier Medium Parcel,OTA,01,tracked:b2c:b2b,Rest of Europe Zone 2,AT:LV:PT:LT:LU:BG:MT:HR:CY:CZ:SK:EE:SI:FI:GR:HU,0.001,20000,1000,2000.001,610,460,460,16.40,16.40,europe_zone_2,,,True,GBP,G,MM,7,False,True,50,mediumParcel,Royal Mail public online price for International Tracked Heavier medium parcels.  We have no contract rate also OTA is my placeholder certain zones need a specific code setting,https://www.royalmail.com/sending/international/international-tracked-signed-heavier,2026-04-07,verified public online price 2026-05-15,12,,0.12,2026-11-17,2027-01-09,,,,,,
royal_mail_international_tracked_medium_parcel,International Tracked Heavier Medium Parcel,OTA,01,tracked:b2c:b2b,Rest of Europe Zone 2,AT:LV:PT:LT:LU:BG:MT:HR:CY:CZ:SK:EE:SI:FI:GR:HU,0.001,20000,2000,3000.001,610,460,460,19.00,19.00,europe_zone_2,,,True,GBP,G,MM,7,False,True,50,mediumParcel,Royal Mail public online price for International Tracked Heavier medium parcels.  We have no contract rate also OTA is my placeholder certain zones need a specific code setting,https://www.royalmail.com/sending/international/international-tracked-signed-heavier,2026-04-07,verified public online price 2026-05-15,12,,0.12,2026-11-17,2027-01-09,,,,,,
royal_mail_international_tracked_medium_parcel,International Tracked Heavier Medium Parcel,OTA,01,tracked:b2c:b2b,Rest of Europe Zone 2,AT:LV:PT:LT:LU:BG:MT:HR:CY:CZ:SK:EE:SI:FI:GR:HU,0.001,20000,3000,4000.001,610,460,460,34.25,34.25,europe_zone_2,,,True,GBP,G,MM,7,False,True,50,mediumParcel,Royal Mail public online price for International Tracked Heavier medium parcels.  We have no contract rate also OTA is my placeholder certain zones need a specific code setting,https://www.royalmail.com/sending/international/international-tracked-signed-heavier,2026-04-07,verified public online price 2026-05-15,12,,0.12,2026-11-17,2027-01-09,,,,,,
royal_mail_international_tracked_medium_parcel,International Tracked Heavier Medium Parcel,OTA,01,tracked:b2c:b2b,Rest of Europe Zone 2,AT:LV:PT:LT:LU:BG:MT:HR:CY:CZ:SK:EE:SI:FI:GR:HU,0.001,20000,4000,5000.001,610,460,460,37.40,37.40,europe_zone_2,,,True,GBP,G,MM,7,False,True,50,mediumParcel,Royal Mail public online price for International Tracked Heavier medium parcels.  We have no contract rate also OTA is my placeholder certain zones need a specific code setting,https://www.royalmail.com/sending/international/international-tracked-signed-heavier,2026-04-07,verified public online price 2026-05-15,12,,0.12,2026-11-17,2027-01-09,,,,,,
royal_mail_international_tracked_medium_parcel,International Tracked Heavier Medium Parcel,OTA,01,tracked:b2c:b2b,Rest of Europe Zone 2,AT:LV:PT:LT:LU:BG:MT:HR:CY:CZ:SK:EE:SI:FI:GR:HU,0.001,20000,5000,7500.001,610,460,460,55.55,55.55,europe_zone_2,,,True,GBP,G,MM,7,False,True,50,mediumParcel,Royal Mail public online price for International Tracked Heavier medium parcels.  We have no contract rate also OTA is my placeholder certain zones need a specific code setting,https://www.royalmail.com/sending/international/international-tracked-signed-heavier,2026-04-07,verified public online price 2026-05-15,12,,0.12,2026-11-17,2027-01-09,,,,,,
royal_mail_international_tracked_medium_parcel,International Tracked Heavier Medium Parcel,OTA,01,tracked:b2c:b2b,Rest of Europe Zone 2,AT:LV:PT:LT:LU:BG:MT:HR:CY:CZ:SK:EE:SI:FI:GR:HU,0.001,20000,7500,10000.001,610,460,460,68.55,68.55,europe_zone_2,,,True,GBP,G,MM,7,False,True,50,mediumParcel,Royal Mail public online price for International Tracked Heavier medium parcels.  We have no contract rate also OTA is my placeholder certain zones need a specific code setting,https://www.royalmail.com/sending/international/international-tracked-signed-heavier,2026-04-07,verified public online price 2026-05-15,12,,0.12,2026-11-17,2027-01-09,,,,,,
royal_mail_international_tracked_medium_parcel,International Tracked Heavier Medium Parcel,OTA,01,tracked:b2c:b2b,Rest of Europe Zone 2,AT:LV:PT:LT:LU:BG:MT:HR:CY:CZ:SK:EE:SI:FI:GR:HU,0.001,20000,10000,15000.001,610,460,460,78.65,78.65,europe_zone_2,,,True,GBP,G,MM,7,False,True,50,mediumParcel,Royal Mail public online price for International Tracked Heavier medium parcels.  We have no contract rate also OTA is my placeholder certain zones need a specific code setting,https://www.royalmail.com/sending/international/international-tracked-signed-heavier,2026-04-07,verified public online price 2026-05-15,12,,0.12,2026-11-17,2027-01-09,,,,,,
royal_mail_international_tracked_medium_parcel,International Tracked Heavier Medium Parcel,OTA,01,tracked:b2c:b2b,Rest of Europe Zone 2,AT:LV:PT:LT:LU:BG:MT:HR:CY:CZ:SK:EE:SI:FI:GR:HU,0.001,20000,15000,20000.001,610,460,460,85.25,85.25,europe_zone_2,,,True,GBP,G,MM,7,False,True,50,mediumParcel,Royal Mail public online price for International Tracked Heavier medium parcels.  We have no contract rate also OTA is my placeholder certain zones need a specific code setting,https://www.royalmail.com/sending/international/international-tracked-signed-heavier,2026-04-07,verified public online price 2026-05-15,12,,0.12,2026-11-17,2027-01-09,,,,,,
royal_mail_international_tracked_medium_parcel,International Tracked Heavier Medium Parcel,OTA,01,tracked:b2c:b2b,Norway,NO:SJ,0.001,20000,0,1000.001,610,460,460,16.65,16.65,europe_zone_3,,,True,GBP,G,MM,7,False,True,50,mediumParcel,Royal Mail public online price for International Tracked Heavier medium parcels.  We have no contract rate also OTA is my placeholder certain zones need a specific code setting,https://www.royalmail.com/sending/international/international-tracked-signed-heavier,2026-04-07,verified public online price 2026-05-15,12,,0.12,2026-11-17,2027-01-09,,,,,,
royal_mail_international_tracked_medium_parcel,International Tracked Heavier Medium Parcel,OTA,01,tracked:b2c:b2b,Norway,NO:SJ,0.001,20000,1000,2000.001,610,460,460,23.35,23.35,europe_zone_3,,,True,GBP,G,MM,7,False,True,50,mediumParcel,Royal Mail public online price for International Tracked Heavier medium parcels.  We have no contract rate also OTA is my placeholder certain zones need a specific code setting,https://www.royalmail.com/sending/international/international-tracked-signed-heavier,2026-04-07,verified public online price 2026-05-15,12,,0.12,2026-11-17,2027-01-09,,,,,,
royal_mail_international_tracked_medium_parcel,International Tracked Heavier Medium Parcel,OTA,01,tracked:b2c:b2b,Norway,NO:SJ,0.001,20000,2000,3000.001,610,460,460,27.30,27.30,europe_zone_3,,,True,GBP,G,MM,7,False,True,50,mediumParcel,Royal Mail public online price for International Tracked Heavier medium parcels.  We have no contract rate also OTA is my placeholder certain zones need a specific code setting,https://www.royalmail.com/sending/international/international-tracked-signed-heavier,2026-04-07,verified public online price 2026-05-15,12,,0.12,2026-11-17,2027-01-09,,,,,,
royal_mail_international_tracked_medium_parcel,International Tracked Heavier Medium Parcel,OTA,01,tracked:b2c:b2b,Norway,NO:SJ,0.001,20000,3000,4000.001,610,460,460,34.55,34.55,europe_zone_3,,,True,GBP,G,MM,7,False,True,50,mediumParcel,Royal Mail public online price for International Tracked Heavier medium parcels.  We have no contract rate also OTA is my placeholder certain zones need a specific code setting,https://www.royalmail.com/sending/international/international-tracked-signed-heavier,2026-04-07,verified public online price 2026-05-15,12,,0.12,2026-11-17,2027-01-09,,,,,,
royal_mail_international_tracked_medium_parcel,International Tracked Heavier Medium Parcel,OTA,01,tracked:b2c:b2b,Norway,NO:SJ,0.001,20000,4000,5000.001,610,460,460,40.65,40.65,europe_zone_3,,,True,GBP,G,MM,7,False,True,50,mediumParcel,Royal Mail public online price for International Tracked Heavier medium parcels.  We have no contract rate also OTA is my placeholder certain zones need a specific code setting,https://www.royalmail.com/sending/international/international-tracked-signed-heavier,2026-04-07,verified public online price 2026-05-15,12,,0.12,2026-11-17,2027-01-09,,,,,,
royal_mail_international_tracked_medium_parcel,International Tracked Heavier Medium Parcel,OTA,01,tracked:b2c:b2b,Norway,NO:SJ,0.001,20000,5000,7500.001,610,460,460,56.85,56.85,europe_zone_3,,,True,GBP,G,MM,7,False,True,50,mediumParcel,Royal Mail public online price for International Tracked Heavier medium parcels.  We have no contract rate also OTA is my placeholder certain zones need a specific code setting,https://www.royalmail.com/sending/international/international-tracked-signed-heavier,2026-04-07,verified public online price 2026-05-15,12,,0.12,2026-11-17,2027-01-09,,,,,,
royal_mail_international_tracked_medium_parcel,International Tracked Heavier Medium Parcel,OTA,01,tracked:b2c:b2b,Norway,NO:SJ,0.001,20000,7500,10000.001,610,460,460,77.65,77.65,europe_zone_3,,,True,GBP,G,MM,7,False,True,50,mediumParcel,Royal Mail public online price for International Tracked Heavier medium parcels.  We have no contract rate also OTA is my placeholder certain zones need a specific code setting,https://www.royalmail.com/sending/international/international-tracked-signed-heavier,2026-04-07,verified public online price 2026-05-15,12,,0.12,2026-11-17,2027-01-09,,,,,,
royal_mail_international_tracked_medium_parcel,International Tracked Heavier Medium Parcel,OTA,01,tracked:b2c:b2b,Norway,NO:SJ,0.001,20000,10000,15000.001,610,460,460,99.85,99.85,europe_zone_3,,,True,GBP,G,MM,7,False,True,50,mediumParcel,Royal Mail public online price for International Tracked Heavier medium parcels.  We have no contract rate also OTA is my placeholder certain zones need a specific code setting,https://www.royalmail.com/sending/international/international-tracked-signed-heavier,2026-04-07,verified public online price 2026-05-15,12,,0.12,2026-11-17,2027-01-09,,,,,,
royal_mail_international_tracked_medium_parcel,International Tracked Heavier Medium Parcel,OTA,01,tracked:b2c:b2b,Norway,NO:SJ,0.001,20000,15000,20000.001,610,460,460,129.60,129.60,europe_zone_3,,,True,GBP,G,MM,7,False,True,50,mediumParcel,Royal Mail public online price for International Tracked Heavier medium parcels.  We have no contract rate also OTA is my placeholder certain zones need a specific code setting,https://www.royalmail.com/sending/international/international-tracked-signed-heavier,2026-04-07,verified public online price 2026-05-15,12,,0.12,2026-11-17,2027-01-09,,,,,,
royal_mail_international_tracked_medium_parcel,International Tracked Heavier Medium Parcel,OTA,01,tracked:b2c:b2b,Switzerland,CH,0.001,20000,0,1000.001,610,460,460,16.35,16.35,europe_zone_3,,,True,GBP,G,MM,7,False,True,50,mediumParcel,Royal Mail public online price for International Tracked Heavier medium parcels.  We have no contract rate also OTA is my placeholder certain zones need a specific code setting,https://www.royalmail.com/sending/international/international-tracked-signed-heavier,2026-04-07,verified public online price 2026-05-15,12,,0.12,2026-11-17,2027-01-09,,,,,,
royal_mail_international_tracked_medium_parcel,International Tracked Heavier Medium Parcel,OTA,01,tracked:b2c:b2b,Switzerland,CH,0.001,20000,1000,2000.001,610,460,460,21.55,21.55,europe_zone_3,,,True,GBP,G,MM,7,False,True,50,mediumParcel,Royal Mail public online price for International Tracked Heavier medium parcels.  We have no contract rate also OTA is my placeholder certain zones need a specific code setting,https://www.royalmail.com/sending/international/international-tracked-signed-heavier,2026-04-07,verified public online price 2026-05-15,12,,0.12,2026-11-17,2027-01-09,,,,,,
royal_mail_international_tracked_medium_parcel,International Tracked Heavier Medium Parcel,OTA,01,tracked:b2c:b2b,Switzerland,CH,0.001,20000,2000,3000.001,610,460,460,26.80,26.80,europe_zone_3,,,True,GBP,G,MM,7,False,True,50,mediumParcel,Royal Mail public online price for International Tracked Heavier medium parcels.  We have no contract rate also OTA is my placeholder certain zones need a specific code setting,https://www.royalmail.com/sending/international/international-tracked-signed-heavier,2026-04-07,verified public online price 2026-05-15,12,,0.12,2026-11-17,2027-01-09,,,,,,
royal_mail_international_tracked_medium_parcel,International Tracked Heavier Medium Parcel,OTA,01,tracked:b2c:b2b,Switzerland,CH,0.001,20000,3000,4000.001,610,460,460,33.85,33.85,europe_zone_3,,,True,GBP,G,MM,7,False,True,50,mediumParcel,Royal Mail public online price for International Tracked Heavier medium parcels.  We have no contract rate also OTA is my placeholder certain zones need a specific code setting,https://www.royalmail.com/sending/international/international-tracked-signed-heavier,2026-04-07,verified public online price 2026-05-15,12,,0.12,2026-11-17,2027-01-09,,,,,,
royal_mail_international_tracked_medium_parcel,International Tracked Heavier Medium Parcel,OTA,01,tracked:b2c:b2b,Switzerland,CH,0.001,20000,4000,5000.001,610,460,460,39.90,39.90,europe_zone_3,,,True,GBP,G,MM,7,False,True,50,mediumParcel,Royal Mail public online price for International Tracked Heavier medium parcels.  We have no contract rate also OTA is my placeholder certain zones need a specific code setting,https://www.royalmail.com/sending/international/international-tracked-signed-heavier,2026-04-07,verified public online price 2026-05-15,12,,0.12,2026-11-17,2027-01-09,,,,,,
royal_mail_international_tracked_medium_parcel,International Tracked Heavier Medium Parcel,OTA,01,tracked:b2c:b2b,Switzerland,CH,0.001,20000,5000,7500.001,610,460,460,50.00,50.00,europe_zone_3,,,True,GBP,G,MM,7,False,True,50,mediumParcel,Royal Mail public online price for International Tracked Heavier medium parcels.  We have no contract rate also OTA is my placeholder certain zones need a specific code setting,https://www.royalmail.com/sending/international/international-tracked-signed-heavier,2026-04-07,verified public online price 2026-05-15,12,,0.12,2026-11-17,2027-01-09,,,,,,
royal_mail_international_tracked_medium_parcel,International Tracked Heavier Medium Parcel,OTA,01,tracked:b2c:b2b,Switzerland,CH,0.001,20000,7500,10000.001,610,460,460,59.00,59.00,europe_zone_3,,,True,GBP,G,MM,7,False,True,50,mediumParcel,Royal Mail public online price for International Tracked Heavier medium parcels.  We have no contract rate also OTA is my placeholder certain zones need a specific code setting,https://www.royalmail.com/sending/international/international-tracked-signed-heavier,2026-04-07,verified public online price 2026-05-15,12,,0.12,2026-11-17,2027-01-09,,,,,,
royal_mail_international_tracked_medium_parcel,International Tracked Heavier Medium Parcel,OTA,01,tracked:b2c:b2b,Switzerland,CH,0.001,20000,10000,15000.001,610,460,460,75.00,75.00,europe_zone_3,,,True,GBP,G,MM,7,False,True,50,mediumParcel,Royal Mail public online price for International Tracked Heavier medium parcels.  We have no contract rate also OTA is my placeholder certain zones need a specific code setting,https://www.royalmail.com/sending/international/international-tracked-signed-heavier,2026-04-07,verified public online price 2026-05-15,12,,0.12,2026-11-17,2027-01-09,,,,,,
royal_mail_international_tracked_medium_parcel,International Tracked Heavier Medium Parcel,OTA,01,tracked:b2c:b2b,Switzerland,CH,0.001,20000,15000,20000.001,610,460,460,94.00,94.00,europe_zone_3,,,True,GBP,G,MM,7,False,True,50,mediumParcel,Royal Mail public online price for International Tracked Heavier medium parcels.  We have no contract rate also OTA is my placeholder certain zones need a specific code setting,https://www.royalmail.com/sending/international/international-tracked-signed-heavier,2026-04-07,verified public online price 2026-05-15,12,,0.12,2026-11-17,2027-01-09,,,,,,
royal_mail_international_tracked_medium_parcel,International Tracked Heavier Medium Parcel,OTA,01,tracked:b2c:b2b,Turkey,TR,0.001,20000,0,1000.001,610,460,460,16.30,16.30,europe_zone_3,,,True,GBP,G,MM,7,False,True,50,mediumParcel,Royal Mail public online price for International Tracked Heavier medium parcels.  We have no contract rate also OTA is my placeholder certain zones need a specific code setting,https://www.royalmail.com/sending/international/international-tracked-signed-heavier,2026-04-07,verified public online price 2026-05-15,12,,0.12,2026-11-17,2027-01-09,,,,,,
royal_mail_international_tracked_medium_parcel,International Tracked Heavier Medium Parcel,OTA,01,tracked:b2c:b2b,Turkey,TR,0.001,20000,1000,2000.001,610,460,460,23.25,23.25,europe_zone_3,,,True,GBP,G,MM,7,False,True,50,mediumParcel,Royal Mail public online price for International Tracked Heavier medium parcels.  We have no contract rate also OTA is my placeholder certain zones need a specific code setting,https://www.royalmail.com/sending/international/international-tracked-signed-heavier,2026-04-07,verified public online price 2026-05-15,12,,0.12,2026-11-17,2027-01-09,,,,,,
royal_mail_international_tracked_medium_parcel,International Tracked Heavier Medium Parcel,OTA,01,tracked:b2c:b2b,Turkey,TR,0.001,20000,2000,3000.001,610,460,460,27.35,27.35,europe_zone_3,,,True,GBP,G,MM,7,False,True,50,mediumParcel,Royal Mail public online price for International Tracked Heavier medium parcels.  We have no contract rate also OTA is my placeholder certain zones need a specific code setting,https://www.royalmail.com/sending/international/international-tracked-signed-heavier,2026-04-07,verified public online price 2026-05-15,12,,0.12,2026-11-17,2027-01-09,,,,,,
royal_mail_international_tracked_medium_parcel,International Tracked Heavier Medium Parcel,OTA,01,tracked:b2c:b2b,Turkey,TR,0.001,20000,3000,4000.001,610,460,460,34.85,34.85,europe_zone_3,,,True,GBP,G,MM,7,False,True,50,mediumParcel,Royal Mail public online price for International Tracked Heavier medium parcels.  We have no contract rate also OTA is my placeholder certain zones need a specific code setting,https://www.royalmail.com/sending/international/international-tracked-signed-heavier,2026-04-07,verified public online price 2026-05-15,12,,0.12,2026-11-17,2027-01-09,,,,,,
royal_mail_international_tracked_medium_parcel,International Tracked Heavier Medium Parcel,OTA,01,tracked:b2c:b2b,Turkey,TR,0.001,20000,4000,5000.001,610,460,460,41.25,41.25,europe_zone_3,,,True,GBP,G,MM,7,False,True,50,mediumParcel,Royal Mail public online price for International Tracked Heavier medium parcels.  We have no contract rate also OTA is my placeholder certain zones need a specific code setting,https://www.royalmail.com/sending/international/international-tracked-signed-heavier,2026-04-07,verified public online price 2026-05-15,12,,0.12,2026-11-17,2027-01-09,,,,,,
royal_mail_international_tracked_medium_parcel,International Tracked Heavier Medium Parcel,OTA,01,tracked:b2c:b2b,Turkey,TR,0.001,20000,5000,7500.001,610,460,460,58.00,58.00,europe_zone_3,,,True,GBP,G,MM,7,False,True,50,mediumParcel,Royal Mail public online price for International Tracked Heavier medium parcels.  We have no contract rate also OTA is my placeholder certain zones need a specific code setting,https://www.royalmail.com/sending/international/international-tracked-signed-heavier,2026-04-07,verified public online price 2026-05-15,12,,0.12,2026-11-17,2027-01-09,,,,,,
royal_mail_international_tracked_medium_parcel,International Tracked Heavier Medium Parcel,OTA,01,tracked:b2c:b2b,Turkey,TR,0.001,20000,7500,10000.001,610,460,460,79.60,79.60,europe_zone_3,,,True,GBP,G,MM,7,False,True,50,mediumParcel,Royal Mail public online price for International Tracked Heavier medium parcels.  We have no contract rate also OTA is my placeholder certain zones need a specific code setting,https://www.royalmail.com/sending/international/international-tracked-signed-heavier,2026-04-07,verified public online price 2026-05-15,12,,0.12,2026-11-17,2027-01-09,,,,,,
royal_mail_international_tracked_medium_parcel,International Tracked Heavier Medium Parcel,OTA,01,tracked:b2c:b2b,Turkey,TR,0.001,20000,10000,15000.001,610,460,460,102.00,102.00,europe_zone_3,,,True,GBP,G,MM,7,False,True,50,mediumParcel,Royal Mail public online price for International Tracked Heavier medium parcels.  We have no contract rate also OTA is my placeholder certain zones need a specific code setting,https://www.royalmail.com/sending/international/international-tracked-signed-heavier,2026-04-07,verified public online price 2026-05-15,12,,0.12,2026-11-17,2027-01-09,,,,,,
royal_mail_international_tracked_medium_parcel,International Tracked Heavier Medium Parcel,OTA,01,tracked:b2c:b2b,Turkey,TR,0.001,20000,15000,20000.001,610,460,460,117.00,117.00,europe_zone_3,,,True,GBP,G,MM,7,False,True,50,mediumParcel,Royal Mail public online price for International Tracked Heavier medium parcels.  We have no contract rate also OTA is my placeholder certain zones need a specific code setting,https://www.royalmail.com/sending/international/international-tracked-signed-heavier,2026-04-07,verified public online price 2026-05-15,12,,0.12,2026-11-17,2027-01-09,,,,,,
royal_mail_international_tracked_medium_parcel,International Tracked Heavier Medium Parcel,OTA,01,tracked:b2c:b2b,Rest of Europe Zone 3,AL:MD:AD:ME:AM:MK:AZ:BY:RU:BA:SM:FO:RS:GE:GI:TJ:GL:IS:TM:KZ:UA:XK:UZ:KG:VA:LI,0.001,20000,0,1000.001,610,460,460,17.30,17.30,europe_zone_3,,,True,GBP,G,MM,7,False,True,50,mediumParcel,Royal Mail public online price for International Tracked Heavier medium parcels.  We have no contract rate also OTA is my placeholder certain zones need a specific code setting,https://www.royalmail.com/sending/international/international-tracked-signed-heavier,2026-04-07,verified public online price 2026-05-15,12,,0.12,2026-11-17,2027-01-09,,,,,,
royal_mail_international_tracked_medium_parcel,International Tracked Heavier Medium Parcel,OTA,01,tracked:b2c:b2b,Rest of Europe Zone 3,AL:MD:AD:ME:AM:MK:AZ:BY:RU:BA:SM:FO:RS:GE:GI:TJ:GL:IS:TM:KZ:UA:XK:UZ:KG:VA:LI,0.001,20000,1000,2000.001,610,460,460,24.25,24.25,europe_zone_3,,,True,GBP,G,MM,7,False,True,50,mediumParcel,Royal Mail public online price for International Tracked Heavier medium parcels.  We have no contract rate also OTA is my placeholder certain zones need a specific code setting,https://www.royalmail.com/sending/international/international-tracked-signed-heavier,2026-04-07,verified public online price 2026-05-15,12,,0.12,2026-11-17,2027-01-09,,,,,,
royal_mail_international_tracked_medium_parcel,International Tracked Heavier Medium Parcel,OTA,01,tracked:b2c:b2b,Rest of Europe Zone 3,AL:MD:AD:ME:AM:MK:AZ:BY:RU:BA:SM:FO:RS:GE:GI:TJ:GL:IS:TM:KZ:UA:XK:UZ:KG:VA:LI,0.001,20000,2000,3000.001,610,460,460,28.35,28.35,europe_zone_3,,,True,GBP,G,MM,7,False,True,50,mediumParcel,Royal Mail public online price for International Tracked Heavier medium parcels.  We have no contract rate also OTA is my placeholder certain zones need a specific code setting,https://www.royalmail.com/sending/international/international-tracked-signed-heavier,2026-04-07,verified public online price 2026-05-15,12,,0.12,2026-11-17,2027-01-09,,,,,,
royal_mail_international_tracked_medium_parcel,International Tracked Heavier Medium Parcel,OTA,01,tracked:b2c:b2b,Rest of Europe Zone 3,AL:MD:AD:ME:AM:MK:AZ:BY:RU:BA:SM:FO:RS:GE:GI:TJ:GL:IS:TM:KZ:UA:XK:UZ:KG:VA:LI,0.001,20000,3000,4000.001,610,460,460,35.85,35.85,europe_zone_3,,,True,GBP,G,MM,7,False,True,50,mediumParcel,Royal Mail public online price for International Tracked Heavier medium parcels.  We have no contract rate also OTA is my placeholder certain zones need a specific code setting,https://www.royalmail.com/sending/international/international-tracked-signed-heavier,2026-04-07,verified public online price 2026-05-15,12,,0.12,2026-11-17,2027-01-09,,,,,,
royal_mail_international_tracked_medium_parcel,International Tracked Heavier Medium Parcel,OTA,01,tracked:b2c:b2b,Rest of Europe Zone 3,AL:MD:AD:ME:AM:MK:AZ:BY:RU:BA:SM:FO:RS:GE:GI:TJ:GL:IS:TM:KZ:UA:XK:UZ:KG:VA:LI,0.001,20000,4000,5000.001,610,460,460,42.25,42.25,europe_zone_3,,,True,GBP,G,MM,7,False,True,50,mediumParcel,Royal Mail public online price for International Tracked Heavier medium parcels.  We have no contract rate also OTA is my placeholder certain zones need a specific code setting,https://www.royalmail.com/sending/international/international-tracked-signed-heavier,2026-04-07,verified public online price 2026-05-15,12,,0.12,2026-11-17,2027-01-09,,,,,,
royal_mail_international_tracked_medium_parcel,International Tracked Heavier Medium Parcel,OTA,01,tracked:b2c:b2b,Rest of Europe Zone 3,AL:MD:AD:ME:AM:MK:AZ:BY:RU:BA:SM:FO:RS:GE:GI:TJ:GL:IS:TM:KZ:UA:XK:UZ:KG:VA:LI,0.001,20000,5000,7500.001,610,460,460,59.00,59.00,europe_zone_3,,,True,GBP,G,MM,7,False,True,50,mediumParcel,Royal Mail public online price for International Tracked Heavier medium parcels.  We have no contract rate also OTA is my placeholder certain zones need a specific code setting,https://www.royalmail.com/sending/international/international-tracked-signed-heavier,2026-04-07,verified public online price 2026-05-15,12,,0.12,2026-11-17,2027-01-09,,,,,,
royal_mail_international_tracked_medium_parcel,International Tracked Heavier Medium Parcel,OTA,01,tracked:b2c:b2b,Rest of Europe Zone 3,AL:MD:AD:ME:AM:MK:AZ:BY:RU:BA:SM:FO:RS:GE:GI:TJ:GL:IS:TM:KZ:UA:XK:UZ:KG:VA:LI,0.001,20000,7500,10000.001,610,460,460,80.60,80.60,europe_zone_3,,,True,GBP,G,MM,7,False,True,50,mediumParcel,Royal Mail public online price for International Tracked Heavier medium parcels.  We have no contract rate also OTA is my placeholder certain zones need a specific code setting,https://www.royalmail.com/sending/international/international-tracked-signed-heavier,2026-04-07,verified public online price 2026-05-15,12,,0.12,2026-11-17,2027-01-09,,,,,,
royal_mail_international_tracked_medium_parcel,International Tracked Heavier Medium Parcel,OTA,01,tracked:b2c:b2b,Rest of Europe Zone 3,AL:MD:AD:ME:AM:MK:AZ:BY:RU:BA:SM:FO:RS:GE:GI:TJ:GL:IS:TM:KZ:UA:XK:UZ:KG:VA:LI,0.001,20000,10000,15000.001,610,460,460,103.00,103.00,europe_zone_3,,,True,GBP,G,MM,7,False,True,50,mediumParcel,Royal Mail public online price for International Tracked Heavier medium parcels.  We have no contract rate also OTA is my placeholder certain zones need a specific code setting,https://www.royalmail.com/sending/international/international-tracked-signed-heavier,2026-04-07,verified public online price 2026-05-15,12,,0.12,2026-11-17,2027-01-09,,,,,,
royal_mail_international_tracked_medium_parcel,International Tracked Heavier Medium Parcel,OTA,01,tracked:b2c:b2b,Rest of Europe Zone 3,AL:MD:AD:ME:AM:MK:AZ:BY:RU:BA:SM:FO:RS:GE:GI:TJ:GL:IS:TM:KZ:UA:XK:UZ:KG:VA:LI,0.001,20000,15000,20000.001,610,460,460,118.00,118.00,europe_zone_3,,,True,GBP,G,MM,7,False,True,50,mediumParcel,Royal Mail public online price for International Tracked Heavier medium parcels.  We have no contract rate also OTA is my placeholder certain zones need a specific code setting,https://www.royalmail.com/sending/international/international-tracked-signed-heavier,2026-04-07,verified public online price 2026-05-15,12,,0.12,2026-11-17,2027-01-09,,,,,,
royal_mail_international_tracked_medium_parcel,International Tracked Heavier Medium Parcel,OTA,01,tracked:b2c:b2b,USA,US,0.001,20000,0,1000.001,610,460,460,25.20,25.20,world_zone_3,,,True,GBP,G,MM,7,False,True,50,mediumParcel,Royal Mail public online price for International Tracked Heavier medium parcels.  We have no contract rate also OTA is my placeholder certain zones need a specific code setting,https://www.royalmail.com/sending/international/international-tracked-signed-heavier,2026-04-07,verified public online price 2026-05-15,12,,0.12,2026-11-17,2027-01-09,,,,,,
royal_mail_international_tracked_medium_parcel,International Tracked Heavier Medium Parcel,OTA,01,tracked:b2c:b2b,USA,US,0.001,20000,1000,2000.001,610,460,460,31.50,31.50,world_zone_3,,,True,GBP,G,MM,7,False,True,50,mediumParcel,Royal Mail public online price for International Tracked Heavier medium parcels.  We have no contract rate also OTA is my placeholder certain zones need a specific code setting,https://www.royalmail.com/sending/international/international-tracked-signed-heavier,2026-04-07,verified public online price 2026-05-15,12,,0.12,2026-11-17,2027-01-09,,,,,,
royal_mail_international_tracked_medium_parcel,International Tracked Heavier Medium Parcel,OTA,01,tracked:b2c:b2b,USA,US,0.001,20000,2000,3000.001,610,460,460,32.40,32.40,world_zone_3,,,True,GBP,G,MM,7,False,True,50,mediumParcel,Royal Mail public online price for International Tracked Heavier medium parcels.  We have no contract rate also OTA is my placeholder certain zones need a specific code setting,https://www.royalmail.com/sending/international/international-tracked-signed-heavier,2026-04-07,verified public online price 2026-05-15,12,,0.12,2026-11-17,2027-01-09,,,,,,
royal_mail_international_tracked_medium_parcel,International Tracked Heavier Medium Parcel,OTA,01,tracked:b2c:b2b,USA,US,0.001,20000,3000,4000.001,610,460,460,39.80,39.80,world_zone_3,,,True,GBP,G,MM,7,False,True,50,mediumParcel,Royal Mail public online price for International Tracked Heavier medium parcels.  We have no contract rate also OTA is my placeholder certain zones need a specific code setting,https://www.royalmail.com/sending/international/international-tracked-signed-heavier,2026-04-07,verified public online price 2026-05-15,12,,0.12,2026-11-17,2027-01-09,,,,,,
royal_mail_international_tracked_medium_parcel,International Tracked Heavier Medium Parcel,OTA,01,tracked:b2c:b2b,USA,US,0.001,20000,4000,5000.001,610,460,460,45.50,45.50,world_zone_3,,,True,GBP,G,MM,7,False,True,50,mediumParcel,Royal Mail public online price for International Tracked Heavier medium parcels.  We have no contract rate also OTA is my placeholder certain zones need a specific code setting,https://www.royalmail.com/sending/international/international-tracked-signed-heavier,2026-04-07,verified public online price 2026-05-15,12,,0.12,2026-11-17,2027-01-09,,,,,,
royal_mail_international_tracked_medium_parcel,International Tracked Heavier Medium Parcel,OTA,01,tracked:b2c:b2b,USA,US,0.001,20000,5000,7500.001,610,460,460,59.50,59.50,world_zone_3,,,True,GBP,G,MM,7,False,True,50,mediumParcel,Royal Mail public online price for International Tracked Heavier medium parcels.  We have no contract rate also OTA is my placeholder certain zones need a specific code setting,https://www.royalmail.com/sending/international/international-tracked-signed-heavier,2026-04-07,verified public online price 2026-05-15,12,,0.12,2026-11-17,2027-01-09,,,,,,
royal_mail_international_tracked_medium_parcel,International Tracked Heavier Medium Parcel,OTA,01,tracked:b2c:b2b,USA,US,0.001,20000,7500,10000.001,610,460,460,76.00,76.00,world_zone_3,,,True,GBP,G,MM,7,False,True,50,mediumParcel,Royal Mail public online price for International Tracked Heavier medium parcels.  We have no contract rate also OTA is my placeholder certain zones need a specific code setting,https://www.royalmail.com/sending/international/international-tracked-signed-heavier,2026-04-07,verified public online price 2026-05-15,12,,0.12,2026-11-17,2027-01-09,,,,,,
royal_mail_international_tracked_medium_parcel,International Tracked Heavier Medium Parcel,OTA,01,tracked:b2c:b2b,USA,US,0.001,20000,10000,15000.001,610,460,460,110.70,110.70,world_zone_3,,,True,GBP,G,MM,7,False,True,50,mediumParcel,Royal Mail public online price for International Tracked Heavier medium parcels.  We have no contract rate also OTA is my placeholder certain zones need a specific code setting,https://www.royalmail.com/sending/international/international-tracked-signed-heavier,2026-04-07,verified public online price 2026-05-15,12,,0.12,2026-11-17,2027-01-09,,,,,,
royal_mail_international_tracked_medium_parcel,International Tracked Heavier Medium Parcel,OTA,01,tracked:b2c:b2b,USA,US,0.001,20000,15000,20000.001,610,460,460,133.00,133.00,world_zone_3,,,True,GBP,G,MM,7,False,True,50,mediumParcel,Royal Mail public online price for International Tracked Heavier medium parcels.  We have no contract rate also OTA is my placeholder certain zones need a specific code setting,https://www.royalmail.com/sending/international/international-tracked-signed-heavier,2026-04-07,verified public online price 2026-05-15,12,,0.12,2026-11-17,2027-01-09,,,,,,
royal_mail_international_tracked_medium_parcel,International Tracked Heavier Medium Parcel,OTA,01,tracked:b2c:b2b,Brazil,BR,0.001,20000,0,1000.001,610,460,460,25.85,25.85,world_zone_1,,,True,GBP,G,MM,7,False,True,50,mediumParcel,Royal Mail public online price for International Tracked Heavier medium parcels.  We have no contract rate also OTA is my placeholder certain zones need a specific code setting,https://www.royalmail.com/sending/international/international-tracked-signed-heavier,2026-04-07,verified public online price 2026-05-15,12,,0.12,2026-11-17,2027-01-09,,,,,,
royal_mail_international_tracked_medium_parcel,International Tracked Heavier Medium Parcel,OTA,01,tracked:b2c:b2b,Brazil,BR,0.001,20000,1000,2000.001,610,460,460,28.80,28.80,world_zone_1,,,True,GBP,G,MM,7,False,True,50,mediumParcel,Royal Mail public online price for International Tracked Heavier medium parcels.  We have no contract rate also OTA is my placeholder certain zones need a specific code setting,https://www.royalmail.com/sending/international/international-tracked-signed-heavier,2026-04-07,verified public online price 2026-05-15,12,,0.12,2026-11-17,2027-01-09,,,,,,
royal_mail_international_tracked_medium_parcel,International Tracked Heavier Medium Parcel,OTA,01,tracked:b2c:b2b,Brazil,BR,0.001,20000,2000,3000.001,610,460,460,29.85,29.85,world_zone_1,,,True,GBP,G,MM,7,False,True,50,mediumParcel,Royal Mail public online price for International Tracked Heavier medium parcels.  We have no contract rate also OTA is my placeholder certain zones need a specific code setting,https://www.royalmail.com/sending/international/international-tracked-signed-heavier,2026-04-07,verified public online price 2026-05-15,12,,0.12,2026-11-17,2027-01-09,,,,,,
royal_mail_international_tracked_medium_parcel,International Tracked Heavier Medium Parcel,OTA,01,tracked:b2c:b2b,Brazil,BR,0.001,20000,3000,4000.001,610,460,460,38.90,38.90,world_zone_1,,,True,GBP,G,MM,7,False,True,50,mediumParcel,Royal Mail public online price for International Tracked Heavier medium parcels.  We have no contract rate also OTA is my placeholder certain zones need a specific code setting,https://www.royalmail.com/sending/international/international-tracked-signed-heavier,2026-04-07,verified public online price 2026-05-15,12,,0.12,2026-11-17,2027-01-09,,,,,,
royal_mail_international_tracked_medium_parcel,International Tracked Heavier Medium Parcel,OTA,01,tracked:b2c:b2b,Brazil,BR,0.001,20000,4000,5000.001,610,460,460,48.40,48.40,world_zone_1,,,True,GBP,G,MM,7,False,True,50,mediumParcel,Royal Mail public online price for International Tracked Heavier medium parcels.  We have no contract rate also OTA is my placeholder certain zones need a specific code setting,https://www.royalmail.com/sending/international/international-tracked-signed-heavier,2026-04-07,verified public online price 2026-05-15,12,,0.12,2026-11-17,2027-01-09,,,,,,
royal_mail_international_tracked_medium_parcel,International Tracked Heavier Medium Parcel,OTA,01,tracked:b2c:b2b,Brazil,BR,0.001,20000,5000,7500.001,610,460,460,65.35,65.35,world_zone_1,,,True,GBP,G,MM,7,False,True,50,mediumParcel,Royal Mail public online price for International Tracked Heavier medium parcels.  We have no contract rate also OTA is my placeholder certain zones need a specific code setting,https://www.royalmail.com/sending/international/international-tracked-signed-heavier,2026-04-07,verified public online price 2026-05-15,12,,0.12,2026-11-17,2027-01-09,,,,,,
royal_mail_international_tracked_medium_parcel,International Tracked Heavier Medium Parcel,OTA,01,tracked:b2c:b2b,Brazil,BR,0.001,20000,7500,10000.001,610,460,460,99.75,99.75,world_zone_1,,,True,GBP,G,MM,7,False,True,50,mediumParcel,Royal Mail public online price for International Tracked Heavier medium parcels.  We have no contract rate also OTA is my placeholder certain zones need a specific code setting,https://www.royalmail.com/sending/international/international-tracked-signed-heavier,2026-04-07,verified public online price 2026-05-15,12,,0.12,2026-11-17,2027-01-09,,,,,,
royal_mail_international_tracked_medium_parcel,International Tracked Heavier Medium Parcel,OTA,01,tracked:b2c:b2b,Brazil,BR,0.001,20000,10000,15000.001,610,460,460,125.95,125.95,world_zone_1,,,True,GBP,G,MM,7,False,True,50,mediumParcel,Royal Mail public online price for International Tracked Heavier medium parcels.  We have no contract rate also OTA is my placeholder certain zones need a specific code setting,https://www.royalmail.com/sending/international/international-tracked-signed-heavier,2026-04-07,verified public online price 2026-05-15,12,,0.12,2026-11-17,2027-01-09,,,,,,
royal_mail_international_tracked_medium_parcel,International Tracked Heavier Medium Parcel,OTA,01,tracked:b2c:b2b,Brazil,BR,0.001,20000,15000,20000.001,610,460,460,173.40,173.40,world_zone_1,,,True,GBP,G,MM,7,False,True,50,mediumParcel,Royal Mail public online price for International Tracked Heavier medium parcels.  We have no contract rate also OTA is my placeholder certain zones need a specific code setting,https://www.royalmail.com/sending/international/international-tracked-signed-heavier,2026-04-07,verified public online price 2026-05-15,12,,0.12,2026-11-17,2027-01-09,,,,,,
royal_mail_international_tracked_medium_parcel,International Tracked Heavier Medium Parcel,OTA,01,tracked:b2c:b2b,Canada,CA,0.001,20000,0,1000.001,610,460,460,24.10,24.10,world_zone_1,,,True,GBP,G,MM,7,False,True,50,mediumParcel,Royal Mail public online price for International Tracked Heavier medium parcels.  We have no contract rate also OTA is my placeholder certain zones need a specific code setting,https://www.royalmail.com/sending/international/international-tracked-signed-heavier,2026-04-07,verified public online price 2026-05-15,12,,0.12,2026-11-17,2027-01-09,,,,,,
royal_mail_international_tracked_medium_parcel,International Tracked Heavier Medium Parcel,OTA,01,tracked:b2c:b2b,Canada,CA,0.001,20000,1000,2000.001,610,460,460,25.05,25.05,world_zone_1,,,True,GBP,G,MM,7,False,True,50,mediumParcel,Royal Mail public online price for International Tracked Heavier medium parcels.  We have no contract rate also OTA is my placeholder certain zones need a specific code setting,https://www.royalmail.com/sending/international/international-tracked-signed-heavier,2026-04-07,verified public online price 2026-05-15,12,,0.12,2026-11-17,2027-01-09,,,,,,
royal_mail_international_tracked_medium_parcel,International Tracked Heavier Medium Parcel,OTA,01,tracked:b2c:b2b,Canada,CA,0.001,20000,2000,3000.001,610,460,460,29.40,29.40,world_zone_1,,,True,GBP,G,MM,7,False,True,50,mediumParcel,Royal Mail public online price for International Tracked Heavier medium parcels.  We have no contract rate also OTA is my placeholder certain zones need a specific code setting,https://www.royalmail.com/sending/international/international-tracked-signed-heavier,2026-04-07,verified public online price 2026-05-15,12,,0.12,2026-11-17,2027-01-09,,,,,,
royal_mail_international_tracked_medium_parcel,International Tracked Heavier Medium Parcel,OTA,01,tracked:b2c:b2b,Canada,CA,0.001,20000,3000,4000.001,610,460,460,32.85,32.85,world_zone_1,,,True,GBP,G,MM,7,False,True,50,mediumParcel,Royal Mail public online price for International Tracked Heavier medium parcels.  We have no contract rate also OTA is my placeholder certain zones need a specific code setting,https://www.royalmail.com/sending/international/international-tracked-signed-heavier,2026-04-07,verified public online price 2026-05-15,12,,0.12,2026-11-17,2027-01-09,,,,,,
royal_mail_international_tracked_medium_parcel,International Tracked Heavier Medium Parcel,OTA,01,tracked:b2c:b2b,Canada,CA,0.001,20000,4000,5000.001,610,460,460,37.90,37.90,world_zone_1,,,True,GBP,G,MM,7,False,True,50,mediumParcel,Royal Mail public online price for International Tracked Heavier medium parcels.  We have no contract rate also OTA is my placeholder certain zones need a specific code setting,https://www.royalmail.com/sending/international/international-tracked-signed-heavier,2026-04-07,verified public online price 2026-05-15,12,,0.12,2026-11-17,2027-01-09,,,,,,
royal_mail_international_tracked_medium_parcel,International Tracked Heavier Medium Parcel,OTA,01,tracked:b2c:b2b,Canada,CA,0.001,20000,5000,7500.001,610,460,460,48.25,48.25,world_zone_1,,,True,GBP,G,MM,7,False,True,50,mediumParcel,Royal Mail public online price for International Tracked Heavier medium parcels.  We have no contract rate also OTA is my placeholder certain zones need a specific code setting,https://www.royalmail.com/sending/international/international-tracked-signed-heavier,2026-04-07,verified public online price 2026-05-15,12,,0.12,2026-11-17,2027-01-09,,,,,,
royal_mail_international_tracked_medium_parcel,International Tracked Heavier Medium Parcel,OTA,01,tracked:b2c:b2b,Canada,CA,0.001,20000,7500,10000.001,610,460,460,63.25,63.25,world_zone_1,,,True,GBP,G,MM,7,False,True,50,mediumParcel,Royal Mail public online price for International Tracked Heavier medium parcels.  We have no contract rate also OTA is my placeholder certain zones need a specific code setting,https://www.royalmail.com/sending/international/international-tracked-signed-heavier,2026-04-07,verified public online price 2026-05-15,12,,0.12,2026-11-17,2027-01-09,,,,,,
royal_mail_international_tracked_medium_parcel,International Tracked Heavier Medium Parcel,OTA,01,tracked:b2c:b2b,Canada,CA,0.001,20000,10000,15000.001,610,460,460,65.00,65.00,world_zone_1,,,True,GBP,G,MM,7,False,True,50,mediumParcel,Royal Mail public online price for International Tracked Heavier medium parcels.  We have no contract rate also OTA is my placeholder certain zones need a specific code setting,https://www.royalmail.com/sending/international/international-tracked-signed-heavier,2026-04-07,verified public online price 2026-05-15,12,,0.12,2026-11-17,2027-01-09,,,,,,
royal_mail_international_tracked_medium_parcel,International Tracked Heavier Medium Parcel,OTA,01,tracked:b2c:b2b,Canada,CA,0.001,20000,15000,20000.001,610,460,460,68.80,68.80,world_zone_1,,,True,GBP,G,MM,7,False,True,50,mediumParcel,Royal Mail public online price for International Tracked Heavier medium parcels.  We have no contract rate also OTA is my placeholder certain zones need a specific code setting,https://www.royalmail.com/sending/international/international-tracked-signed-heavier,2026-04-07,verified public online price 2026-05-15,12,,0.12,2026-11-17,2027-01-09,,,,,,
royal_mail_international_tracked_medium_parcel,International Tracked Heavier Medium Parcel,OTA,01,tracked:b2c:b2b,China,CN,0.001,20000,0,1000.001,610,460,460,25.35,25.35,world_zone_1,,,True,GBP,G,MM,7,False,True,50,mediumParcel,Royal Mail public online price for International Tracked Heavier medium parcels.  We have no contract rate also OTA is my placeholder certain zones need a specific code setting,https://www.royalmail.com/sending/international/international-tracked-signed-heavier,2026-04-07,verified public online price 2026-05-15,12,,0.12,2026-11-17,2027-01-09,,,,,,
royal_mail_international_tracked_medium_parcel,International Tracked Heavier Medium Parcel,OTA,01,tracked:b2c:b2b,China,CN,0.001,20000,1000,2000.001,610,460,460,28.25,28.25,world_zone_1,,,True,GBP,G,MM,7,False,True,50,mediumParcel,Royal Mail public online price for International Tracked Heavier medium parcels.  We have no contract rate also OTA is my placeholder certain zones need a specific code setting,https://www.royalmail.com/sending/international/international-tracked-signed-heavier,2026-04-07,verified public online price 2026-05-15,12,,0.12,2026-11-17,2027-01-09,,,,,,
royal_mail_international_tracked_medium_parcel,International Tracked Heavier Medium Parcel,OTA,01,tracked:b2c:b2b,China,CN,0.001,20000,2000,3000.001,610,460,460,33.45,33.45,world_zone_1,,,True,GBP,G,MM,7,False,True,50,mediumParcel,Royal Mail public online price for International Tracked Heavier medium parcels.  We have no contract rate also OTA is my placeholder certain zones need a specific code setting,https://www.royalmail.com/sending/international/international-tracked-signed-heavier,2026-04-07,verified public online price 2026-05-15,12,,0.12,2026-11-17,2027-01-09,,,,,,
royal_mail_international_tracked_medium_parcel,International Tracked Heavier Medium Parcel,OTA,01,tracked:b2c:b2b,China,CN,0.001,20000,3000,4000.001,610,460,460,39.15,39.15,world_zone_1,,,True,GBP,G,MM,7,False,True,50,mediumParcel,Royal Mail public online price for International Tracked Heavier medium parcels.  We have no contract rate also OTA is my placeholder certain zones need a specific code setting,https://www.royalmail.com/sending/international/international-tracked-signed-heavier,2026-04-07,verified public online price 2026-05-15,12,,0.12,2026-11-17,2027-01-09,,,,,,
royal_mail_international_tracked_medium_parcel,International Tracked Heavier Medium Parcel,OTA,01,tracked:b2c:b2b,China,CN,0.001,20000,4000,5000.001,610,460,460,46.95,46.95,world_zone_1,,,True,GBP,G,MM,7,False,True,50,mediumParcel,Royal Mail public online price for International Tracked Heavier medium parcels.  We have no contract rate also OTA is my placeholder certain zones need a specific code setting,https://www.royalmail.com/sending/international/international-tracked-signed-heavier,2026-04-07,verified public online price 2026-05-15,12,,0.12,2026-11-17,2027-01-09,,,,,,
royal_mail_international_tracked_medium_parcel,International Tracked Heavier Medium Parcel,OTA,01,tracked:b2c:b2b,China,CN,0.001,20000,5000,7500.001,610,460,460,54.05,54.05,world_zone_1,,,True,GBP,G,MM,7,False,True,50,mediumParcel,Royal Mail public online price for International Tracked Heavier medium parcels.  We have no contract rate also OTA is my placeholder certain zones need a specific code setting,https://www.royalmail.com/sending/international/international-tracked-signed-heavier,2026-04-07,verified public online price 2026-05-15,12,,0.12,2026-11-17,2027-01-09,,,,,,
royal_mail_international_tracked_medium_parcel,International Tracked Heavier Medium Parcel,OTA,01,tracked:b2c:b2b,China,CN,0.001,20000,7500,10000.001,610,460,460,67.80,67.80,world_zone_1,,,True,GBP,G,MM,7,False,True,50,mediumParcel,Royal Mail public online price for International Tracked Heavier medium parcels.  We have no contract rate also OTA is my placeholder certain zones need a specific code setting,https://www.royalmail.com/sending/international/international-tracked-signed-heavier,2026-04-07,verified public online price 2026-05-15,12,,0.12,2026-11-17,2027-01-09,,,,,,
royal_mail_international_tracked_medium_parcel,International Tracked Heavier Medium Parcel,OTA,01,tracked:b2c:b2b,China,CN,0.001,20000,10000,15000.001,610,460,460,93.50,93.50,world_zone_1,,,True,GBP,G,MM,7,False,True,50,mediumParcel,Royal Mail public online price for International Tracked Heavier medium parcels.  We have no contract rate also OTA is my placeholder certain zones need a specific code setting,https://www.royalmail.com/sending/international/international-tracked-signed-heavier,2026-04-07,verified public online price 2026-05-15,12,,0.12,2026-11-17,2027-01-09,,,,,,
royal_mail_international_tracked_medium_parcel,International Tracked Heavier Medium Parcel,OTA,01,tracked:b2c:b2b,China,CN,0.001,20000,15000,20000.001,610,460,460,110.00,110.00,world_zone_1,,,True,GBP,G,MM,7,False,True,50,mediumParcel,Royal Mail public online price for International Tracked Heavier medium parcels.  We have no contract rate also OTA is my placeholder certain zones need a specific code setting,https://www.royalmail.com/sending/international/international-tracked-signed-heavier,2026-04-07,verified public online price 2026-05-15,12,,0.12,2026-11-17,2027-01-09,,,,,,
royal_mail_international_tracked_medium_parcel,International Tracked Heavier Medium Parcel,OTA,01,tracked:b2c:b2b,Hong Kong,HK,0.001,20000,0,1000.001,610,460,460,26.35,26.35,world_zone_1,,,True,GBP,G,MM,7,False,True,50,mediumParcel,Royal Mail public online price for International Tracked Heavier medium parcels.  We have no contract rate also OTA is my placeholder certain zones need a specific code setting,https://www.royalmail.com/sending/international/international-tracked-signed-heavier,2026-04-07,verified public online price 2026-05-15,12,,0.12,2026-11-17,2027-01-09,,,,,,
royal_mail_international_tracked_medium_parcel,International Tracked Heavier Medium Parcel,OTA,01,tracked:b2c:b2b,Hong Kong,HK,0.001,20000,1000,2000.001,610,460,460,29.40,29.40,world_zone_1,,,True,GBP,G,MM,7,False,True,50,mediumParcel,Royal Mail public online price for International Tracked Heavier medium parcels.  We have no contract rate also OTA is my placeholder certain zones need a specific code setting,https://www.royalmail.com/sending/international/international-tracked-signed-heavier,2026-04-07,verified public online price 2026-05-15,12,,0.12,2026-11-17,2027-01-09,,,,,,
royal_mail_international_tracked_medium_parcel,International Tracked Heavier Medium Parcel,OTA,01,tracked:b2c:b2b,Hong Kong,HK,0.001,20000,2000,3000.001,610,460,460,31.25,31.25,world_zone_1,,,True,GBP,G,MM,7,False,True,50,mediumParcel,Royal Mail public online price for International Tracked Heavier medium parcels.  We have no contract rate also OTA is my placeholder certain zones need a specific code setting,https://www.royalmail.com/sending/international/international-tracked-signed-heavier,2026-04-07,verified public online price 2026-05-15,12,,0.12,2026-11-17,2027-01-09,,,,,,
royal_mail_international_tracked_medium_parcel,International Tracked Heavier Medium Parcel,OTA,01,tracked:b2c:b2b,Hong Kong,HK,0.001,20000,3000,4000.001,610,460,460,39.70,39.70,world_zone_1,,,True,GBP,G,MM,7,False,True,50,mediumParcel,Royal Mail public online price for International Tracked Heavier medium parcels.  We have no contract rate also OTA is my placeholder certain zones need a specific code setting,https://www.royalmail.com/sending/international/international-tracked-signed-heavier,2026-04-07,verified public online price 2026-05-15,12,,0.12,2026-11-17,2027-01-09,,,,,,
royal_mail_international_tracked_medium_parcel,International Tracked Heavier Medium Parcel,OTA,01,tracked:b2c:b2b,Hong Kong,HK,0.001,20000,4000,5000.001,610,460,460,46.90,46.90,world_zone_1,,,True,GBP,G,MM,7,False,True,50,mediumParcel,Royal Mail public online price for International Tracked Heavier medium parcels.  We have no contract rate also OTA is my placeholder certain zones need a specific code setting,https://www.royalmail.com/sending/international/international-tracked-signed-heavier,2026-04-07,verified public online price 2026-05-15,12,,0.12,2026-11-17,2027-01-09,,,,,,
royal_mail_international_tracked_medium_parcel,International Tracked Heavier Medium Parcel,OTA,01,tracked:b2c:b2b,Hong Kong,HK,0.001,20000,5000,7500.001,610,460,460,60.35,60.35,world_zone_1,,,True,GBP,G,MM,7,False,True,50,mediumParcel,Royal Mail public online price for International Tracked Heavier medium parcels.  We have no contract rate also OTA is my placeholder certain zones need a specific code setting,https://www.royalmail.com/sending/international/international-tracked-signed-heavier,2026-04-07,verified public online price 2026-05-15,12,,0.12,2026-11-17,2027-01-09,,,,,,
royal_mail_international_tracked_medium_parcel,International Tracked Heavier Medium Parcel,OTA,01,tracked:b2c:b2b,Hong Kong,HK,0.001,20000,7500,10000.001,610,460,460,79.75,79.75,world_zone_1,,,True,GBP,G,MM,7,False,True,50,mediumParcel,Royal Mail public online price for International Tracked Heavier medium parcels.  We have no contract rate also OTA is my placeholder certain zones need a specific code setting,https://www.royalmail.com/sending/international/international-tracked-signed-heavier,2026-04-07,verified public online price 2026-05-15,12,,0.12,2026-11-17,2027-01-09,,,,,,
royal_mail_international_tracked_medium_parcel,International Tracked Heavier Medium Parcel,OTA,01,tracked:b2c:b2b,Hong Kong,HK,0.001,20000,10000,15000.001,610,460,460,105.95,105.95,world_zone_1,,,True,GBP,G,MM,7,False,True,50,mediumParcel,Royal Mail public online price for International Tracked Heavier medium parcels.  We have no contract rate also OTA is my placeholder certain zones need a specific code setting,https://www.royalmail.com/sending/international/international-tracked-signed-heavier,2026-04-07,verified public online price 2026-05-15,12,,0.12,2026-11-17,2027-01-09,,,,,,
royal_mail_international_tracked_medium_parcel,International Tracked Heavier Medium Parcel,OTA,01,tracked:b2c:b2b,Hong Kong,HK,0.001,20000,15000,20000.001,610,460,460,133.40,133.40,world_zone_1,,,True,GBP,G,MM,7,False,True,50,mediumParcel,Royal Mail public online price for International Tracked Heavier medium parcels.  We have no contract rate also OTA is my placeholder certain zones need a specific code setting,https://www.royalmail.com/sending/international/international-tracked-signed-heavier,2026-04-07,verified public online price 2026-05-15,12,,0.12,2026-11-17,2027-01-09,,,,,,
royal_mail_international_tracked_medium_parcel,International Tracked Heavier Medium Parcel,OTA,01,tracked:b2c:b2b,India,IN,0.001,20000,0,1000.001,610,460,460,25.85,25.85,world_zone_1,,,True,GBP,G,MM,7,False,True,50,mediumParcel,Royal Mail public online price for International Tracked Heavier medium parcels.  We have no contract rate also OTA is my placeholder certain zones need a specific code setting,https://www.royalmail.com/sending/international/international-tracked-signed-heavier,2026-04-07,verified public online price 2026-05-15,12,,0.12,2026-11-17,2027-01-09,,,,,,
royal_mail_international_tracked_medium_parcel,International Tracked Heavier Medium Parcel,OTA,01,tracked:b2c:b2b,India,IN,0.001,20000,1000,2000.001,610,460,460,28.80,28.80,world_zone_1,,,True,GBP,G,MM,7,False,True,50,mediumParcel,Royal Mail public online price for International Tracked Heavier medium parcels.  We have no contract rate also OTA is my placeholder certain zones need a specific code setting,https://www.royalmail.com/sending/international/international-tracked-signed-heavier,2026-04-07,verified public online price 2026-05-15,12,,0.12,2026-11-17,2027-01-09,,,,,,
royal_mail_international_tracked_medium_parcel,International Tracked Heavier Medium Parcel,OTA,01,tracked:b2c:b2b,India,IN,0.001,20000,2000,3000.001,610,460,460,32.50,32.50,world_zone_1,,,True,GBP,G,MM,7,False,True,50,mediumParcel,Royal Mail public online price for International Tracked Heavier medium parcels.  We have no contract rate also OTA is my placeholder certain zones need a specific code setting,https://www.royalmail.com/sending/international/international-tracked-signed-heavier,2026-04-07,verified public online price 2026-05-15,12,,0.12,2026-11-17,2027-01-09,,,,,,
royal_mail_international_tracked_medium_parcel,International Tracked Heavier Medium Parcel,OTA,01,tracked:b2c:b2b,India,IN,0.001,20000,3000,4000.001,610,460,460,38.60,38.60,world_zone_1,,,True,GBP,G,MM,7,False,True,50,mediumParcel,Royal Mail public online price for International Tracked Heavier medium parcels.  We have no contract rate also OTA is my placeholder certain zones need a specific code setting,https://www.royalmail.com/sending/international/international-tracked-signed-heavier,2026-04-07,verified public online price 2026-05-15,12,,0.12,2026-11-17,2027-01-09,,,,,,
royal_mail_international_tracked_medium_parcel,International Tracked Heavier Medium Parcel,OTA,01,tracked:b2c:b2b,India,IN,0.001,20000,4000,5000.001,610,460,460,49.40,49.40,world_zone_1,,,True,GBP,G,MM,7,False,True,50,mediumParcel,Royal Mail public online price for International Tracked Heavier medium parcels.  We have no contract rate also OTA is my placeholder certain zones need a specific code setting,https://www.royalmail.com/sending/international/international-tracked-signed-heavier,2026-04-07,verified public online price 2026-05-15,12,,0.12,2026-11-17,2027-01-09,,,,,,
royal_mail_international_tracked_medium_parcel,International Tracked Heavier Medium Parcel,OTA,01,tracked:b2c:b2b,India,IN,0.001,20000,5000,7500.001,610,460,460,56.55,56.55,world_zone_1,,,True,GBP,G,MM,7,False,True,50,mediumParcel,Royal Mail public online price for International Tracked Heavier medium parcels.  We have no contract rate also OTA is my placeholder certain zones need a specific code setting,https://www.royalmail.com/sending/international/international-tracked-signed-heavier,2026-04-07,verified public online price 2026-05-15,12,,0.12,2026-11-17,2027-01-09,,,,,,
royal_mail_international_tracked_medium_parcel,International Tracked Heavier Medium Parcel,OTA,01,tracked:b2c:b2b,India,IN,0.001,20000,7500,10000.001,610,460,460,69.75,69.75,world_zone_1,,,True,GBP,G,MM,7,False,True,50,mediumParcel,Royal Mail public online price for International Tracked Heavier medium parcels.  We have no contract rate also OTA is my placeholder certain zones need a specific code setting,https://www.royalmail.com/sending/international/international-tracked-signed-heavier,2026-04-07,verified public online price 2026-05-15,12,,0.12,2026-11-17,2027-01-09,,,,,,
royal_mail_international_tracked_medium_parcel,International Tracked Heavier Medium Parcel,OTA,01,tracked:b2c:b2b,India,IN,0.001,20000,10000,15000.001,610,460,460,88.00,88.00,world_zone_1,,,True,GBP,G,MM,7,False,True,50,mediumParcel,Royal Mail public online price for International Tracked Heavier medium parcels.  We have no contract rate also OTA is my placeholder certain zones need a specific code setting,https://www.royalmail.com/sending/international/international-tracked-signed-heavier,2026-04-07,verified public online price 2026-05-15,12,,0.12,2026-11-17,2027-01-09,,,,,,
royal_mail_international_tracked_medium_parcel,International Tracked Heavier Medium Parcel,OTA,01,tracked:b2c:b2b,India,IN,0.001,20000,15000,20000.001,610,460,460,109.45,109.45,world_zone_1,,,True,GBP,G,MM,7,False,True,50,mediumParcel,Royal Mail public online price for International Tracked Heavier medium parcels.  We have no contract rate also OTA is my placeholder certain zones need a specific code setting,https://www.royalmail.com/sending/international/international-tracked-signed-heavier,2026-04-07,verified public online price 2026-05-15,12,,0.12,2026-11-17,2027-01-09,,,,,,
royal_mail_international_tracked_medium_parcel,International Tracked Heavier Medium Parcel,OTA,01,tracked:b2c:b2b,Japan,JP,0.001,20000,0,1000.001,610,460,460,27.40,27.40,world_zone_1,,,True,GBP,G,MM,7,False,True,50,mediumParcel,Royal Mail public online price for International Tracked Heavier medium parcels.  We have no contract rate also OTA is my placeholder certain zones need a specific code setting,https://www.royalmail.com/sending/international/international-tracked-signed-heavier,2026-04-07,verified public online price 2026-05-15,12,,0.12,2026-11-17,2027-01-09,,,,,,
royal_mail_international_tracked_medium_parcel,International Tracked Heavier Medium Parcel,OTA,01,tracked:b2c:b2b,Japan,JP,0.001,20000,1000,2000.001,610,460,460,30.55,30.55,world_zone_1,,,True,GBP,G,MM,7,False,True,50,mediumParcel,Royal Mail public online price for International Tracked Heavier medium parcels.  We have no contract rate also OTA is my placeholder certain zones need a specific code setting,https://www.royalmail.com/sending/international/international-tracked-signed-heavier,2026-04-07,verified public online price 2026-05-15,12,,0.12,2026-11-17,2027-01-09,,,,,,
royal_mail_international_tracked_medium_parcel,International Tracked Heavier Medium Parcel,OTA,01,tracked:b2c:b2b,Japan,JP,0.001,20000,2000,3000.001,610,460,460,31.35,31.35,world_zone_1,,,True,GBP,G,MM,7,False,True,50,mediumParcel,Royal Mail public online price for International Tracked Heavier medium parcels.  We have no contract rate also OTA is my placeholder certain zones need a specific code setting,https://www.royalmail.com/sending/international/international-tracked-signed-heavier,2026-04-07,verified public online price 2026-05-15,12,,0.12,2026-11-17,2027-01-09,,,,,,
royal_mail_international_tracked_medium_parcel,International Tracked Heavier Medium Parcel,OTA,01,tracked:b2c:b2b,Japan,JP,0.001,20000,3000,4000.001,610,460,460,37.90,37.90,world_zone_1,,,True,GBP,G,MM,7,False,True,50,mediumParcel,Royal Mail public online price for International Tracked Heavier medium parcels.  We have no contract rate also OTA is my placeholder certain zones need a specific code setting,https://www.royalmail.com/sending/international/international-tracked-signed-heavier,2026-04-07,verified public online price 2026-05-15,12,,0.12,2026-11-17,2027-01-09,,,,,,
royal_mail_international_tracked_medium_parcel,International Tracked Heavier Medium Parcel,OTA,01,tracked:b2c:b2b,Japan,JP,0.001,20000,4000,5000.001,610,460,460,44.40,44.40,world_zone_1,,,True,GBP,G,MM,7,False,True,50,mediumParcel,Royal Mail public online price for International Tracked Heavier medium parcels.  We have no contract rate also OTA is my placeholder certain zones need a specific code setting,https://www.royalmail.com/sending/international/international-tracked-signed-heavier,2026-04-07,verified public online price 2026-05-15,12,,0.12,2026-11-17,2027-01-09,,,,,,
royal_mail_international_tracked_medium_parcel,International Tracked Heavier Medium Parcel,OTA,01,tracked:b2c:b2b,Japan,JP,0.001,20000,5000,7500.001,610,460,460,60.35,60.35,world_zone_1,,,True,GBP,G,MM,7,False,True,50,mediumParcel,Royal Mail public online price for International Tracked Heavier medium parcels.  We have no contract rate also OTA is my placeholder certain zones need a specific code setting,https://www.royalmail.com/sending/international/international-tracked-signed-heavier,2026-04-07,verified public online price 2026-05-15,12,,0.12,2026-11-17,2027-01-09,,,,,,
royal_mail_international_tracked_medium_parcel,International Tracked Heavier Medium Parcel,OTA,01,tracked:b2c:b2b,Japan,JP,0.001,20000,7500,10000.001,610,460,460,74.75,74.75,world_zone_1,,,True,GBP,G,MM,7,False,True,50,mediumParcel,Royal Mail public online price for International Tracked Heavier medium parcels.  We have no contract rate also OTA is my placeholder certain zones need a specific code setting,https://www.royalmail.com/sending/international/international-tracked-signed-heavier,2026-04-07,verified public online price 2026-05-15,12,,0.12,2026-11-17,2027-01-09,,,,,,
royal_mail_international_tracked_medium_parcel,International Tracked Heavier Medium Parcel,OTA,01,tracked:b2c:b2b,Japan,JP,0.001,20000,10000,15000.001,610,460,460,108.95,108.95,world_zone_1,,,True,GBP,G,MM,7,False,True,50,mediumParcel,Royal Mail public online price for International Tracked Heavier medium parcels.  We have no contract rate also OTA is my placeholder certain zones need a specific code setting,https://www.royalmail.com/sending/international/international-tracked-signed-heavier,2026-04-07,verified public online price 2026-05-15,12,,0.12,2026-11-17,2027-01-09,,,,,,
royal_mail_international_tracked_medium_parcel,International Tracked Heavier Medium Parcel,OTA,01,tracked:b2c:b2b,Japan,JP,0.001,20000,15000,20000.001,610,460,460,128.40,128.40,world_zone_1,,,True,GBP,G,MM,7,False,True,50,mediumParcel,Royal Mail public online price for International Tracked Heavier medium parcels.  We have no contract rate also OTA is my placeholder certain zones need a specific code setting,https://www.royalmail.com/sending/international/international-tracked-signed-heavier,2026-04-07,verified public online price 2026-05-15,12,,0.12,2026-11-17,2027-01-09,,,,,,
royal_mail_international_tracked_medium_parcel,International Tracked Heavier Medium Parcel,OTA,01,tracked:b2c:b2b,Thailand,TH,0.001,20000,0,1000.001,610,460,460,27.40,27.40,world_zone_1,,,True,GBP,G,MM,7,False,True,50,mediumParcel,Royal Mail public online price for International Tracked Heavier medium parcels.  We have no contract rate also OTA is my placeholder certain zones need a specific code setting,https://www.royalmail.com/sending/international/international-tracked-signed-heavier,2026-04-07,verified public online price 2026-05-15,12,,0.12,2026-11-17,2027-01-09,,,,,,
royal_mail_international_tracked_medium_parcel,International Tracked Heavier Medium Parcel,OTA,01,tracked:b2c:b2b,Thailand,TH,0.001,20000,1000,2000.001,610,460,460,30.55,30.55,world_zone_1,,,True,GBP,G,MM,7,False,True,50,mediumParcel,Royal Mail public online price for International Tracked Heavier medium parcels.  We have no contract rate also OTA is my placeholder certain zones need a specific code setting,https://www.royalmail.com/sending/international/international-tracked-signed-heavier,2026-04-07,verified public online price 2026-05-15,12,,0.12,2026-11-17,2027-01-09,,,,,,
royal_mail_international_tracked_medium_parcel,International Tracked Heavier Medium Parcel,OTA,01,tracked:b2c:b2b,Thailand,TH,0.001,20000,2000,3000.001,610,460,460,34.85,34.85,world_zone_1,,,True,GBP,G,MM,7,False,True,50,mediumParcel,Royal Mail public online price for International Tracked Heavier medium parcels.  We have no contract rate also OTA is my placeholder certain zones need a specific code setting,https://www.royalmail.com/sending/international/international-tracked-signed-heavier,2026-04-07,verified public online price 2026-05-15,12,,0.12,2026-11-17,2027-01-09,,,,,,
royal_mail_international_tracked_medium_parcel,International Tracked Heavier Medium Parcel,OTA,01,tracked:b2c:b2b,Thailand,TH,0.001,20000,3000,4000.001,610,460,460,41.75,41.75,world_zone_1,,,True,GBP,G,MM,7,False,True,50,mediumParcel,Royal Mail public online price for International Tracked Heavier medium parcels.  We have no contract rate also OTA is my placeholder certain zones need a specific code setting,https://www.royalmail.com/sending/international/international-tracked-signed-heavier,2026-04-07,verified public online price 2026-05-15,12,,0.12,2026-11-17,2027-01-09,,,,,,
royal_mail_international_tracked_medium_parcel,International Tracked Heavier Medium Parcel,OTA,01,tracked:b2c:b2b,Thailand,TH,0.001,20000,4000,5000.001,610,460,460,52.35,52.35,world_zone_1,,,True,GBP,G,MM,7,False,True,50,mediumParcel,Royal Mail public online price for International Tracked Heavier medium parcels.  We have no contract rate also OTA is my placeholder certain zones need a specific code setting,https://www.royalmail.com/sending/international/international-tracked-signed-heavier,2026-04-07,verified public online price 2026-05-15,12,,0.12,2026-11-17,2027-01-09,,,,,,
royal_mail_international_tracked_medium_parcel,International Tracked Heavier Medium Parcel,OTA,01,tracked:b2c:b2b,Thailand,TH,0.001,20000,5000,7500.001,610,460,460,70.55,70.55,world_zone_1,,,True,GBP,G,MM,7,False,True,50,mediumParcel,Royal Mail public online price for International Tracked Heavier medium parcels.  We have no contract rate also OTA is my placeholder certain zones need a specific code setting,https://www.royalmail.com/sending/international/international-tracked-signed-heavier,2026-04-07,verified public online price 2026-05-15,12,,0.12,2026-11-17,2027-01-09,,,,,,
royal_mail_international_tracked_medium_parcel,International Tracked Heavier Medium Parcel,OTA,01,tracked:b2c:b2b,Thailand,TH,0.001,20000,7500,10000.001,610,460,460,99.90,99.90,world_zone_1,,,True,GBP,G,MM,7,False,True,50,mediumParcel,Royal Mail public online price for International Tracked Heavier medium parcels.  We have no contract rate also OTA is my placeholder certain zones need a specific code setting,https://www.royalmail.com/sending/international/international-tracked-signed-heavier,2026-04-07,verified public online price 2026-05-15,12,,0.12,2026-11-17,2027-01-09,,,,,,
royal_mail_international_tracked_medium_parcel,International Tracked Heavier Medium Parcel,OTA,01,tracked:b2c:b2b,Thailand,TH,0.001,20000,10000,15000.001,610,460,460,135.70,135.70,world_zone_1,,,True,GBP,G,MM,7,False,True,50,mediumParcel,Royal Mail public online price for International Tracked Heavier medium parcels.  We have no contract rate also OTA is my placeholder certain zones need a specific code setting,https://www.royalmail.com/sending/international/international-tracked-signed-heavier,2026-04-07,verified public online price 2026-05-15,12,,0.12,2026-11-17,2027-01-09,,,,,,
royal_mail_international_tracked_medium_parcel,International Tracked Heavier Medium Parcel,OTA,01,tracked:b2c:b2b,Thailand,TH,0.001,20000,15000,20000.001,610,460,460,187.05,187.05,world_zone_1,,,True,GBP,G,MM,7,False,True,50,mediumParcel,Royal Mail public online price for International Tracked Heavier medium parcels.  We have no contract rate also OTA is my placeholder certain zones need a specific code setting,https://www.royalmail.com/sending/international/international-tracked-signed-heavier,2026-04-07,verified public online price 2026-05-15,12,,0.12,2026-11-17,2027-01-09,,,,,,
royal_mail_international_tracked_medium_parcel,International Tracked Heavier Medium Parcel,OTA,01,tracked:b2c:b2b,Rest of World Zone 1,,0.001,20000,0,1000.001,610,460,460,27.90,27.90,world_zone_1,,,True,GBP,G,MM,7,False,True,50,mediumParcel,Royal Mail public online price for International Tracked Heavier medium parcels.  We have no contract rate also OTA is my placeholder certain zones need a specific code setting,https://www.royalmail.com/sending/international/international-tracked-signed-heavier,2026-04-07,verified public online price 2026-05-15,12,,0.12,2026-11-17,2027-01-09,,,,,,
royal_mail_international_tracked_medium_parcel,International Tracked Heavier Medium Parcel,OTA,01,tracked:b2c:b2b,Rest of World Zone 1,,0.001,20000,1000,2000.001,610,460,460,31.10,31.10,world_zone_1,,,True,GBP,G,MM,7,False,True,50,mediumParcel,Royal Mail public online price for International Tracked Heavier medium parcels.  We have no contract rate also OTA is my placeholder certain zones need a specific code setting,https://www.royalmail.com/sending/international/international-tracked-signed-heavier,2026-04-07,verified public online price 2026-05-15,12,,0.12,2026-11-17,2027-01-09,,,,,,
royal_mail_international_tracked_medium_parcel,International Tracked Heavier Medium Parcel,OTA,01,tracked:b2c:b2b,Rest of World Zone 1,,0.001,20000,2000,3000.001,610,460,460,35.55,35.55,world_zone_1,,,True,GBP,G,MM,7,False,True,50,mediumParcel,Royal Mail public online price for International Tracked Heavier medium parcels.  We have no contract rate also OTA is my placeholder certain zones need a specific code setting,https://www.royalmail.com/sending/international/international-tracked-signed-heavier,2026-04-07,verified public online price 2026-05-15,12,,0.12,2026-11-17,2027-01-09,,,,,,
royal_mail_international_tracked_medium_parcel,International Tracked Heavier Medium Parcel,OTA,01,tracked:b2c:b2b,Rest of World Zone 1,,0.001,20000,3000,4000.001,610,460,460,42.55,42.55,world_zone_1,,,True,GBP,G,MM,7,False,True,50,mediumParcel,Royal Mail public online price for International Tracked Heavier medium parcels.  We have no contract rate also OTA is my placeholder certain zones need a specific code setting,https://www.royalmail.com/sending/international/international-tracked-signed-heavier,2026-04-07,verified public online price 2026-05-15,12,,0.12,2026-11-17,2027-01-09,,,,,,
royal_mail_international_tracked_medium_parcel,International Tracked Heavier Medium Parcel,OTA,01,tracked:b2c:b2b,Rest of World Zone 1,,0.001,20000,4000,5000.001,610,460,460,53.35,53.35,world_zone_1,,,True,GBP,G,MM,7,False,True,50,mediumParcel,Royal Mail public online price for International Tracked Heavier medium parcels.  We have no contract rate also OTA is my placeholder certain zones need a specific code setting,https://www.royalmail.com/sending/international/international-tracked-signed-heavier,2026-04-07,verified public online price 2026-05-15,12,,0.12,2026-11-17,2027-01-09,,,,,,
royal_mail_international_tracked_medium_parcel,International Tracked Heavier Medium Parcel,OTA,01,tracked:b2c:b2b,Rest of World Zone 1,,0.001,20000,5000,7500.001,610,460,460,71.85,71.85,world_zone_1,,,True,GBP,G,MM,7,False,True,50,mediumParcel,Royal Mail public online price for International Tracked Heavier medium parcels.  We have no contract rate also OTA is my placeholder certain zones need a specific code setting,https://www.royalmail.com/sending/international/international-tracked-signed-heavier,2026-04-07,verified public online price 2026-05-15,12,,0.12,2026-11-17,2027-01-09,,,,,,
royal_mail_international_tracked_medium_parcel,International Tracked Heavier Medium Parcel,OTA,01,tracked:b2c:b2b,Rest of World Zone 1,,0.001,20000,7500,10000.001,610,460,460,107.75,107.75,world_zone_1,,,True,GBP,G,MM,7,False,True,50,mediumParcel,Royal Mail public online price for International Tracked Heavier medium parcels.  We have no contract rate also OTA is my placeholder certain zones need a specific code setting,https://www.royalmail.com/sending/international/international-tracked-signed-heavier,2026-04-07,verified public online price 2026-05-15,12,,0.12,2026-11-17,2027-01-09,,,,,,
royal_mail_international_tracked_medium_parcel,International Tracked Heavier Medium Parcel,OTA,01,tracked:b2c:b2b,Rest of World Zone 1,,0.001,20000,10000,15000.001,610,460,460,138.20,138.20,world_zone_1,,,True,GBP,G,MM,7,False,True,50,mediumParcel,Royal Mail public online price for International Tracked Heavier medium parcels.  We have no contract rate also OTA is my placeholder certain zones need a specific code setting,https://www.royalmail.com/sending/international/international-tracked-signed-heavier,2026-04-07,verified public online price 2026-05-15,12,,0.12,2026-11-17,2027-01-09,,,,,,
royal_mail_international_tracked_medium_parcel,International Tracked Heavier Medium Parcel,OTA,01,tracked:b2c:b2b,Rest of World Zone 1,,0.001,20000,15000,20000.001,610,460,460,190.50,190.50,world_zone_1,,,True,GBP,G,MM,7,False,True,50,mediumParcel,Royal Mail public online price for International Tracked Heavier medium parcels.  We have no contract rate also OTA is my placeholder certain zones need a specific code setting,https://www.royalmail.com/sending/international/international-tracked-signed-heavier,2026-04-07,verified public online price 2026-05-15,12,,0.12,2026-11-17,2027-01-09,,,,,,
royal_mail_international_tracked_medium_parcel,International Tracked Heavier Medium Parcel,OTA,01,tracked:b2c:b2b,Australia,AU,0.001,20000,0,1000.001,610,460,460,27.50,27.50,world_zone_2,,,True,GBP,G,MM,7,False,True,50,mediumParcel,Royal Mail public online price for International Tracked Heavier medium parcels.  We have no contract rate also OTA is my placeholder certain zones need a specific code setting,https://www.royalmail.com/sending/international/international-tracked-signed-heavier,2026-04-07,verified public online price 2026-05-15,12,,0.12,2026-11-17,2027-01-09,,,,,,
royal_mail_international_tracked_medium_parcel,International Tracked Heavier Medium Parcel,OTA,01,tracked:b2c:b2b,Australia,AU,0.001,20000,1000,2000.001,610,460,460,35.10,35.10,world_zone_2,,,True,GBP,G,MM,7,False,True,50,mediumParcel,Royal Mail public online price for International Tracked Heavier medium parcels.  We have no contract rate also OTA is my placeholder certain zones need a specific code setting,https://www.royalmail.com/sending/international/international-tracked-signed-heavier,2026-04-07,verified public online price 2026-05-15,12,,0.12,2026-11-17,2027-01-09,,,,,,
royal_mail_international_tracked_medium_parcel,International Tracked Heavier Medium Parcel,OTA,01,tracked:b2c:b2b,Australia,AU,0.001,20000,2000,3000.001,610,460,460,38.85,38.85,world_zone_2,,,True,GBP,G,MM,7,False,True,50,mediumParcel,Royal Mail public online price for International Tracked Heavier medium parcels.  We have no contract rate also OTA is my placeholder certain zones need a specific code setting,https://www.royalmail.com/sending/international/international-tracked-signed-heavier,2026-04-07,verified public online price 2026-05-15,12,,0.12,2026-11-17,2027-01-09,,,,,,
royal_mail_international_tracked_medium_parcel,International Tracked Heavier Medium Parcel,OTA,01,tracked:b2c:b2b,Australia,AU,0.001,20000,3000,4000.001,610,460,460,45.50,45.50,world_zone_2,,,True,GBP,G,MM,7,False,True,50,mediumParcel,Royal Mail public online price for International Tracked Heavier medium parcels.  We have no contract rate also OTA is my placeholder certain zones need a specific code setting,https://www.royalmail.com/sending/international/international-tracked-signed-heavier,2026-04-07,verified public online price 2026-05-15,12,,0.12,2026-11-17,2027-01-09,,,,,,
royal_mail_international_tracked_medium_parcel,International Tracked Heavier Medium Parcel,OTA,01,tracked:b2c:b2b,Australia,AU,0.001,20000,4000,5000.001,610,460,460,49.50,49.50,world_zone_2,,,True,GBP,G,MM,7,False,True,50,mediumParcel,Royal Mail public online price for International Tracked Heavier medium parcels.  We have no contract rate also OTA is my placeholder certain zones need a specific code setting,https://www.royalmail.com/sending/international/international-tracked-signed-heavier,2026-04-07,verified public online price 2026-05-15,12,,0.12,2026-11-17,2027-01-09,,,,,,
royal_mail_international_tracked_medium_parcel,International Tracked Heavier Medium Parcel,OTA,01,tracked:b2c:b2b,Australia,AU,0.001,20000,5000,7500.001,610,460,460,63.95,63.95,world_zone_2,,,True,GBP,G,MM,7,False,True,50,mediumParcel,Royal Mail public online price for International Tracked Heavier medium parcels.  We have no contract rate also OTA is my placeholder certain zones need a specific code setting,https://www.royalmail.com/sending/international/international-tracked-signed-heavier,2026-04-07,verified public online price 2026-05-15,12,,0.12,2026-11-17,2027-01-09,,,,,,
royal_mail_international_tracked_medium_parcel,International Tracked Heavier Medium Parcel,OTA,01,tracked:b2c:b2b,Australia,AU,0.001,20000,7500,10000.001,610,460,460,80.30,80.30,world_zone_2,,,True,GBP,G,MM,7,False,True,50,mediumParcel,Royal Mail public online price for International Tracked Heavier medium parcels.  We have no contract rate also OTA is my placeholder certain zones need a specific code setting,https://www.royalmail.com/sending/international/international-tracked-signed-heavier,2026-04-07,verified public online price 2026-05-15,12,,0.12,2026-11-17,2027-01-09,,,,,,
royal_mail_international_tracked_medium_parcel,International Tracked Heavier Medium Parcel,OTA,01,tracked:b2c:b2b,Australia,AU,0.001,20000,10000,15000.001,610,460,460,123.40,123.40,world_zone_2,,,True,GBP,G,MM,7,False,True,50,mediumParcel,Royal Mail public online price for International Tracked Heavier medium parcels.  We have no contract rate also OTA is my placeholder certain zones need a specific code setting,https://www.royalmail.com/sending/international/international-tracked-signed-heavier,2026-04-07,verified public online price 2026-05-15,12,,0.12,2026-11-17,2027-01-09,,,,,,
royal_mail_international_tracked_medium_parcel,International Tracked Heavier Medium Parcel,OTA,01,tracked:b2c:b2b,Australia,AU,0.001,20000,15000,20000.001,610,460,460,170.00,170.00,world_zone_2,,,True,GBP,G,MM,7,False,True,50,mediumParcel,Royal Mail public online price for International Tracked Heavier medium parcels.  We have no contract rate also OTA is my placeholder certain zones need a specific code setting,https://www.royalmail.com/sending/international/international-tracked-signed-heavier,2026-04-07,verified public online price 2026-05-15,12,,0.12,2026-11-17,2027-01-09,,,,,,
royal_mail_international_tracked_medium_parcel,International Tracked Heavier Medium Parcel,OTA,01,tracked:b2c:b2b,New Zealand,NZ,0.001,20000,0,1000.001,610,460,460,27.50,27.50,world_zone_2,,,True,GBP,G,MM,7,False,True,50,mediumParcel,Royal Mail public online price for International Tracked Heavier medium parcels.  We have no contract rate also OTA is my placeholder certain zones need a specific code setting,https://www.royalmail.com/sending/international/international-tracked-signed-heavier,2026-04-07,verified public online price 2026-05-15,12,,0.12,2026-11-17,2027-01-09,,,,,,
royal_mail_international_tracked_medium_parcel,International Tracked Heavier Medium Parcel,OTA,01,tracked:b2c:b2b,New Zealand,NZ,0.001,20000,1000,2000.001,610,460,460,36.50,36.50,world_zone_2,,,True,GBP,G,MM,7,False,True,50,mediumParcel,Royal Mail public online price for International Tracked Heavier medium parcels.  We have no contract rate also OTA is my placeholder certain zones need a specific code setting,https://www.royalmail.com/sending/international/international-tracked-signed-heavier,2026-04-07,verified public online price 2026-05-15,12,,0.12,2026-11-17,2027-01-09,,,,,,
royal_mail_international_tracked_medium_parcel,International Tracked Heavier Medium Parcel,OTA,01,tracked:b2c:b2b,New Zealand,NZ,0.001,20000,2000,3000.001,610,460,460,40.40,40.40,world_zone_2,,,True,GBP,G,MM,7,False,True,50,mediumParcel,Royal Mail public online price for International Tracked Heavier medium parcels.  We have no contract rate also OTA is my placeholder certain zones need a specific code setting,https://www.royalmail.com/sending/international/international-tracked-signed-heavier,2026-04-07,verified public online price 2026-05-15,12,,0.12,2026-11-17,2027-01-09,,,,,,
royal_mail_international_tracked_medium_parcel,International Tracked Heavier Medium Parcel,OTA,01,tracked:b2c:b2b,New Zealand,NZ,0.001,20000,3000,4000.001,610,460,460,46.00,46.00,world_zone_2,,,True,GBP,G,MM,7,False,True,50,mediumParcel,Royal Mail public online price for International Tracked Heavier medium parcels.  We have no contract rate also OTA is my placeholder certain zones need a specific code setting,https://www.royalmail.com/sending/international/international-tracked-signed-heavier,2026-04-07,verified public online price 2026-05-15,12,,0.12,2026-11-17,2027-01-09,,,,,,
royal_mail_international_tracked_medium_parcel,International Tracked Heavier Medium Parcel,OTA,01,tracked:b2c:b2b,New Zealand,NZ,0.001,20000,4000,5000.001,610,460,460,55.00,55.00,world_zone_2,,,True,GBP,G,MM,7,False,True,50,mediumParcel,Royal Mail public online price for International Tracked Heavier medium parcels.  We have no contract rate also OTA is my placeholder certain zones need a specific code setting,https://www.royalmail.com/sending/international/international-tracked-signed-heavier,2026-04-07,verified public online price 2026-05-15,12,,0.12,2026-11-17,2027-01-09,,,,,,
royal_mail_international_tracked_medium_parcel,International Tracked Heavier Medium Parcel,OTA,01,tracked:b2c:b2b,New Zealand,NZ,0.001,20000,5000,7500.001,610,460,460,70.00,70.00,world_zone_2,,,True,GBP,G,MM,7,False,True,50,mediumParcel,Royal Mail public online price for International Tracked Heavier medium parcels.  We have no contract rate also OTA is my placeholder certain zones need a specific code setting,https://www.royalmail.com/sending/international/international-tracked-signed-heavier,2026-04-07,verified public online price 2026-05-15,12,,0.12,2026-11-17,2027-01-09,,,,,,
royal_mail_international_tracked_medium_parcel,International Tracked Heavier Medium Parcel,OTA,01,tracked:b2c:b2b,New Zealand,NZ,0.001,20000,7500,10000.001,610,460,460,91.20,91.20,world_zone_2,,,True,GBP,G,MM,7,False,True,50,mediumParcel,Royal Mail public online price for International Tracked Heavier medium parcels.  We have no contract rate also OTA is my placeholder certain zones need a specific code setting,https://www.royalmail.com/sending/international/international-tracked-signed-heavier,2026-04-07,verified public online price 2026-05-15,12,,0.12,2026-11-17,2027-01-09,,,,,,
royal_mail_international_tracked_medium_parcel,International Tracked Heavier Medium Parcel,OTA,01,tracked:b2c:b2b,New Zealand,NZ,0.001,20000,10000,15000.001,610,460,460,128.35,128.35,world_zone_2,,,True,GBP,G,MM,7,False,True,50,mediumParcel,Royal Mail public online price for International Tracked Heavier medium parcels.  We have no contract rate also OTA is my placeholder certain zones need a specific code setting,https://www.royalmail.com/sending/international/international-tracked-signed-heavier,2026-04-07,verified public online price 2026-05-15,12,,0.12,2026-11-17,2027-01-09,,,,,,
royal_mail_international_tracked_medium_parcel,International Tracked Heavier Medium Parcel,OTA,01,tracked:b2c:b2b,New Zealand,NZ,0.001,20000,15000,20000.001,610,460,460,177.15,177.15,world_zone_2,,,True,GBP,G,MM,7,False,True,50,mediumParcel,Royal Mail public online price for International Tracked Heavier medium parcels.  We have no contract rate also OTA is my placeholder certain zones need a specific code setting,https://www.royalmail.com/sending/international/international-tracked-signed-heavier,2026-04-07,verified public online price 2026-05-15,12,,0.12,2026-11-17,2027-01-09,,,,,,
royal_mail_international_tracked_medium_parcel,International Tracked Heavier Medium Parcel,OTA,01,tracked:b2c:b2b,Rest of World Zone 2,PW:IO:CX:CC:CK:FJ:PF:TF:KI:MO:NR:NC:AQ:NU:NF:BV:PG:LA:PN:SG:SB:TK:TO:TV:AS:WS,0.001,20000,0,1000.001,610,460,460,29.70,29.70,world_zone_2,,,True,GBP,G,MM,7,False,True,50,mediumParcel,Royal Mail public online price for International Tracked Heavier medium parcels.  We have no contract rate also OTA is my placeholder certain zones need a specific code setting,https://www.royalmail.com/sending/international/international-tracked-signed-heavier,2026-04-07,verified public online price 2026-05-15,12,,0.12,2026-11-17,2027-01-09,,,,,,
royal_mail_international_tracked_medium_parcel,International Tracked Heavier Medium Parcel,OTA,01,tracked:b2c:b2b,Rest of World Zone 2,PW:IO:CX:CC:CK:FJ:PF:TF:KI:MO:NR:NC:AQ:NU:NF:BV:PG:LA:PN:SG:SB:TK:TO:TV:AS:WS,0.001,20000,1000,2000.001,610,460,460,37.90,37.90,world_zone_2,,,True,GBP,G,MM,7,False,True,50,mediumParcel,Royal Mail public online price for International Tracked Heavier medium parcels.  We have no contract rate also OTA is my placeholder certain zones need a specific code setting,https://www.royalmail.com/sending/international/international-tracked-signed-heavier,2026-04-07,verified public online price 2026-05-15,12,,0.12,2026-11-17,2027-01-09,,,,,,
royal_mail_international_tracked_medium_parcel,International Tracked Heavier Medium Parcel,OTA,01,tracked:b2c:b2b,Rest of World Zone 2,PW:IO:CX:CC:CK:FJ:PF:TF:KI:MO:NR:NC:AQ:NU:NF:BV:PG:LA:PN:SG:SB:TK:TO:TV:AS:WS,0.001,20000,2000,3000.001,610,460,460,41.95,41.95,world_zone_2,,,True,GBP,G,MM,7,False,True,50,mediumParcel,Royal Mail public online price for International Tracked Heavier medium parcels.  We have no contract rate also OTA is my placeholder certain zones need a specific code setting,https://www.royalmail.com/sending/international/international-tracked-signed-heavier,2026-04-07,verified public online price 2026-05-15,12,,0.12,2026-11-17,2027-01-09,,,,,,
royal_mail_international_tracked_medium_parcel,International Tracked Heavier Medium Parcel,OTA,01,tracked:b2c:b2b,Rest of World Zone 2,PW:IO:CX:CC:CK:FJ:PF:TF:KI:MO:NR:NC:AQ:NU:NF:BV:PG:LA:PN:SG:SB:TK:TO:TV:AS:WS,0.001,20000,3000,4000.001,610,460,460,46.60,46.60,world_zone_2,,,True,GBP,G,MM,7,False,True,50,mediumParcel,Royal Mail public online price for International Tracked Heavier medium parcels.  We have no contract rate also OTA is my placeholder certain zones need a specific code setting,https://www.royalmail.com/sending/international/international-tracked-signed-heavier,2026-04-07,verified public online price 2026-05-15,12,,0.12,2026-11-17,2027-01-09,,,,,,
royal_mail_international_tracked_medium_parcel,International Tracked Heavier Medium Parcel,OTA,01,tracked:b2c:b2b,Rest of World Zone 2,PW:IO:CX:CC:CK:FJ:PF:TF:KI:MO:NR:NC:AQ:NU:NF:BV:PG:LA:PN:SG:SB:TK:TO:TV:AS:WS,0.001,20000,4000,5000.001,610,460,460,55.95,55.95,world_zone_2,,,True,GBP,G,MM,7,False,True,50,mediumParcel,Royal Mail public online price for International Tracked Heavier medium parcels.  We have no contract rate also OTA is my placeholder certain zones need a specific code setting,https://www.royalmail.com/sending/international/international-tracked-signed-heavier,2026-04-07,verified public online price 2026-05-15,12,,0.12,2026-11-17,2027-01-09,,,,,,
royal_mail_international_tracked_medium_parcel,International Tracked Heavier Medium Parcel,OTA,01,tracked:b2c:b2b,Rest of World Zone 2,PW:IO:CX:CC:CK:FJ:PF:TF:KI:MO:NR:NC:AQ:NU:NF:BV:PG:LA:PN:SG:SB:TK:TO:TV:AS:WS,0.001,20000,5000,7500.001,610,460,460,76.25,76.25,world_zone_2,,,True,GBP,G,MM,7,False,True,50,mediumParcel,Royal Mail public online price for International Tracked Heavier medium parcels.  We have no contract rate also OTA is my placeholder certain zones need a specific code setting,https://www.royalmail.com/sending/international/international-tracked-signed-heavier,2026-04-07,verified public online price 2026-05-15,12,,0.12,2026-11-17,2027-01-09,,,,,,
royal_mail_international_tracked_medium_parcel,International Tracked Heavier Medium Parcel,OTA,01,tracked:b2c:b2b,Rest of World Zone 2,PW:IO:CX:CC:CK:FJ:PF:TF:KI:MO:NR:NC:AQ:NU:NF:BV:PG:LA:PN:SG:SB:TK:TO:TV:AS:WS,0.001,20000,7500,10000.001,610,460,460,105.75,105.75,world_zone_2,,,True,GBP,G,MM,7,False,True,50,mediumParcel,Royal Mail public online price for International Tracked Heavier medium parcels.  We have no contract rate also OTA is my placeholder certain zones need a specific code setting,https://www.royalmail.com/sending/international/international-tracked-signed-heavier,2026-04-07,verified public online price 2026-05-15,12,,0.12,2026-11-17,2027-01-09,,,,,,
royal_mail_international_tracked_medium_parcel,International Tracked Heavier Medium Parcel,OTA,01,tracked:b2c:b2b,Rest of World Zone 2,PW:IO:CX:CC:CK:FJ:PF:TF:KI:MO:NR:NC:AQ:NU:NF:BV:PG:LA:PN:SG:SB:TK:TO:TV:AS:WS,0.001,20000,10000,15000.001,610,460,460,143.20,143.20,world_zone_2,,,True,GBP,G,MM,7,False,True,50,mediumParcel,Royal Mail public online price for International Tracked Heavier medium parcels.  We have no contract rate also OTA is my placeholder certain zones need a specific code setting,https://www.royalmail.com/sending/international/international-tracked-signed-heavier,2026-04-07,verified public online price 2026-05-15,12,,0.12,2026-11-17,2027-01-09,,,,,,
royal_mail_international_tracked_medium_parcel,International Tracked Heavier Medium Parcel,OTA,01,tracked:b2c:b2b,Rest of World Zone 2,PW:IO:CX:CC:CK:FJ:PF:TF:KI:MO:NR:NC:AQ:NU:NF:BV:PG:LA:PN:SG:SB:TK:TO:TV:AS:WS,0.001,20000,15000,20000.001,610,460,460,184.70,184.70,world_zone_2,,,True,GBP,G,MM,7,False,True,50,mediumParcel,Royal Mail public online price for International Tracked Heavier medium parcels.  We have no contract rate also OTA is my placeholder certain zones need a specific code setting,https://www.royalmail.com/sending/international/international-tracked-signed-heavier,2026-04-07,verified public online price 2026-05-15,12,,0.12,2026-11-17,2027-01-09,,,,,,
royal_mail_international_tracked_extra_compensation_large_letter,International Tracked Extra Compensation Large Letter,OTB,01,tracked:b2c:b2b:extra_compensation,Europe Zone 1,IE:FR:DE:DK:MC,0.001,750,0,100.001,353,250,25,12.90,12.90,europe_zone_1,,,True,GBP,G,MM,7,False,True,250,largeLetter,Royal Mail public online Click & Drop rate; no discounts on account/contract terms,https://www.royalmail.com/sending/international/international-tracked,2026-04-07,verified public online price 2026-05-15,12,,0.07,2026-11-17,2027-01-09,,,,,,
royal_mail_international_tracked_extra_compensation_large_letter,International Tracked Extra Compensation Large Letter,OTB,01,tracked:b2c:b2b:extra_compensation,Europe Zone 1,IE:FR:DE:DK:MC,0.001,750,100,250.001,353,250,25,13.00,13.00,europe_zone_1,,,True,GBP,G,MM,7,False,True,250,largeLetter,Royal Mail public online Click & Drop rate; no discounts on account/contract terms,https://www.royalmail.com/sending/international/international-tracked,2026-04-07,verified public online price 2026-05-15,12,,0.07,2026-11-17,2027-01-09,,,,,,
royal_mail_international_tracked_extra_compensation_large_letter,International Tracked Extra Compensation Large Letter,OTB,01,tracked:b2c:b2b:extra_compensation,Europe Zone 1,IE:FR:DE:DK:MC,0.001,750,250,500.001,353,250,25,13.60,13.60,europe_zone_1,,,True,GBP,G,MM,7,False,True,250,largeLetter,Royal Mail public online Click & Drop rate; no discounts on account/contract terms,https://www.royalmail.com/sending/international/international-tracked,2026-04-07,verified public online price 2026-05-15,12,,0.07,2026-11-17,2027-01-09,,,,,,
royal_mail_international_tracked_extra_compensation_large_letter,International Tracked Extra Compensation Large Letter,OTB,01,tracked:b2c:b2b:extra_compensation,Europe Zone 1,IE:FR:DE:DK:MC,0.001,750,500,750.001,353,250,25,14.00,14.00,europe_zone_1,,,True,GBP,G,MM,7,False,True,250,largeLetter,Royal Mail public online Click & Drop rate; no discounts on account/contract terms,https://www.royalmail.com/sending/international/international-tracked,2026-04-07,verified public online price 2026-05-15,12,,0.07,2026-11-17,2027-01-09,,,,,,
royal_mail_international_tracked_extra_compensation_large_letter,International Tracked Extra Compensation Large Letter,OTB,01,tracked:b2c:b2b:extra_compensation,Europe Zone 2,AT:LV:PT:LT:ES:LU:BE:BG:MT:NL:HR:PL:CY:RO:CZ:SK:EE:SI:FI:GR:HU:SE:IT,0.001,750,0,100.001,353,250,25,12.90,12.90,europe_zone_2,,,True,GBP,G,MM,7,False,True,250,largeLetter,Royal Mail public online Click & Drop rate; no discounts on account/contract terms,https://www.royalmail.com/sending/international/international-tracked,2026-04-07,verified public online price 2026-05-15,12,,0.07,2026-11-17,2027-01-09,,,,,,
royal_mail_international_tracked_extra_compensation_large_letter,International Tracked Extra Compensation Large Letter,OTB,01,tracked:b2c:b2b:extra_compensation,Europe Zone 2,AT:LV:PT:LT:ES:LU:BE:BG:MT:NL:HR:PL:CY:RO:CZ:SK:EE:SI:FI:GR:HU:SE:IT,0.001,750,100,250.001,353,250,25,13.00,13.00,europe_zone_2,,,True,GBP,G,MM,7,False,True,250,largeLetter,Royal Mail public online Click & Drop rate; no discounts on account/contract terms,https://www.royalmail.com/sending/international/international-tracked,2026-04-07,verified public online price 2026-05-15,12,,0.07,2026-11-17,2027-01-09,,,,,,
royal_mail_international_tracked_extra_compensation_large_letter,International Tracked Extra Compensation Large Letter,OTB,01,tracked:b2c:b2b:extra_compensation,Europe Zone 2,AT:LV:PT:LT:ES:LU:BE:BG:MT:NL:HR:PL:CY:RO:CZ:SK:EE:SI:FI:GR:HU:SE:IT,0.001,750,250,500.001,353,250,25,13.60,13.60,europe_zone_2,,,True,GBP,G,MM,7,False,True,250,largeLetter,Royal Mail public online Click & Drop rate; no discounts on account/contract terms,https://www.royalmail.com/sending/international/international-tracked,2026-04-07,verified public online price 2026-05-15,12,,0.07,2026-11-17,2027-01-09,,,,,,
royal_mail_international_tracked_extra_compensation_large_letter,International Tracked Extra Compensation Large Letter,OTB,01,tracked:b2c:b2b:extra_compensation,Europe Zone 2,AT:LV:PT:LT:ES:LU:BE:BG:MT:NL:HR:PL:CY:RO:CZ:SK:EE:SI:FI:GR:HU:SE:IT,0.001,750,500,750.001,353,250,25,14.00,14.00,europe_zone_2,,,True,GBP,G,MM,7,False,True,250,largeLetter,Royal Mail public online Click & Drop rate; no discounts on account/contract terms,https://www.royalmail.com/sending/international/international-tracked,2026-04-07,verified public online price 2026-05-15,12,,0.07,2026-11-17,2027-01-09,,,,,,
royal_mail_international_tracked_extra_compensation_large_letter,International Tracked Extra Compensation Large Letter,OTB,01,tracked:b2c:b2b:extra_compensation,Europe Zone 3,AL:MD:AD:ME:AM:MK:AZ:NO:SJ:BY:RU:BA:SM:FO:RS:GE:CH:GI:TJ:GL:TR:IS:TM:KZ:UA:XK:UZ:KG:VA:LI,0.001,750,0,100.001,353,250,25,12.90,12.90,europe_zone_3,,,True,GBP,G,MM,7,False,True,250,largeLetter,Royal Mail public online Click & Drop rate; no discounts on account/contract terms,https://www.royalmail.com/sending/international/international-tracked,2026-04-07,verified public online price 2026-05-15,12,,0.07,2026-11-17,2027-01-09,,,,,,
royal_mail_international_tracked_extra_compensation_large_letter,International Tracked Extra Compensation Large Letter,OTB,01,tracked:b2c:b2b:extra_compensation,Europe Zone 3,AL:MD:AD:ME:AM:MK:AZ:NO:SJ:BY:RU:BA:SM:FO:RS:GE:CH:GI:TJ:GL:TR:IS:TM:KZ:UA:XK:UZ:KG:VA:LI,0.001,750,100,250.001,353,250,25,13.00,13.00,europe_zone_3,,,True,GBP,G,MM,7,False,True,250,largeLetter,Royal Mail public online Click & Drop rate; no discounts on account/contract terms,https://www.royalmail.com/sending/international/international-tracked,2026-04-07,verified public online price 2026-05-15,12,,0.07,2026-11-17,2027-01-09,,,,,,
royal_mail_international_tracked_extra_compensation_large_letter,International Tracked Extra Compensation Large Letter,OTB,01,tracked:b2c:b2b:extra_compensation,Europe Zone 3,AL:MD:AD:ME:AM:MK:AZ:NO:SJ:BY:RU:BA:SM:FO:RS:GE:CH:GI:TJ:GL:TR:IS:TM:KZ:UA:XK:UZ:KG:VA:LI,0.001,750,250,500.001,353,250,25,13.60,13.60,europe_zone_3,,,True,GBP,G,MM,7,False,True,250,largeLetter,Royal Mail public online Click & Drop rate; no discounts on account/contract terms,https://www.royalmail.com/sending/international/international-tracked,2026-04-07,verified public online price 2026-05-15,12,,0.07,2026-11-17,2027-01-09,,,,,,
royal_mail_international_tracked_extra_compensation_large_letter,International Tracked Extra Compensation Large Letter,OTB,01,tracked:b2c:b2b:extra_compensation,Europe Zone 3,AL:MD:AD:ME:AM:MK:AZ:NO:SJ:BY:RU:BA:SM:FO:RS:GE:CH:GI:TJ:GL:TR:IS:TM:KZ:UA:XK:UZ:KG:VA:LI,0.001,750,500,750.001,353,250,25,14.00,14.00,europe_zone_3,,,True,GBP,G,MM,7,False,True,250,largeLetter,Royal Mail public online Click & Drop rate; no discounts on account/contract terms,https://www.royalmail.com/sending/international/international-tracked,2026-04-07,verified public online price 2026-05-15,12,,0.07,2026-11-17,2027-01-09,,,,,,
royal_mail_international_tracked_extra_compensation_large_letter,International Tracked Extra Compensation Large Letter,OTB,01,tracked:b2c:b2b:extra_compensation,World Zone 1,,0.001,750,0,100.001,353,250,25,14.85,14.85,world_zone_1,,,True,GBP,G,MM,7,False,True,250,largeLetter,Royal Mail public online Click & Drop rate; no discounts on account/contract terms,https://www.royalmail.com/sending/international/international-tracked,2026-04-07,verified public online price 2026-05-15,12,,0.07,2026-11-17,2027-01-09,,,,,,
royal_mail_international_tracked_extra_compensation_large_letter,International Tracked Extra Compensation Large Letter,OTB,01,tracked:b2c:b2b:extra_compensation,World Zone 1,,0.001,750,100,250.001,353,250,25,15.65,15.65,world_zone_1,,,True,GBP,G,MM,7,False,True,250,largeLetter,Royal Mail public online Click & Drop rate; no discounts on account/contract terms,https://www.royalmail.com/sending/international/international-tracked,2026-04-07,verified public online price 2026-05-15,12,,0.07,2026-11-17,2027-01-09,,,,,,
royal_mail_international_tracked_extra_compensation_large_letter,International Tracked Extra Compensation Large Letter,OTB,01,tracked:b2c:b2b:extra_compensation,World Zone 1,,0.001,750,250,500.001,353,250,25,17.70,17.70,world_zone_1,,,True,GBP,G,MM,7,False,True,250,largeLetter,Royal Mail public online Click & Drop rate; no discounts on account/contract terms,https://www.royalmail.com/sending/international/international-tracked,2026-04-07,verified public online price 2026-05-15,12,,0.07,2026-11-17,2027-01-09,,,,,,
royal_mail_international_tracked_extra_compensation_large_letter,International Tracked Extra Compensation Large Letter,OTB,01,tracked:b2c:b2b:extra_compensation,World Zone 1,,0.001,750,500,750.001,353,250,25,20.95,20.95,world_zone_1,,,True,GBP,G,MM,7,False,True,250,largeLetter,Royal Mail public online Click & Drop rate; no discounts on account/contract terms,https://www.royalmail.com/sending/international/international-tracked,2026-04-07,verified public online price 2026-05-15,12,,0.07,2026-11-17,2027-01-09,,,,,,
royal_mail_international_tracked_extra_compensation_large_letter,International Tracked Extra Compensation Large Letter,OTB,01,tracked:b2c:b2b:extra_compensation,World Zone 2,AU:PW:IO:CX:CC:CK:FJ:PF:TF:KI:MO:NR:NC:NZ:AQ:NU:NF:BV:PG:LA:PN:SG:SB:TK:TO:TV:AS:WS,0.001,750,0,100.001,353,250,25,14.40,14.40,world_zone_2,,,True,GBP,G,MM,7,False,True,250,largeLetter,Royal Mail public online Click & Drop rate; no discounts on account/contract terms,https://www.royalmail.com/sending/international/international-tracked,2026-04-07,verified public online price 2026-05-15,12,,0.07,2026-11-17,2027-01-09,,,,,,
royal_mail_international_tracked_extra_compensation_large_letter,International Tracked Extra Compensation Large Letter,OTB,01,tracked:b2c:b2b:extra_compensation,World Zone 2,AU:PW:IO:CX:CC:CK:FJ:PF:TF:KI:MO:NR:NC:NZ:AQ:NU:NF:BV:PG:LA:PN:SG:SB:TK:TO:TV:AS:WS,0.001,750,100,250.001,353,250,25,16.35,16.35,world_zone_2,,,True,GBP,G,MM,7,False,True,250,largeLetter,Royal Mail public online Click & Drop rate; no discounts on account/contract terms,https://www.royalmail.com/sending/international/international-tracked,2026-04-07,verified public online price 2026-05-15,12,,0.07,2026-11-17,2027-01-09,,,,,,
royal_mail_international_tracked_extra_compensation_large_letter,International Tracked Extra Compensation Large Letter,OTB,01,tracked:b2c:b2b:extra_compensation,World Zone 2,AU:PW:IO:CX:CC:CK:FJ:PF:TF:KI:MO:NR:NC:NZ:AQ:NU:NF:BV:PG:LA:PN:SG:SB:TK:TO:TV:AS:WS,0.001,750,250,500.001,353,250,25,18.75,18.75,world_zone_2,,,True,GBP,G,MM,7,False,True,250,largeLetter,Royal Mail public online Click & Drop rate; no discounts on account/contract terms,https://www.royalmail.com/sending/international/international-tracked,2026-04-07,verified public online price 2026-05-15,12,,0.07,2026-11-17,2027-01-09,,,,,,
royal_mail_international_tracked_extra_compensation_large_letter,International Tracked Extra Compensation Large Letter,OTB,01,tracked:b2c:b2b:extra_compensation,World Zone 2,AU:PW:IO:CX:CC:CK:FJ:PF:TF:KI:MO:NR:NC:NZ:AQ:NU:NF:BV:PG:LA:PN:SG:SB:TK:TO:TV:AS:WS,0.001,750,500,750.001,353,250,25,23.05,23.05,world_zone_2,,,True,GBP,G,MM,7,False,True,250,largeLetter,Royal Mail public online Click & Drop rate; no discounts on account/contract terms,https://www.royalmail.com/sending/international/international-tracked,2026-04-07,verified public online price 2026-05-15,12,,0.07,2026-11-17,2027-01-09,,,,,,
royal_mail_international_tracked_extra_compensation_large_letter,International Tracked Extra Compensation Large Letter,OTB,01,tracked:b2c:b2b:extra_compensation,World Zone 3,US,0.001,750,0,100.001,353,250,25,14.00,14.00,world_zone_3,,,True,GBP,G,MM,7,False,True,250,largeLetter,Royal Mail public online Click & Drop rate; no discounts on account/contract terms,https://www.royalmail.com/sending/international/international-tracked,2026-04-07,verified public online price 2026-05-15,12,,0.07,2026-11-17,2027-01-09,,,,,,
royal_mail_international_tracked_extra_compensation_large_letter,International Tracked Extra Compensation Large Letter,OTB,01,tracked:b2c:b2b:extra_compensation,World Zone 3,US,0.001,750,100,250.001,353,250,25,15.15,15.15,world_zone_3,,,True,GBP,G,MM,7,False,True,250,largeLetter,Royal Mail public online Click & Drop rate; no discounts on account/contract terms,https://www.royalmail.com/sending/international/international-tracked,2026-04-07,verified public online price 2026-05-15,12,,0.07,2026-11-17,2027-01-09,,,,,,
royal_mail_international_tracked_extra_compensation_large_letter,International Tracked Extra Compensation Large Letter,OTB,01,tracked:b2c:b2b:extra_compensation,World Zone 3,US,0.001,750,250,500.001,353,250,25,17.30,17.30,world_zone_3,,,True,GBP,G,MM,7,False,True,250,largeLetter,Royal Mail public online Click & Drop rate; no discounts on account/contract terms,https://www.royalmail.com/sending/international/international-tracked,2026-04-07,verified public online price 2026-05-15,12,,0.07,2026-11-17,2027-01-09,,,,,,
royal_mail_international_tracked_extra_compensation_large_letter,International Tracked Extra Compensation Large Letter,OTB,01,tracked:b2c:b2b:extra_compensation,World Zone 3,US,0.001,750,500,750.001,353,250,25,19.75,19.75,world_zone_3,,,True,GBP,G,MM,7,False,True,250,largeLetter,Royal Mail public online Click & Drop rate; no discounts on account/contract terms,https://www.royalmail.com/sending/international/international-tracked,2026-04-07,verified public online price 2026-05-15,12,,0.07,2026-11-17,2027-01-09,,,,,,
royal_mail_international_tracked_extra_compensation_small_parcel,International Tracked Extra Compensation Small Parcel,OTB,01,tracked:b2c:b2b:extra_compensation,France,FR,0.001,2000,0,250.001,600,600,600,13.00,13.00,europe_zone_1,,,True,GBP,G,MM,7,False,True,250,smallParcel,Royal Mail public online Click & Drop rate; no discounts on account/contract terms,https://www.royalmail.com/sending/international/international-tracked,2026-04-07,verified public online price 2026-05-15,12,,0.12,2026-11-17,2027-01-09,,,,,,
royal_mail_international_tracked_extra_compensation_small_parcel,International Tracked Extra Compensation Small Parcel,OTB,01,tracked:b2c:b2b:extra_compensation,France,FR,0.001,2000,250,500.001,600,600,600,13.95,13.95,europe_zone_1,,,True,GBP,G,MM,7,False,True,250,smallParcel,Royal Mail public online Click & Drop rate; no discounts on account/contract terms,https://www.royalmail.com/sending/international/international-tracked,2026-04-07,verified public online price 2026-05-15,12,,0.12,2026-11-17,2027-01-09,,,,,,
royal_mail_international_tracked_extra_compensation_small_parcel,International Tracked Extra Compensation Small Parcel,OTB,01,tracked:b2c:b2b:extra_compensation,France,FR,0.001,2000,500,750.001,600,600,600,14.20,14.20,europe_zone_1,,,True,GBP,G,MM,7,False,True,250,smallParcel,Royal Mail public online Click & Drop rate; no discounts on account/contract terms,https://www.royalmail.com/sending/international/international-tracked,2026-04-07,verified public online price 2026-05-15,12,,0.12,2026-11-17,2027-01-09,,,,,,
royal_mail_international_tracked_extra_compensation_small_parcel,International Tracked Extra Compensation Small Parcel,OTB,01,tracked:b2c:b2b:extra_compensation,France,FR,0.001,2000,750,1000.001,600,600,600,14.25,14.25,europe_zone_1,,,True,GBP,G,MM,7,False,True,250,smallParcel,Royal Mail public online Click & Drop rate; no discounts on account/contract terms,https://www.royalmail.com/sending/international/international-tracked,2026-04-07,verified public online price 2026-05-15,12,,0.12,2026-11-17,2027-01-09,,,,,,
royal_mail_international_tracked_extra_compensation_small_parcel,International Tracked Extra Compensation Small Parcel,OTB,01,tracked:b2c:b2b:extra_compensation,France,FR,0.001,2000,1000,1250.001,600,600,600,14.25,14.25,europe_zone_1,,,True,GBP,G,MM,7,False,True,250,smallParcel,Royal Mail public online Click & Drop rate; no discounts on account/contract terms,https://www.royalmail.com/sending/international/international-tracked,2026-04-07,verified public online price 2026-05-15,12,,0.12,2026-11-17,2027-01-09,,,,,,
royal_mail_international_tracked_extra_compensation_small_parcel,International Tracked Extra Compensation Small Parcel,OTB,01,tracked:b2c:b2b:extra_compensation,France,FR,0.001,2000,1250,1500.001,600,600,600,14.25,14.25,europe_zone_1,,,True,GBP,G,MM,7,False,True,250,smallParcel,Royal Mail public online Click & Drop rate; no discounts on account/contract terms,https://www.royalmail.com/sending/international/international-tracked,2026-04-07,verified public online price 2026-05-15,12,,0.12,2026-11-17,2027-01-09,,,,,,
royal_mail_international_tracked_extra_compensation_small_parcel,International Tracked Extra Compensation Small Parcel,OTB,01,tracked:b2c:b2b:extra_compensation,France,FR,0.001,2000,1500,2000.001,600,600,600,14.25,14.25,europe_zone_1,,,True,GBP,G,MM,7,False,True,250,smallParcel,Royal Mail public online Click & Drop rate; no discounts on account/contract terms,https://www.royalmail.com/sending/international/international-tracked,2026-04-07,verified public online price 2026-05-15,12,,0.12,2026-11-17,2027-01-09,,,,,,
royal_mail_international_tracked_extra_compensation_small_parcel,International Tracked Extra Compensation Small Parcel,OTB,01,tracked:b2c:b2b:extra_compensation,Germany,DE,0.001,2000,0,250.001,600,600,600,11.25,11.25,europe_zone_1,,,True,GBP,G,MM,7,False,True,250,smallParcel,Royal Mail public online Click & Drop rate; no discounts on account/contract terms,https://www.royalmail.com/sending/international/international-tracked,2026-04-07,verified public online price 2026-05-15,12,,0.12,2026-11-17,2027-01-09,,,,,,
royal_mail_international_tracked_extra_compensation_small_parcel,International Tracked Extra Compensation Small Parcel,OTB,01,tracked:b2c:b2b:extra_compensation,Germany,DE,0.001,2000,250,500.001,600,600,600,12.50,12.50,europe_zone_1,,,True,GBP,G,MM,7,False,True,250,smallParcel,Royal Mail public online Click & Drop rate; no discounts on account/contract terms,https://www.royalmail.com/sending/international/international-tracked,2026-04-07,verified public online price 2026-05-15,12,,0.12,2026-11-17,2027-01-09,,,,,,
royal_mail_international_tracked_extra_compensation_small_parcel,International Tracked Extra Compensation Small Parcel,OTB,01,tracked:b2c:b2b:extra_compensation,Germany,DE,0.001,2000,500,750.001,600,600,600,13.05,13.05,europe_zone_1,,,True,GBP,G,MM,7,False,True,250,smallParcel,Royal Mail public online Click & Drop rate; no discounts on account/contract terms,https://www.royalmail.com/sending/international/international-tracked,2026-04-07,verified public online price 2026-05-15,12,,0.12,2026-11-17,2027-01-09,,,,,,
royal_mail_international_tracked_extra_compensation_small_parcel,International Tracked Extra Compensation Small Parcel,OTB,01,tracked:b2c:b2b:extra_compensation,Germany,DE,0.001,2000,750,1000.001,600,600,600,13.05,13.05,europe_zone_1,,,True,GBP,G,MM,7,False,True,250,smallParcel,Royal Mail public online Click & Drop rate; no discounts on account/contract terms,https://www.royalmail.com/sending/international/international-tracked,2026-04-07,verified public online price 2026-05-15,12,,0.12,2026-11-17,2027-01-09,,,,,,
royal_mail_international_tracked_extra_compensation_small_parcel,International Tracked Extra Compensation Small Parcel,OTB,01,tracked:b2c:b2b:extra_compensation,Germany,DE,0.001,2000,1000,1250.001,600,600,600,13.05,13.05,europe_zone_1,,,True,GBP,G,MM,7,False,True,250,smallParcel,Royal Mail public online Click & Drop rate; no discounts on account/contract terms,https://www.royalmail.com/sending/international/international-tracked,2026-04-07,verified public online price 2026-05-15,12,,0.12,2026-11-17,2027-01-09,,,,,,
royal_mail_international_tracked_extra_compensation_small_parcel,International Tracked Extra Compensation Small Parcel,OTB,01,tracked:b2c:b2b:extra_compensation,Germany,DE,0.001,2000,1250,1500.001,600,600,600,13.05,13.05,europe_zone_1,,,True,GBP,G,MM,7,False,True,250,smallParcel,Royal Mail public online Click & Drop rate; no discounts on account/contract terms,https://www.royalmail.com/sending/international/international-tracked,2026-04-07,verified public online price 2026-05-15,12,,0.12,2026-11-17,2027-01-09,,,,,,
royal_mail_international_tracked_extra_compensation_small_parcel,International Tracked Extra Compensation Small Parcel,OTB,01,tracked:b2c:b2b:extra_compensation,Germany,DE,0.001,2000,1500,2000.001,600,600,600,13.05,13.05,europe_zone_1,,,True,GBP,G,MM,7,False,True,250,smallParcel,Royal Mail public online Click & Drop rate; no discounts on account/contract terms,https://www.royalmail.com/sending/international/international-tracked,2026-04-07,verified public online price 2026-05-15,12,,0.12,2026-11-17,2027-01-09,,,,,,
royal_mail_international_tracked_extra_compensation_small_parcel,International Tracked Extra Compensation Small Parcel,OTB,01,tracked:b2c:b2b:extra_compensation,Ireland,IE,0.001,2000,0,250.001,600,600,600,11.90,11.90,europe_zone_1,,,True,GBP,G,MM,7,False,True,250,smallParcel,Royal Mail public online Click & Drop rate; no discounts on account/contract terms,https://www.royalmail.com/sending/international/international-tracked,2026-04-07,verified public online price 2026-05-15,12,,0.12,2026-11-17,2027-01-09,,,,,,
royal_mail_international_tracked_extra_compensation_small_parcel,International Tracked Extra Compensation Small Parcel,OTB,01,tracked:b2c:b2b:extra_compensation,Ireland,IE,0.001,2000,250,500.001,600,600,600,11.90,11.90,europe_zone_1,,,True,GBP,G,MM,7,False,True,250,smallParcel,Royal Mail public online Click & Drop rate; no discounts on account/contract terms,https://www.royalmail.com/sending/international/international-tracked,2026-04-07,verified public online price 2026-05-15,12,,0.12,2026-11-17,2027-01-09,,,,,,
royal_mail_international_tracked_extra_compensation_small_parcel,International Tracked Extra Compensation Small Parcel,OTB,01,tracked:b2c:b2b:extra_compensation,Ireland,IE,0.001,2000,500,750.001,600,600,600,11.90,11.90,europe_zone_1,,,True,GBP,G,MM,7,False,True,250,smallParcel,Royal Mail public online Click & Drop rate; no discounts on account/contract terms,https://www.royalmail.com/sending/international/international-tracked,2026-04-07,verified public online price 2026-05-15,12,,0.12,2026-11-17,2027-01-09,,,,,,
royal_mail_international_tracked_extra_compensation_small_parcel,International Tracked Extra Compensation Small Parcel,OTB,01,tracked:b2c:b2b:extra_compensation,Ireland,IE,0.001,2000,750,1000.001,600,600,600,11.90,11.90,europe_zone_1,,,True,GBP,G,MM,7,False,True,250,smallParcel,Royal Mail public online Click & Drop rate; no discounts on account/contract terms,https://www.royalmail.com/sending/international/international-tracked,2026-04-07,verified public online price 2026-05-15,12,,0.12,2026-11-17,2027-01-09,,,,,,
royal_mail_international_tracked_extra_compensation_small_parcel,International Tracked Extra Compensation Small Parcel,OTB,01,tracked:b2c:b2b:extra_compensation,Ireland,IE,0.001,2000,1000,1250.001,600,600,600,13.40,13.40,europe_zone_1,,,True,GBP,G,MM,7,False,True,250,smallParcel,Royal Mail public online Click & Drop rate; no discounts on account/contract terms,https://www.royalmail.com/sending/international/international-tracked,2026-04-07,verified public online price 2026-05-15,12,,0.12,2026-11-17,2027-01-09,,,,,,
royal_mail_international_tracked_extra_compensation_small_parcel,International Tracked Extra Compensation Small Parcel,OTB,01,tracked:b2c:b2b:extra_compensation,Ireland,IE,0.001,2000,1250,1500.001,600,600,600,13.40,13.40,europe_zone_1,,,True,GBP,G,MM,7,False,True,250,smallParcel,Royal Mail public online Click & Drop rate; no discounts on account/contract terms,https://www.royalmail.com/sending/international/international-tracked,2026-04-07,verified public online price 2026-05-15,12,,0.12,2026-11-17,2027-01-09,,,,,,
royal_mail_international_tracked_extra_compensation_small_parcel,International Tracked Extra Compensation Small Parcel,OTB,01,tracked:b2c:b2b:extra_compensation,Ireland,IE,0.001,2000,1500,2000.001,600,600,600,13.40,13.40,europe_zone_1,,,True,GBP,G,MM,7,False,True,250,smallParcel,Royal Mail public online Click & Drop rate; no discounts on account/contract terms,https://www.royalmail.com/sending/international/international-tracked,2026-04-07,verified public online price 2026-05-15,12,,0.12,2026-11-17,2027-01-09,,,,,,
royal_mail_international_tracked_extra_compensation_small_parcel,International Tracked Extra Compensation Small Parcel,OTB,01,tracked:b2c:b2b:extra_compensation,Rest of Europe Zone 1,DK:MC,0.001,2000,0,250.001,600,600,600,12.05,12.05,europe_zone_1,,,True,GBP,G,MM,7,False,True,250,smallParcel,Royal Mail public online Click & Drop rate; no discounts on account/contract terms,https://www.royalmail.com/sending/international/international-tracked,2026-04-07,verified public online price 2026-05-15,12,,0.12,2026-11-17,2027-01-09,,,,,,
royal_mail_international_tracked_extra_compensation_small_parcel,International Tracked Extra Compensation Small Parcel,OTB,01,tracked:b2c:b2b:extra_compensation,Rest of Europe Zone 1,DK:MC,0.001,2000,250,500.001,600,600,600,13.15,13.15,europe_zone_1,,,True,GBP,G,MM,7,False,True,250,smallParcel,Royal Mail public online Click & Drop rate; no discounts on account/contract terms,https://www.royalmail.com/sending/international/international-tracked,2026-04-07,verified public online price 2026-05-15,12,,0.12,2026-11-17,2027-01-09,,,,,,
royal_mail_international_tracked_extra_compensation_small_parcel,International Tracked Extra Compensation Small Parcel,OTB,01,tracked:b2c:b2b:extra_compensation,Rest of Europe Zone 1,DK:MC,0.001,2000,500,750.001,600,600,600,13.80,13.80,europe_zone_1,,,True,GBP,G,MM,7,False,True,250,smallParcel,Royal Mail public online Click & Drop rate; no discounts on account/contract terms,https://www.royalmail.com/sending/international/international-tracked,2026-04-07,verified public online price 2026-05-15,12,,0.12,2026-11-17,2027-01-09,,,,,,
royal_mail_international_tracked_extra_compensation_small_parcel,International Tracked Extra Compensation Small Parcel,OTB,01,tracked:b2c:b2b:extra_compensation,Rest of Europe Zone 1,DK:MC,0.001,2000,750,1000.001,600,600,600,14.05,14.05,europe_zone_1,,,True,GBP,G,MM,7,False,True,250,smallParcel,Royal Mail public online Click & Drop rate; no discounts on account/contract terms,https://www.royalmail.com/sending/international/international-tracked,2026-04-07,verified public online price 2026-05-15,12,,0.12,2026-11-17,2027-01-09,,,,,,
royal_mail_international_tracked_extra_compensation_small_parcel,International Tracked Extra Compensation Small Parcel,OTB,01,tracked:b2c:b2b:extra_compensation,Rest of Europe Zone 1,DK:MC,0.001,2000,1000,1250.001,600,600,600,14.90,14.90,europe_zone_1,,,True,GBP,G,MM,7,False,True,250,smallParcel,Royal Mail public online Click & Drop rate; no discounts on account/contract terms,https://www.royalmail.com/sending/international/international-tracked,2026-04-07,verified public online price 2026-05-15,12,,0.12,2026-11-17,2027-01-09,,,,,,
royal_mail_international_tracked_extra_compensation_small_parcel,International Tracked Extra Compensation Small Parcel,OTB,01,tracked:b2c:b2b:extra_compensation,Rest of Europe Zone 1,DK:MC,0.001,2000,1250,1500.001,600,600,600,14.90,14.90,europe_zone_1,,,True,GBP,G,MM,7,False,True,250,smallParcel,Royal Mail public online Click & Drop rate; no discounts on account/contract terms,https://www.royalmail.com/sending/international/international-tracked,2026-04-07,verified public online price 2026-05-15,12,,0.12,2026-11-17,2027-01-09,,,,,,
royal_mail_international_tracked_extra_compensation_small_parcel,International Tracked Extra Compensation Small Parcel,OTB,01,tracked:b2c:b2b:extra_compensation,Rest of Europe Zone 1,DK:MC,0.001,2000,1500,2000.001,600,600,600,15.10,15.10,europe_zone_1,,,True,GBP,G,MM,7,False,True,250,smallParcel,Royal Mail public online Click & Drop rate; no discounts on account/contract terms,https://www.royalmail.com/sending/international/international-tracked,2026-04-07,verified public online price 2026-05-15,12,,0.12,2026-11-17,2027-01-09,,,,,,
royal_mail_international_tracked_extra_compensation_small_parcel,International Tracked Extra Compensation Small Parcel,OTB,01,tracked:b2c:b2b:extra_compensation,Belgium,BE,0.001,2000,0,250.001,600,600,600,12.75,12.75,europe_zone_2,,,True,GBP,G,MM,7,False,True,250,smallParcel,Royal Mail public online Click & Drop rate; no discounts on account/contract terms,https://www.royalmail.com/sending/international/international-tracked,2026-04-07,verified public online price 2026-05-15,12,,0.12,2026-11-17,2027-01-09,,,,,,
royal_mail_international_tracked_extra_compensation_small_parcel,International Tracked Extra Compensation Small Parcel,OTB,01,tracked:b2c:b2b:extra_compensation,Belgium,BE,0.001,2000,250,500.001,600,600,600,13.70,13.70,europe_zone_2,,,True,GBP,G,MM,7,False,True,250,smallParcel,Royal Mail public online Click & Drop rate; no discounts on account/contract terms,https://www.royalmail.com/sending/international/international-tracked,2026-04-07,verified public online price 2026-05-15,12,,0.12,2026-11-17,2027-01-09,,,,,,
royal_mail_international_tracked_extra_compensation_small_parcel,International Tracked Extra Compensation Small Parcel,OTB,01,tracked:b2c:b2b:extra_compensation,Belgium,BE,0.001,2000,500,750.001,600,600,600,14.25,14.25,europe_zone_2,,,True,GBP,G,MM,7,False,True,250,smallParcel,Royal Mail public online Click & Drop rate; no discounts on account/contract terms,https://www.royalmail.com/sending/international/international-tracked,2026-04-07,verified public online price 2026-05-15,12,,0.12,2026-11-17,2027-01-09,,,,,,
royal_mail_international_tracked_extra_compensation_small_parcel,International Tracked Extra Compensation Small Parcel,OTB,01,tracked:b2c:b2b:extra_compensation,Belgium,BE,0.001,2000,750,1000.001,600,600,600,15.00,15.00,europe_zone_2,,,True,GBP,G,MM,7,False,True,250,smallParcel,Royal Mail public online Click & Drop rate; no discounts on account/contract terms,https://www.royalmail.com/sending/international/international-tracked,2026-04-07,verified public online price 2026-05-15,12,,0.12,2026-11-17,2027-01-09,,,,,,
royal_mail_international_tracked_extra_compensation_small_parcel,International Tracked Extra Compensation Small Parcel,OTB,01,tracked:b2c:b2b:extra_compensation,Belgium,BE,0.001,2000,1000,1250.001,600,600,600,15.40,15.40,europe_zone_2,,,True,GBP,G,MM,7,False,True,250,smallParcel,Royal Mail public online Click & Drop rate; no discounts on account/contract terms,https://www.royalmail.com/sending/international/international-tracked,2026-04-07,verified public online price 2026-05-15,12,,0.12,2026-11-17,2027-01-09,,,,,,
royal_mail_international_tracked_extra_compensation_small_parcel,International Tracked Extra Compensation Small Parcel,OTB,01,tracked:b2c:b2b:extra_compensation,Belgium,BE,0.001,2000,1250,1500.001,600,600,600,15.40,15.40,europe_zone_2,,,True,GBP,G,MM,7,False,True,250,smallParcel,Royal Mail public online Click & Drop rate; no discounts on account/contract terms,https://www.royalmail.com/sending/international/international-tracked,2026-04-07,verified public online price 2026-05-15,12,,0.12,2026-11-17,2027-01-09,,,,,,
royal_mail_international_tracked_extra_compensation_small_parcel,International Tracked Extra Compensation Small Parcel,OTB,01,tracked:b2c:b2b:extra_compensation,Belgium,BE,0.001,2000,1500,2000.001,600,600,600,16.10,16.10,europe_zone_2,,,True,GBP,G,MM,7,False,True,250,smallParcel,Royal Mail public online Click & Drop rate; no discounts on account/contract terms,https://www.royalmail.com/sending/international/international-tracked,2026-04-07,verified public online price 2026-05-15,12,,0.12,2026-11-17,2027-01-09,,,,,,
royal_mail_international_tracked_extra_compensation_small_parcel,International Tracked Extra Compensation Small Parcel,OTB,01,tracked:b2c:b2b:extra_compensation,Italy,IT,0.001,2000,0,250.001,600,600,600,12.75,12.75,europe_zone_2,,,True,GBP,G,MM,7,False,True,250,smallParcel,Royal Mail public online Click & Drop rate; no discounts on account/contract terms,https://www.royalmail.com/sending/international/international-tracked,2026-04-07,verified public online price 2026-05-15,12,,0.12,2026-11-17,2027-01-09,,,,,,
royal_mail_international_tracked_extra_compensation_small_parcel,International Tracked Extra Compensation Small Parcel,OTB,01,tracked:b2c:b2b:extra_compensation,Italy,IT,0.001,2000,250,500.001,600,600,600,13.70,13.70,europe_zone_2,,,True,GBP,G,MM,7,False,True,250,smallParcel,Royal Mail public online Click & Drop rate; no discounts on account/contract terms,https://www.royalmail.com/sending/international/international-tracked,2026-04-07,verified public online price 2026-05-15,12,,0.12,2026-11-17,2027-01-09,,,,,,
royal_mail_international_tracked_extra_compensation_small_parcel,International Tracked Extra Compensation Small Parcel,OTB,01,tracked:b2c:b2b:extra_compensation,Italy,IT,0.001,2000,500,750.001,600,600,600,14.25,14.25,europe_zone_2,,,True,GBP,G,MM,7,False,True,250,smallParcel,Royal Mail public online Click & Drop rate; no discounts on account/contract terms,https://www.royalmail.com/sending/international/international-tracked,2026-04-07,verified public online price 2026-05-15,12,,0.12,2026-11-17,2027-01-09,,,,,,
royal_mail_international_tracked_extra_compensation_small_parcel,International Tracked Extra Compensation Small Parcel,OTB,01,tracked:b2c:b2b:extra_compensation,Italy,IT,0.001,2000,750,1000.001,600,600,600,15.00,15.00,europe_zone_2,,,True,GBP,G,MM,7,False,True,250,smallParcel,Royal Mail public online Click & Drop rate; no discounts on account/contract terms,https://www.royalmail.com/sending/international/international-tracked,2026-04-07,verified public online price 2026-05-15,12,,0.12,2026-11-17,2027-01-09,,,,,,
royal_mail_international_tracked_extra_compensation_small_parcel,International Tracked Extra Compensation Small Parcel,OTB,01,tracked:b2c:b2b:extra_compensation,Italy,IT,0.001,2000,1000,1250.001,600,600,600,15.40,15.40,europe_zone_2,,,True,GBP,G,MM,7,False,True,250,smallParcel,Royal Mail public online Click & Drop rate; no discounts on account/contract terms,https://www.royalmail.com/sending/international/international-tracked,2026-04-07,verified public online price 2026-05-15,12,,0.12,2026-11-17,2027-01-09,,,,,,
royal_mail_international_tracked_extra_compensation_small_parcel,International Tracked Extra Compensation Small Parcel,OTB,01,tracked:b2c:b2b:extra_compensation,Italy,IT,0.001,2000,1250,1500.001,600,600,600,15.40,15.40,europe_zone_2,,,True,GBP,G,MM,7,False,True,250,smallParcel,Royal Mail public online Click & Drop rate; no discounts on account/contract terms,https://www.royalmail.com/sending/international/international-tracked,2026-04-07,verified public online price 2026-05-15,12,,0.12,2026-11-17,2027-01-09,,,,,,
royal_mail_international_tracked_extra_compensation_small_parcel,International Tracked Extra Compensation Small Parcel,OTB,01,tracked:b2c:b2b:extra_compensation,Italy,IT,0.001,2000,1500,2000.001,600,600,600,16.10,16.10,europe_zone_2,,,True,GBP,G,MM,7,False,True,250,smallParcel,Royal Mail public online Click & Drop rate; no discounts on account/contract terms,https://www.royalmail.com/sending/international/international-tracked,2026-04-07,verified public online price 2026-05-15,12,,0.12,2026-11-17,2027-01-09,,,,,,
royal_mail_international_tracked_extra_compensation_small_parcel,International Tracked Extra Compensation Small Parcel,OTB,01,tracked:b2c:b2b:extra_compensation,Netherlands,NL,0.001,2000,0,250.001,600,600,600,12.30,12.30,europe_zone_2,,,True,GBP,G,MM,7,False,True,250,smallParcel,Royal Mail public online Click & Drop rate; no discounts on account/contract terms,https://www.royalmail.com/sending/international/international-tracked,2026-04-07,verified public online price 2026-05-15,12,,0.12,2026-11-17,2027-01-09,,,,,,
royal_mail_international_tracked_extra_compensation_small_parcel,International Tracked Extra Compensation Small Parcel,OTB,01,tracked:b2c:b2b:extra_compensation,Netherlands,NL,0.001,2000,250,500.001,600,600,600,13.20,13.20,europe_zone_2,,,True,GBP,G,MM,7,False,True,250,smallParcel,Royal Mail public online Click & Drop rate; no discounts on account/contract terms,https://www.royalmail.com/sending/international/international-tracked,2026-04-07,verified public online price 2026-05-15,12,,0.12,2026-11-17,2027-01-09,,,,,,
royal_mail_international_tracked_extra_compensation_small_parcel,International Tracked Extra Compensation Small Parcel,OTB,01,tracked:b2c:b2b:extra_compensation,Netherlands,NL,0.001,2000,500,750.001,600,600,600,13.75,13.75,europe_zone_2,,,True,GBP,G,MM,7,False,True,250,smallParcel,Royal Mail public online Click & Drop rate; no discounts on account/contract terms,https://www.royalmail.com/sending/international/international-tracked,2026-04-07,verified public online price 2026-05-15,12,,0.12,2026-11-17,2027-01-09,,,,,,
royal_mail_international_tracked_extra_compensation_small_parcel,International Tracked Extra Compensation Small Parcel,OTB,01,tracked:b2c:b2b:extra_compensation,Netherlands,NL,0.001,2000,750,1000.001,600,600,600,13.95,13.95,europe_zone_2,,,True,GBP,G,MM,7,False,True,250,smallParcel,Royal Mail public online Click & Drop rate; no discounts on account/contract terms,https://www.royalmail.com/sending/international/international-tracked,2026-04-07,verified public online price 2026-05-15,12,,0.12,2026-11-17,2027-01-09,,,,,,
royal_mail_international_tracked_extra_compensation_small_parcel,International Tracked Extra Compensation Small Parcel,OTB,01,tracked:b2c:b2b:extra_compensation,Netherlands,NL,0.001,2000,1000,1250.001,600,600,600,14.35,14.35,europe_zone_2,,,True,GBP,G,MM,7,False,True,250,smallParcel,Royal Mail public online Click & Drop rate; no discounts on account/contract terms,https://www.royalmail.com/sending/international/international-tracked,2026-04-07,verified public online price 2026-05-15,12,,0.12,2026-11-17,2027-01-09,,,,,,
royal_mail_international_tracked_extra_compensation_small_parcel,International Tracked Extra Compensation Small Parcel,OTB,01,tracked:b2c:b2b:extra_compensation,Netherlands,NL,0.001,2000,1250,1500.001,600,600,600,14.35,14.35,europe_zone_2,,,True,GBP,G,MM,7,False,True,250,smallParcel,Royal Mail public online Click & Drop rate; no discounts on account/contract terms,https://www.royalmail.com/sending/international/international-tracked,2026-04-07,verified public online price 2026-05-15,12,,0.12,2026-11-17,2027-01-09,,,,,,
royal_mail_international_tracked_extra_compensation_small_parcel,International Tracked Extra Compensation Small Parcel,OTB,01,tracked:b2c:b2b:extra_compensation,Netherlands,NL,0.001,2000,1500,2000.001,600,600,600,15.00,15.00,europe_zone_2,,,True,GBP,G,MM,7,False,True,250,smallParcel,Royal Mail public online Click & Drop rate; no discounts on account/contract terms,https://www.royalmail.com/sending/international/international-tracked,2026-04-07,verified public online price 2026-05-15,12,,0.12,2026-11-17,2027-01-09,,,,,,
royal_mail_international_tracked_extra_compensation_small_parcel,International Tracked Extra Compensation Small Parcel,OTB,01,tracked:b2c:b2b:extra_compensation,Poland,PL,0.001,2000,0,250.001,600,600,600,12.95,12.95,europe_zone_2,,,True,GBP,G,MM,7,False,True,250,smallParcel,Royal Mail public online Click & Drop rate; no discounts on account/contract terms,https://www.royalmail.com/sending/international/international-tracked,2026-04-07,verified public online price 2026-05-15,12,,0.12,2026-11-17,2027-01-09,,,,,,
royal_mail_international_tracked_extra_compensation_small_parcel,International Tracked Extra Compensation Small Parcel,OTB,01,tracked:b2c:b2b:extra_compensation,Poland,PL,0.001,2000,250,500.001,600,600,600,13.80,13.80,europe_zone_2,,,True,GBP,G,MM,7,False,True,250,smallParcel,Royal Mail public online Click & Drop rate; no discounts on account/contract terms,https://www.royalmail.com/sending/international/international-tracked,2026-04-07,verified public online price 2026-05-15,12,,0.12,2026-11-17,2027-01-09,,,,,,
royal_mail_international_tracked_extra_compensation_small_parcel,International Tracked Extra Compensation Small Parcel,OTB,01,tracked:b2c:b2b:extra_compensation,Poland,PL,0.001,2000,500,750.001,600,600,600,14.40,14.40,europe_zone_2,,,True,GBP,G,MM,7,False,True,250,smallParcel,Royal Mail public online Click & Drop rate; no discounts on account/contract terms,https://www.royalmail.com/sending/international/international-tracked,2026-04-07,verified public online price 2026-05-15,12,,0.12,2026-11-17,2027-01-09,,,,,,
royal_mail_international_tracked_extra_compensation_small_parcel,International Tracked Extra Compensation Small Parcel,OTB,01,tracked:b2c:b2b:extra_compensation,Poland,PL,0.001,2000,750,1000.001,600,600,600,15.10,15.10,europe_zone_2,,,True,GBP,G,MM,7,False,True,250,smallParcel,Royal Mail public online Click & Drop rate; no discounts on account/contract terms,https://www.royalmail.com/sending/international/international-tracked,2026-04-07,verified public online price 2026-05-15,12,,0.12,2026-11-17,2027-01-09,,,,,,
royal_mail_international_tracked_extra_compensation_small_parcel,International Tracked Extra Compensation Small Parcel,OTB,01,tracked:b2c:b2b:extra_compensation,Poland,PL,0.001,2000,1000,1250.001,600,600,600,15.55,15.55,europe_zone_2,,,True,GBP,G,MM,7,False,True,250,smallParcel,Royal Mail public online Click & Drop rate; no discounts on account/contract terms,https://www.royalmail.com/sending/international/international-tracked,2026-04-07,verified public online price 2026-05-15,12,,0.12,2026-11-17,2027-01-09,,,,,,
royal_mail_international_tracked_extra_compensation_small_parcel,International Tracked Extra Compensation Small Parcel,OTB,01,tracked:b2c:b2b:extra_compensation,Poland,PL,0.001,2000,1250,1500.001,600,600,600,15.55,15.55,europe_zone_2,,,True,GBP,G,MM,7,False,True,250,smallParcel,Royal Mail public online Click & Drop rate; no discounts on account/contract terms,https://www.royalmail.com/sending/international/international-tracked,2026-04-07,verified public online price 2026-05-15,12,,0.12,2026-11-17,2027-01-09,,,,,,
royal_mail_international_tracked_extra_compensation_small_parcel,International Tracked Extra Compensation Small Parcel,OTB,01,tracked:b2c:b2b:extra_compensation,Poland,PL,0.001,2000,1500,2000.001,600,600,600,16.25,16.25,europe_zone_2,,,True,GBP,G,MM,7,False,True,250,smallParcel,Royal Mail public online Click & Drop rate; no discounts on account/contract terms,https://www.royalmail.com/sending/international/international-tracked,2026-04-07,verified public online price 2026-05-15,12,,0.12,2026-11-17,2027-01-09,,,,,,
royal_mail_international_tracked_extra_compensation_small_parcel,International Tracked Extra Compensation Small Parcel,OTB,01,tracked:b2c:b2b:extra_compensation,Romania,RO,0.001,2000,0,250.001,600,600,600,17.25,17.25,europe_zone_2,,,True,GBP,G,MM,7,False,True,250,smallParcel,Royal Mail public online Click & Drop rate; no discounts on account/contract terms,https://www.royalmail.com/sending/international/international-tracked,2026-04-07,verified public online price 2026-05-15,12,,0.12,2026-11-17,2027-01-09,,,,,,
royal_mail_international_tracked_extra_compensation_small_parcel,International Tracked Extra Compensation Small Parcel,OTB,01,tracked:b2c:b2b:extra_compensation,Romania,RO,0.001,2000,250,500.001,600,600,600,18.10,18.10,europe_zone_2,,,True,GBP,G,MM,7,False,True,250,smallParcel,Royal Mail public online Click & Drop rate; no discounts on account/contract terms,https://www.royalmail.com/sending/international/international-tracked,2026-04-07,verified public online price 2026-05-15,12,,0.12,2026-11-17,2027-01-09,,,,,,
royal_mail_international_tracked_extra_compensation_small_parcel,International Tracked Extra Compensation Small Parcel,OTB,01,tracked:b2c:b2b:extra_compensation,Romania,RO,0.001,2000,500,750.001,600,600,600,18.70,18.70,europe_zone_2,,,True,GBP,G,MM,7,False,True,250,smallParcel,Royal Mail public online Click & Drop rate; no discounts on account/contract terms,https://www.royalmail.com/sending/international/international-tracked,2026-04-07,verified public online price 2026-05-15,12,,0.12,2026-11-17,2027-01-09,,,,,,
royal_mail_international_tracked_extra_compensation_small_parcel,International Tracked Extra Compensation Small Parcel,OTB,01,tracked:b2c:b2b:extra_compensation,Romania,RO,0.001,2000,750,1000.001,600,600,600,19.40,19.40,europe_zone_2,,,True,GBP,G,MM,7,False,True,250,smallParcel,Royal Mail public online Click & Drop rate; no discounts on account/contract terms,https://www.royalmail.com/sending/international/international-tracked,2026-04-07,verified public online price 2026-05-15,12,,0.12,2026-11-17,2027-01-09,,,,,,
royal_mail_international_tracked_extra_compensation_small_parcel,International Tracked Extra Compensation Small Parcel,OTB,01,tracked:b2c:b2b:extra_compensation,Romania,RO,0.001,2000,1000,1250.001,600,600,600,19.85,19.85,europe_zone_2,,,True,GBP,G,MM,7,False,True,250,smallParcel,Royal Mail public online Click & Drop rate; no discounts on account/contract terms,https://www.royalmail.com/sending/international/international-tracked,2026-04-07,verified public online price 2026-05-15,12,,0.12,2026-11-17,2027-01-09,,,,,,
royal_mail_international_tracked_extra_compensation_small_parcel,International Tracked Extra Compensation Small Parcel,OTB,01,tracked:b2c:b2b:extra_compensation,Romania,RO,0.001,2000,1250,1500.001,600,600,600,19.85,19.85,europe_zone_2,,,True,GBP,G,MM,7,False,True,250,smallParcel,Royal Mail public online Click & Drop rate; no discounts on account/contract terms,https://www.royalmail.com/sending/international/international-tracked,2026-04-07,verified public online price 2026-05-15,12,,0.12,2026-11-17,2027-01-09,,,,,,
royal_mail_international_tracked_extra_compensation_small_parcel,International Tracked Extra Compensation Small Parcel,OTB,01,tracked:b2c:b2b:extra_compensation,Romania,RO,0.001,2000,1500,2000.001,600,600,600,20.55,20.55,europe_zone_2,,,True,GBP,G,MM,7,False,True,250,smallParcel,Royal Mail public online Click & Drop rate; no discounts on account/contract terms,https://www.royalmail.com/sending/international/international-tracked,2026-04-07,verified public online price 2026-05-15,12,,0.12,2026-11-17,2027-01-09,,,,,,
royal_mail_international_tracked_extra_compensation_small_parcel,International Tracked Extra Compensation Small Parcel,OTB,01,tracked:b2c:b2b:extra_compensation,Spain,ES,0.001,2000,0,250.001,600,600,600,12.70,12.70,europe_zone_2,,,True,GBP,G,MM,7,False,True,250,smallParcel,Royal Mail public online Click & Drop rate; no discounts on account/contract terms,https://www.royalmail.com/sending/international/international-tracked,2026-04-07,verified public online price 2026-05-15,12,,0.12,2026-11-17,2027-01-09,,,,,,
royal_mail_international_tracked_extra_compensation_small_parcel,International Tracked Extra Compensation Small Parcel,OTB,01,tracked:b2c:b2b:extra_compensation,Spain,ES,0.001,2000,250,500.001,600,600,600,13.30,13.30,europe_zone_2,,,True,GBP,G,MM,7,False,True,250,smallParcel,Royal Mail public online Click & Drop rate; no discounts on account/contract terms,https://www.royalmail.com/sending/international/international-tracked,2026-04-07,verified public online price 2026-05-15,12,,0.12,2026-11-17,2027-01-09,,,,,,
royal_mail_international_tracked_extra_compensation_small_parcel,International Tracked Extra Compensation Small Parcel,OTB,01,tracked:b2c:b2b:extra_compensation,Spain,ES,0.001,2000,500,750.001,600,600,600,13.85,13.85,europe_zone_2,,,True,GBP,G,MM,7,False,True,250,smallParcel,Royal Mail public online Click & Drop rate; no discounts on account/contract terms,https://www.royalmail.com/sending/international/international-tracked,2026-04-07,verified public online price 2026-05-15,12,,0.12,2026-11-17,2027-01-09,,,,,,
royal_mail_international_tracked_extra_compensation_small_parcel,International Tracked Extra Compensation Small Parcel,OTB,01,tracked:b2c:b2b:extra_compensation,Spain,ES,0.001,2000,750,1000.001,600,600,600,14.50,14.50,europe_zone_2,,,True,GBP,G,MM,7,False,True,250,smallParcel,Royal Mail public online Click & Drop rate; no discounts on account/contract terms,https://www.royalmail.com/sending/international/international-tracked,2026-04-07,verified public online price 2026-05-15,12,,0.12,2026-11-17,2027-01-09,,,,,,
royal_mail_international_tracked_extra_compensation_small_parcel,International Tracked Extra Compensation Small Parcel,OTB,01,tracked:b2c:b2b:extra_compensation,Spain,ES,0.001,2000,1000,1250.001,600,600,600,14.95,14.95,europe_zone_2,,,True,GBP,G,MM,7,False,True,250,smallParcel,Royal Mail public online Click & Drop rate; no discounts on account/contract terms,https://www.royalmail.com/sending/international/international-tracked,2026-04-07,verified public online price 2026-05-15,12,,0.12,2026-11-17,2027-01-09,,,,,,
royal_mail_international_tracked_extra_compensation_small_parcel,International Tracked Extra Compensation Small Parcel,OTB,01,tracked:b2c:b2b:extra_compensation,Spain,ES,0.001,2000,1250,1500.001,600,600,600,14.95,14.95,europe_zone_2,,,True,GBP,G,MM,7,False,True,250,smallParcel,Royal Mail public online Click & Drop rate; no discounts on account/contract terms,https://www.royalmail.com/sending/international/international-tracked,2026-04-07,verified public online price 2026-05-15,12,,0.12,2026-11-17,2027-01-09,,,,,,
royal_mail_international_tracked_extra_compensation_small_parcel,International Tracked Extra Compensation Small Parcel,OTB,01,tracked:b2c:b2b:extra_compensation,Spain,ES,0.001,2000,1500,2000.001,600,600,600,15.60,15.60,europe_zone_2,,,True,GBP,G,MM,7,False,True,250,smallParcel,Royal Mail public online Click & Drop rate; no discounts on account/contract terms,https://www.royalmail.com/sending/international/international-tracked,2026-04-07,verified public online price 2026-05-15,12,,0.12,2026-11-17,2027-01-09,,,,,,
royal_mail_international_tracked_extra_compensation_small_parcel,International Tracked Extra Compensation Small Parcel,OTB,01,tracked:b2c:b2b:extra_compensation,Sweden,SE,0.001,2000,0,250.001,600,600,600,12.75,12.75,europe_zone_2,,,True,GBP,G,MM,7,False,True,250,smallParcel,Royal Mail public online Click & Drop rate; no discounts on account/contract terms,https://www.royalmail.com/sending/international/international-tracked,2026-04-07,verified public online price 2026-05-15,12,,0.12,2026-11-17,2027-01-09,,,,,,
royal_mail_international_tracked_extra_compensation_small_parcel,International Tracked Extra Compensation Small Parcel,OTB,01,tracked:b2c:b2b:extra_compensation,Sweden,SE,0.001,2000,250,500.001,600,600,600,13.70,13.70,europe_zone_2,,,True,GBP,G,MM,7,False,True,250,smallParcel,Royal Mail public online Click & Drop rate; no discounts on account/contract terms,https://www.royalmail.com/sending/international/international-tracked,2026-04-07,verified public online price 2026-05-15,12,,0.12,2026-11-17,2027-01-09,,,,,,
royal_mail_international_tracked_extra_compensation_small_parcel,International Tracked Extra Compensation Small Parcel,OTB,01,tracked:b2c:b2b:extra_compensation,Sweden,SE,0.001,2000,500,750.001,600,600,600,14.25,14.25,europe_zone_2,,,True,GBP,G,MM,7,False,True,250,smallParcel,Royal Mail public online Click & Drop rate; no discounts on account/contract terms,https://www.royalmail.com/sending/international/international-tracked,2026-04-07,verified public online price 2026-05-15,12,,0.12,2026-11-17,2027-01-09,,,,,,
royal_mail_international_tracked_extra_compensation_small_parcel,International Tracked Extra Compensation Small Parcel,OTB,01,tracked:b2c:b2b:extra_compensation,Sweden,SE,0.001,2000,750,1000.001,600,600,600,15.00,15.00,europe_zone_2,,,True,GBP,G,MM,7,False,True,250,smallParcel,Royal Mail public online Click & Drop rate; no discounts on account/contract terms,https://www.royalmail.com/sending/international/international-tracked,2026-04-07,verified public online price 2026-05-15,12,,0.12,2026-11-17,2027-01-09,,,,,,
royal_mail_international_tracked_extra_compensation_small_parcel,International Tracked Extra Compensation Small Parcel,OTB,01,tracked:b2c:b2b:extra_compensation,Sweden,SE,0.001,2000,1000,1250.001,600,600,600,15.40,15.40,europe_zone_2,,,True,GBP,G,MM,7,False,True,250,smallParcel,Royal Mail public online Click & Drop rate; no discounts on account/contract terms,https://www.royalmail.com/sending/international/international-tracked,2026-04-07,verified public online price 2026-05-15,12,,0.12,2026-11-17,2027-01-09,,,,,,
royal_mail_international_tracked_extra_compensation_small_parcel,International Tracked Extra Compensation Small Parcel,OTB,01,tracked:b2c:b2b:extra_compensation,Sweden,SE,0.001,2000,1250,1500.001,600,600,600,15.40,15.40,europe_zone_2,,,True,GBP,G,MM,7,False,True,250,smallParcel,Royal Mail public online Click & Drop rate; no discounts on account/contract terms,https://www.royalmail.com/sending/international/international-tracked,2026-04-07,verified public online price 2026-05-15,12,,0.12,2026-11-17,2027-01-09,,,,,,
royal_mail_international_tracked_extra_compensation_small_parcel,International Tracked Extra Compensation Small Parcel,OTB,01,tracked:b2c:b2b:extra_compensation,Sweden,SE,0.001,2000,1500,2000.001,600,600,600,16.10,16.10,europe_zone_2,,,True,GBP,G,MM,7,False,True,250,smallParcel,Royal Mail public online Click & Drop rate; no discounts on account/contract terms,https://www.royalmail.com/sending/international/international-tracked,2026-04-07,verified public online price 2026-05-15,12,,0.12,2026-11-17,2027-01-09,,,,,,
royal_mail_international_tracked_extra_compensation_small_parcel,International Tracked Extra Compensation Small Parcel,OTB,01,tracked:b2c:b2b:extra_compensation,Rest of Europe Zone 2,AT:LV:PT:LT:LU:BG:MT:HR:CY:CZ:SK:EE:SI:FI:GR:HU,0.001,2000,0,250.001,600,600,600,12.95,12.95,europe_zone_2,,,True,GBP,G,MM,7,False,True,250,smallParcel,Royal Mail public online Click & Drop rate; no discounts on account/contract terms,https://www.royalmail.com/sending/international/international-tracked,2026-04-07,verified public online price 2026-05-15,12,,0.12,2026-11-17,2027-01-09,,,,,,
royal_mail_international_tracked_extra_compensation_small_parcel,International Tracked Extra Compensation Small Parcel,OTB,01,tracked:b2c:b2b:extra_compensation,Rest of Europe Zone 2,AT:LV:PT:LT:LU:BG:MT:HR:CY:CZ:SK:EE:SI:FI:GR:HU,0.001,2000,250,500.001,600,600,600,13.80,13.80,europe_zone_2,,,True,GBP,G,MM,7,False,True,250,smallParcel,Royal Mail public online Click & Drop rate; no discounts on account/contract terms,https://www.royalmail.com/sending/international/international-tracked,2026-04-07,verified public online price 2026-05-15,12,,0.12,2026-11-17,2027-01-09,,,,,,
royal_mail_international_tracked_extra_compensation_small_parcel,International Tracked Extra Compensation Small Parcel,OTB,01,tracked:b2c:b2b:extra_compensation,Rest of Europe Zone 2,AT:LV:PT:LT:LU:BG:MT:HR:CY:CZ:SK:EE:SI:FI:GR:HU,0.001,2000,500,750.001,600,600,600,14.55,14.55,europe_zone_2,,,True,GBP,G,MM,7,False,True,250,smallParcel,Royal Mail public online Click & Drop rate; no discounts on account/contract terms,https://www.royalmail.com/sending/international/international-tracked,2026-04-07,verified public online price 2026-05-15,12,,0.12,2026-11-17,2027-01-09,,,,,,
royal_mail_international_tracked_extra_compensation_small_parcel,International Tracked Extra Compensation Small Parcel,OTB,01,tracked:b2c:b2b:extra_compensation,Rest of Europe Zone 2,AT:LV:PT:LT:LU:BG:MT:HR:CY:CZ:SK:EE:SI:FI:GR:HU,0.001,2000,750,1000.001,600,600,600,15.20,15.20,europe_zone_2,,,True,GBP,G,MM,7,False,True,250,smallParcel,Royal Mail public online Click & Drop rate; no discounts on account/contract terms,https://www.royalmail.com/sending/international/international-tracked,2026-04-07,verified public online price 2026-05-15,12,,0.12,2026-11-17,2027-01-09,,,,,,
royal_mail_international_tracked_extra_compensation_small_parcel,International Tracked Extra Compensation Small Parcel,OTB,01,tracked:b2c:b2b:extra_compensation,Rest of Europe Zone 2,AT:LV:PT:LT:LU:BG:MT:HR:CY:CZ:SK:EE:SI:FI:GR:HU,0.001,2000,1000,1250.001,600,600,600,15.55,15.55,europe_zone_2,,,True,GBP,G,MM,7,False,True,250,smallParcel,Royal Mail public online Click & Drop rate; no discounts on account/contract terms,https://www.royalmail.com/sending/international/international-tracked,2026-04-07,verified public online price 2026-05-15,12,,0.12,2026-11-17,2027-01-09,,,,,,
royal_mail_international_tracked_extra_compensation_small_parcel,International Tracked Extra Compensation Small Parcel,OTB,01,tracked:b2c:b2b:extra_compensation,Rest of Europe Zone 2,AT:LV:PT:LT:LU:BG:MT:HR:CY:CZ:SK:EE:SI:FI:GR:HU,0.001,2000,1250,1500.001,600,600,600,15.55,15.55,europe_zone_2,,,True,GBP,G,MM,7,False,True,250,smallParcel,Royal Mail public online Click & Drop rate; no discounts on account/contract terms,https://www.royalmail.com/sending/international/international-tracked,2026-04-07,verified public online price 2026-05-15,12,,0.12,2026-11-17,2027-01-09,,,,,,
royal_mail_international_tracked_extra_compensation_small_parcel,International Tracked Extra Compensation Small Parcel,OTB,01,tracked:b2c:b2b:extra_compensation,Rest of Europe Zone 2,AT:LV:PT:LT:LU:BG:MT:HR:CY:CZ:SK:EE:SI:FI:GR:HU,0.001,2000,1500,2000.001,600,600,600,16.25,16.25,europe_zone_2,,,True,GBP,G,MM,7,False,True,250,smallParcel,Royal Mail public online Click & Drop rate; no discounts on account/contract terms,https://www.royalmail.com/sending/international/international-tracked,2026-04-07,verified public online price 2026-05-15,12,,0.12,2026-11-17,2027-01-09,,,,,,
royal_mail_international_tracked_extra_compensation_small_parcel,International Tracked Extra Compensation Small Parcel,OTB,01,tracked:b2c:b2b:extra_compensation,Norway,NO:SJ,0.001,2000,0,250.001,600,600,600,14.00,14.00,europe_zone_3,,,True,GBP,G,MM,7,False,True,250,smallParcel,Royal Mail public online Click & Drop rate; no discounts on account/contract terms,https://www.royalmail.com/sending/international/international-tracked,2026-04-07,verified public online price 2026-05-15,12,,0.12,2026-11-17,2027-01-09,,,,,,
royal_mail_international_tracked_extra_compensation_small_parcel,International Tracked Extra Compensation Small Parcel,OTB,01,tracked:b2c:b2b:extra_compensation,Norway,NO:SJ,0.001,2000,250,500.001,600,600,600,15.60,15.60,europe_zone_3,,,True,GBP,G,MM,7,False,True,250,smallParcel,Royal Mail public online Click & Drop rate; no discounts on account/contract terms,https://www.royalmail.com/sending/international/international-tracked,2026-04-07,verified public online price 2026-05-15,12,,0.12,2026-11-17,2027-01-09,,,,,,
royal_mail_international_tracked_extra_compensation_small_parcel,International Tracked Extra Compensation Small Parcel,OTB,01,tracked:b2c:b2b:extra_compensation,Norway,NO:SJ,0.001,2000,500,750.001,600,600,600,16.15,16.15,europe_zone_3,,,True,GBP,G,MM,7,False,True,250,smallParcel,Royal Mail public online Click & Drop rate; no discounts on account/contract terms,https://www.royalmail.com/sending/international/international-tracked,2026-04-07,verified public online price 2026-05-15,12,,0.12,2026-11-17,2027-01-09,,,,,,
royal_mail_international_tracked_extra_compensation_small_parcel,International Tracked Extra Compensation Small Parcel,OTB,01,tracked:b2c:b2b:extra_compensation,Norway,NO:SJ,0.001,2000,750,1000.001,600,600,600,17.15,17.15,europe_zone_3,,,True,GBP,G,MM,7,False,True,250,smallParcel,Royal Mail public online Click & Drop rate; no discounts on account/contract terms,https://www.royalmail.com/sending/international/international-tracked,2026-04-07,verified public online price 2026-05-15,12,,0.12,2026-11-17,2027-01-09,,,,,,
royal_mail_international_tracked_extra_compensation_small_parcel,International Tracked Extra Compensation Small Parcel,OTB,01,tracked:b2c:b2b:extra_compensation,Norway,NO:SJ,0.001,2000,1000,1250.001,600,600,600,18.10,18.10,europe_zone_3,,,True,GBP,G,MM,7,False,True,250,smallParcel,Royal Mail public online Click & Drop rate; no discounts on account/contract terms,https://www.royalmail.com/sending/international/international-tracked,2026-04-07,verified public online price 2026-05-15,12,,0.12,2026-11-17,2027-01-09,,,,,,
royal_mail_international_tracked_extra_compensation_small_parcel,International Tracked Extra Compensation Small Parcel,OTB,01,tracked:b2c:b2b:extra_compensation,Norway,NO:SJ,0.001,2000,1250,1500.001,600,600,600,18.70,18.70,europe_zone_3,,,True,GBP,G,MM,7,False,True,250,smallParcel,Royal Mail public online Click & Drop rate; no discounts on account/contract terms,https://www.royalmail.com/sending/international/international-tracked,2026-04-07,verified public online price 2026-05-15,12,,0.12,2026-11-17,2027-01-09,,,,,,
royal_mail_international_tracked_extra_compensation_small_parcel,International Tracked Extra Compensation Small Parcel,OTB,01,tracked:b2c:b2b:extra_compensation,Norway,NO:SJ,0.001,2000,1500,2000.001,600,600,600,19.15,19.15,europe_zone_3,,,True,GBP,G,MM,7,False,True,250,smallParcel,Royal Mail public online Click & Drop rate; no discounts on account/contract terms,https://www.royalmail.com/sending/international/international-tracked,2026-04-07,verified public online price 2026-05-15,12,,0.12,2026-11-17,2027-01-09,,,,,,
royal_mail_international_tracked_extra_compensation_small_parcel,International Tracked Extra Compensation Small Parcel,OTB,01,tracked:b2c:b2b:extra_compensation,Switzerland,CH,0.001,2000,0,250.001,600,600,600,15.05,15.05,europe_zone_3,,,True,GBP,G,MM,7,False,True,250,smallParcel,Royal Mail public online Click & Drop rate; no discounts on account/contract terms,https://www.royalmail.com/sending/international/international-tracked,2026-04-07,verified public online price 2026-05-15,12,,0.12,2026-11-17,2027-01-09,,,,,,
royal_mail_international_tracked_extra_compensation_small_parcel,International Tracked Extra Compensation Small Parcel,OTB,01,tracked:b2c:b2b:extra_compensation,Switzerland,CH,0.001,2000,250,500.001,600,600,600,15.05,15.05,europe_zone_3,,,True,GBP,G,MM,7,False,True,250,smallParcel,Royal Mail public online Click & Drop rate; no discounts on account/contract terms,https://www.royalmail.com/sending/international/international-tracked,2026-04-07,verified public online price 2026-05-15,12,,0.12,2026-11-17,2027-01-09,,,,,,
royal_mail_international_tracked_extra_compensation_small_parcel,International Tracked Extra Compensation Small Parcel,OTB,01,tracked:b2c:b2b:extra_compensation,Switzerland,CH,0.001,2000,500,750.001,600,600,600,15.35,15.35,europe_zone_3,,,True,GBP,G,MM,7,False,True,250,smallParcel,Royal Mail public online Click & Drop rate; no discounts on account/contract terms,https://www.royalmail.com/sending/international/international-tracked,2026-04-07,verified public online price 2026-05-15,12,,0.12,2026-11-17,2027-01-09,,,,,,
royal_mail_international_tracked_extra_compensation_small_parcel,International Tracked Extra Compensation Small Parcel,OTB,01,tracked:b2c:b2b:extra_compensation,Switzerland,CH,0.001,2000,750,1000.001,600,600,600,16.30,16.30,europe_zone_3,,,True,GBP,G,MM,7,False,True,250,smallParcel,Royal Mail public online Click & Drop rate; no discounts on account/contract terms,https://www.royalmail.com/sending/international/international-tracked,2026-04-07,verified public online price 2026-05-15,12,,0.12,2026-11-17,2027-01-09,,,,,,
royal_mail_international_tracked_extra_compensation_small_parcel,International Tracked Extra Compensation Small Parcel,OTB,01,tracked:b2c:b2b:extra_compensation,Switzerland,CH,0.001,2000,1000,1250.001,600,600,600,16.85,16.85,europe_zone_3,,,True,GBP,G,MM,7,False,True,250,smallParcel,Royal Mail public online Click & Drop rate; no discounts on account/contract terms,https://www.royalmail.com/sending/international/international-tracked,2026-04-07,verified public online price 2026-05-15,12,,0.12,2026-11-17,2027-01-09,,,,,,
royal_mail_international_tracked_extra_compensation_small_parcel,International Tracked Extra Compensation Small Parcel,OTB,01,tracked:b2c:b2b:extra_compensation,Switzerland,CH,0.001,2000,1250,1500.001,600,600,600,17.40,17.40,europe_zone_3,,,True,GBP,G,MM,7,False,True,250,smallParcel,Royal Mail public online Click & Drop rate; no discounts on account/contract terms,https://www.royalmail.com/sending/international/international-tracked,2026-04-07,verified public online price 2026-05-15,12,,0.12,2026-11-17,2027-01-09,,,,,,
royal_mail_international_tracked_extra_compensation_small_parcel,International Tracked Extra Compensation Small Parcel,OTB,01,tracked:b2c:b2b:extra_compensation,Switzerland,CH,0.001,2000,1500,2000.001,600,600,600,17.65,17.65,europe_zone_3,,,True,GBP,G,MM,7,False,True,250,smallParcel,Royal Mail public online Click & Drop rate; no discounts on account/contract terms,https://www.royalmail.com/sending/international/international-tracked,2026-04-07,verified public online price 2026-05-15,12,,0.12,2026-11-17,2027-01-09,,,,,,
royal_mail_international_tracked_extra_compensation_small_parcel,International Tracked Extra Compensation Small Parcel,OTB,01,tracked:b2c:b2b:extra_compensation,Turkey,TR,0.001,2000,0,250.001,600,600,600,14.75,14.75,europe_zone_3,,,True,GBP,G,MM,7,False,True,250,smallParcel,Royal Mail public online Click & Drop rate; no discounts on account/contract terms,https://www.royalmail.com/sending/international/international-tracked,2026-04-07,verified public online price 2026-05-15,12,,0.12,2026-11-17,2027-01-09,,,,,,
royal_mail_international_tracked_extra_compensation_small_parcel,International Tracked Extra Compensation Small Parcel,OTB,01,tracked:b2c:b2b:extra_compensation,Turkey,TR,0.001,2000,250,500.001,600,600,600,17.00,17.00,europe_zone_3,,,True,GBP,G,MM,7,False,True,250,smallParcel,Royal Mail public online Click & Drop rate; no discounts on account/contract terms,https://www.royalmail.com/sending/international/international-tracked,2026-04-07,verified public online price 2026-05-15,12,,0.12,2026-11-17,2027-01-09,,,,,,
royal_mail_international_tracked_extra_compensation_small_parcel,International Tracked Extra Compensation Small Parcel,OTB,01,tracked:b2c:b2b:extra_compensation,Turkey,TR,0.001,2000,500,750.001,600,600,600,17.60,17.60,europe_zone_3,,,True,GBP,G,MM,7,False,True,250,smallParcel,Royal Mail public online Click & Drop rate; no discounts on account/contract terms,https://www.royalmail.com/sending/international/international-tracked,2026-04-07,verified public online price 2026-05-15,12,,0.12,2026-11-17,2027-01-09,,,,,,
royal_mail_international_tracked_extra_compensation_small_parcel,International Tracked Extra Compensation Small Parcel,OTB,01,tracked:b2c:b2b:extra_compensation,Turkey,TR,0.001,2000,750,1000.001,600,600,600,18.75,18.75,europe_zone_3,,,True,GBP,G,MM,7,False,True,250,smallParcel,Royal Mail public online Click & Drop rate; no discounts on account/contract terms,https://www.royalmail.com/sending/international/international-tracked,2026-04-07,verified public online price 2026-05-15,12,,0.12,2026-11-17,2027-01-09,,,,,,
royal_mail_international_tracked_extra_compensation_small_parcel,International Tracked Extra Compensation Small Parcel,OTB,01,tracked:b2c:b2b:extra_compensation,Turkey,TR,0.001,2000,1000,1250.001,600,600,600,19.85,19.85,europe_zone_3,,,True,GBP,G,MM,7,False,True,250,smallParcel,Royal Mail public online Click & Drop rate; no discounts on account/contract terms,https://www.royalmail.com/sending/international/international-tracked,2026-04-07,verified public online price 2026-05-15,12,,0.12,2026-11-17,2027-01-09,,,,,,
royal_mail_international_tracked_extra_compensation_small_parcel,International Tracked Extra Compensation Small Parcel,OTB,01,tracked:b2c:b2b:extra_compensation,Turkey,TR,0.001,2000,1250,1500.001,600,600,600,20.55,20.55,europe_zone_3,,,True,GBP,G,MM,7,False,True,250,smallParcel,Royal Mail public online Click & Drop rate; no discounts on account/contract terms,https://www.royalmail.com/sending/international/international-tracked,2026-04-07,verified public online price 2026-05-15,12,,0.12,2026-11-17,2027-01-09,,,,,,
royal_mail_international_tracked_extra_compensation_small_parcel,International Tracked Extra Compensation Small Parcel,OTB,01,tracked:b2c:b2b:extra_compensation,Turkey,TR,0.001,2000,1500,2000.001,600,600,600,21.05,21.05,europe_zone_3,,,True,GBP,G,MM,7,False,True,250,smallParcel,Royal Mail public online Click & Drop rate; no discounts on account/contract terms,https://www.royalmail.com/sending/international/international-tracked,2026-04-07,verified public online price 2026-05-15,12,,0.12,2026-11-17,2027-01-09,,,,,,
royal_mail_international_tracked_extra_compensation_small_parcel,International Tracked Extra Compensation Small Parcel,OTB,01,tracked:b2c:b2b:extra_compensation,Rest of Europe Zone 3,AL:MD:AD:ME:AM:MK:AZ:BY:RU:BA:SM:FO:RS:GE:GI:TJ:GL:IS:TM:KZ:UA:XK:UZ:KG:VA:LI,0.001,2000,0,250.001,600,600,600,15.25,15.25,europe_zone_3,,,True,GBP,G,MM,7,False,True,250,smallParcel,Royal Mail public online Click & Drop rate; no discounts on account/contract terms,https://www.royalmail.com/sending/international/international-tracked,2026-04-07,verified public online price 2026-05-15,12,,0.12,2026-11-17,2027-01-09,,,,,,
royal_mail_international_tracked_extra_compensation_small_parcel,International Tracked Extra Compensation Small Parcel,OTB,01,tracked:b2c:b2b:extra_compensation,Rest of Europe Zone 3,AL:MD:AD:ME:AM:MK:AZ:BY:RU:BA:SM:FO:RS:GE:GI:TJ:GL:IS:TM:KZ:UA:XK:UZ:KG:VA:LI,0.001,2000,250,500.001,600,600,600,17.50,17.50,europe_zone_3,,,True,GBP,G,MM,7,False,True,250,smallParcel,Royal Mail public online Click & Drop rate; no discounts on account/contract terms,https://www.royalmail.com/sending/international/international-tracked,2026-04-07,verified public online price 2026-05-15,12,,0.12,2026-11-17,2027-01-09,,,,,,
royal_mail_international_tracked_extra_compensation_small_parcel,International Tracked Extra Compensation Small Parcel,OTB,01,tracked:b2c:b2b:extra_compensation,Rest of Europe Zone 3,AL:MD:AD:ME:AM:MK:AZ:BY:RU:BA:SM:FO:RS:GE:GI:TJ:GL:IS:TM:KZ:UA:XK:UZ:KG:VA:LI,0.001,2000,500,750.001,600,600,600,18.10,18.10,europe_zone_3,,,True,GBP,G,MM,7,False,True,250,smallParcel,Royal Mail public online Click & Drop rate; no discounts on account/contract terms,https://www.royalmail.com/sending/international/international-tracked,2026-04-07,verified public online price 2026-05-15,12,,0.12,2026-11-17,2027-01-09,,,,,,
royal_mail_international_tracked_extra_compensation_small_parcel,International Tracked Extra Compensation Small Parcel,OTB,01,tracked:b2c:b2b:extra_compensation,Rest of Europe Zone 3,AL:MD:AD:ME:AM:MK:AZ:BY:RU:BA:SM:FO:RS:GE:GI:TJ:GL:IS:TM:KZ:UA:XK:UZ:KG:VA:LI,0.001,2000,750,1000.001,600,600,600,19.25,19.25,europe_zone_3,,,True,GBP,G,MM,7,False,True,250,smallParcel,Royal Mail public online Click & Drop rate; no discounts on account/contract terms,https://www.royalmail.com/sending/international/international-tracked,2026-04-07,verified public online price 2026-05-15,12,,0.12,2026-11-17,2027-01-09,,,,,,
royal_mail_international_tracked_extra_compensation_small_parcel,International Tracked Extra Compensation Small Parcel,OTB,01,tracked:b2c:b2b:extra_compensation,Rest of Europe Zone 3,AL:MD:AD:ME:AM:MK:AZ:BY:RU:BA:SM:FO:RS:GE:GI:TJ:GL:IS:TM:KZ:UA:XK:UZ:KG:VA:LI,0.001,2000,1000,1250.001,600,600,600,20.35,20.35,europe_zone_3,,,True,GBP,G,MM,7,False,True,250,smallParcel,Royal Mail public online Click & Drop rate; no discounts on account/contract terms,https://www.royalmail.com/sending/international/international-tracked,2026-04-07,verified public online price 2026-05-15,12,,0.12,2026-11-17,2027-01-09,,,,,,
royal_mail_international_tracked_extra_compensation_small_parcel,International Tracked Extra Compensation Small Parcel,OTB,01,tracked:b2c:b2b:extra_compensation,Rest of Europe Zone 3,AL:MD:AD:ME:AM:MK:AZ:BY:RU:BA:SM:FO:RS:GE:GI:TJ:GL:IS:TM:KZ:UA:XK:UZ:KG:VA:LI,0.001,2000,1250,1500.001,600,600,600,21.05,21.05,europe_zone_3,,,True,GBP,G,MM,7,False,True,250,smallParcel,Royal Mail public online Click & Drop rate; no discounts on account/contract terms,https://www.royalmail.com/sending/international/international-tracked,2026-04-07,verified public online price 2026-05-15,12,,0.12,2026-11-17,2027-01-09,,,,,,
royal_mail_international_tracked_extra_compensation_small_parcel,International Tracked Extra Compensation Small Parcel,OTB,01,tracked:b2c:b2b:extra_compensation,Rest of Europe Zone 3,AL:MD:AD:ME:AM:MK:AZ:BY:RU:BA:SM:FO:RS:GE:GI:TJ:GL:IS:TM:KZ:UA:XK:UZ:KG:VA:LI,0.001,2000,1500,2000.001,600,600,600,21.55,21.55,europe_zone_3,,,True,GBP,G,MM,7,False,True,250,smallParcel,Royal Mail public online Click & Drop rate; no discounts on account/contract terms,https://www.royalmail.com/sending/international/international-tracked,2026-04-07,verified public online price 2026-05-15,12,,0.12,2026-11-17,2027-01-09,,,,,,
royal_mail_international_tracked_extra_compensation_small_parcel,International Tracked Extra Compensation Small Parcel,OTB,01,tracked:b2c:b2b:extra_compensation,USA,US,0.001,2000,0,250.001,600,600,600,15.27,15.27,world_zone_3,,,True,GBP,G,MM,7,False,True,250,smallParcel,Royal Mail public online Click & Drop rate; no discounts on account/contract terms,https://www.royalmail.com/sending/international/international-tracked,2026-04-07,verified public online price 2026-05-15,12,,0.12,2026-11-17,2027-01-09,,,,,,
royal_mail_international_tracked_extra_compensation_small_parcel,International Tracked Extra Compensation Small Parcel,OTB,01,tracked:b2c:b2b:extra_compensation,USA,US,0.001,2000,250,500.001,600,600,600,17.35,17.35,world_zone_3,,,True,GBP,G,MM,7,False,True,250,smallParcel,Royal Mail public online Click & Drop rate; no discounts on account/contract terms,https://www.royalmail.com/sending/international/international-tracked,2026-04-07,verified public online price 2026-05-15,12,,0.12,2026-11-17,2027-01-09,,,,,,
royal_mail_international_tracked_extra_compensation_small_parcel,International Tracked Extra Compensation Small Parcel,OTB,01,tracked:b2c:b2b:extra_compensation,USA,US,0.001,2000,500,750.001,600,600,600,20.63,20.63,world_zone_3,,,True,GBP,G,MM,7,False,True,250,smallParcel,Royal Mail public online Click & Drop rate; no discounts on account/contract terms,https://www.royalmail.com/sending/international/international-tracked,2026-04-07,verified public online price 2026-05-15,12,,0.12,2026-11-17,2027-01-09,,,,,,
royal_mail_international_tracked_extra_compensation_small_parcel,International Tracked Extra Compensation Small Parcel,OTB,01,tracked:b2c:b2b:extra_compensation,USA,US,0.001,2000,750,1000.001,600,600,600,20.63,20.63,world_zone_3,,,True,GBP,G,MM,7,False,True,250,smallParcel,Royal Mail public online Click & Drop rate; no discounts on account/contract terms,https://www.royalmail.com/sending/international/international-tracked,2026-04-07,verified public online price 2026-05-15,12,,0.12,2026-11-17,2027-01-09,,,,,,
royal_mail_international_tracked_extra_compensation_small_parcel,International Tracked Extra Compensation Small Parcel,OTB,01,tracked:b2c:b2b:extra_compensation,USA,US,0.001,2000,1000,1250.001,600,600,600,23.30,23.30,world_zone_3,,,True,GBP,G,MM,7,False,True,250,smallParcel,Royal Mail public online Click & Drop rate; no discounts on account/contract terms,https://www.royalmail.com/sending/international/international-tracked,2026-04-07,verified public online price 2026-05-15,12,,0.12,2026-11-17,2027-01-09,,,,,,
royal_mail_international_tracked_extra_compensation_small_parcel,International Tracked Extra Compensation Small Parcel,OTB,01,tracked:b2c:b2b:extra_compensation,USA,US,0.001,2000,1250,1500.001,600,600,600,23.30,23.30,world_zone_3,,,True,GBP,G,MM,7,False,True,250,smallParcel,Royal Mail public online Click & Drop rate; no discounts on account/contract terms,https://www.royalmail.com/sending/international/international-tracked,2026-04-07,verified public online price 2026-05-15,12,,0.12,2026-11-17,2027-01-09,,,,,,
royal_mail_international_tracked_extra_compensation_small_parcel,International Tracked Extra Compensation Small Parcel,OTB,01,tracked:b2c:b2b:extra_compensation,USA,US,0.001,2000,1500,2000.001,600,600,600,23.30,23.30,world_zone_3,,,True,GBP,G,MM,7,False,True,250,smallParcel,Royal Mail public online Click & Drop rate; no discounts on account/contract terms,https://www.royalmail.com/sending/international/international-tracked,2026-04-07,verified public online price 2026-05-15,12,,0.12,2026-11-17,2027-01-09,,,,,,
royal_mail_international_tracked_extra_compensation_small_parcel,International Tracked Extra Compensation Small Parcel,OTB,01,tracked:b2c:b2b:extra_compensation,Brazil,BR,0.001,2000,0,250.001,600,600,600,15.40,15.40,world_zone_1,,,True,GBP,G,MM,7,False,True,250,smallParcel,Royal Mail public online Click & Drop rate; no discounts on account/contract terms,https://www.royalmail.com/sending/international/international-tracked,2026-04-07,verified public online price 2026-05-15,12,,0.12,2026-11-17,2027-01-09,,,,,,
royal_mail_international_tracked_extra_compensation_small_parcel,International Tracked Extra Compensation Small Parcel,OTB,01,tracked:b2c:b2b:extra_compensation,Brazil,BR,0.001,2000,250,500.001,600,600,600,18.70,18.70,world_zone_1,,,True,GBP,G,MM,7,False,True,250,smallParcel,Royal Mail public online Click & Drop rate; no discounts on account/contract terms,https://www.royalmail.com/sending/international/international-tracked,2026-04-07,verified public online price 2026-05-15,12,,0.12,2026-11-17,2027-01-09,,,,,,
royal_mail_international_tracked_extra_compensation_small_parcel,International Tracked Extra Compensation Small Parcel,OTB,01,tracked:b2c:b2b:extra_compensation,Brazil,BR,0.001,2000,500,750.001,600,600,600,22.30,22.30,world_zone_1,,,True,GBP,G,MM,7,False,True,250,smallParcel,Royal Mail public online Click & Drop rate; no discounts on account/contract terms,https://www.royalmail.com/sending/international/international-tracked,2026-04-07,verified public online price 2026-05-15,12,,0.12,2026-11-17,2027-01-09,,,,,,
royal_mail_international_tracked_extra_compensation_small_parcel,International Tracked Extra Compensation Small Parcel,OTB,01,tracked:b2c:b2b:extra_compensation,Brazil,BR,0.001,2000,750,1000.001,600,600,600,25.40,25.40,world_zone_1,,,True,GBP,G,MM,7,False,True,250,smallParcel,Royal Mail public online Click & Drop rate; no discounts on account/contract terms,https://www.royalmail.com/sending/international/international-tracked,2026-04-07,verified public online price 2026-05-15,12,,0.12,2026-11-17,2027-01-09,,,,,,
royal_mail_international_tracked_extra_compensation_small_parcel,International Tracked Extra Compensation Small Parcel,OTB,01,tracked:b2c:b2b:extra_compensation,Brazil,BR,0.001,2000,1000,1250.001,600,600,600,28.25,28.25,world_zone_1,,,True,GBP,G,MM,7,False,True,250,smallParcel,Royal Mail public online Click & Drop rate; no discounts on account/contract terms,https://www.royalmail.com/sending/international/international-tracked,2026-04-07,verified public online price 2026-05-15,12,,0.12,2026-11-17,2027-01-09,,,,,,
royal_mail_international_tracked_extra_compensation_small_parcel,International Tracked Extra Compensation Small Parcel,OTB,01,tracked:b2c:b2b:extra_compensation,Brazil,BR,0.001,2000,1250,1500.001,600,600,600,29.25,29.25,world_zone_1,,,True,GBP,G,MM,7,False,True,250,smallParcel,Royal Mail public online Click & Drop rate; no discounts on account/contract terms,https://www.royalmail.com/sending/international/international-tracked,2026-04-07,verified public online price 2026-05-15,12,,0.12,2026-11-17,2027-01-09,,,,,,
royal_mail_international_tracked_extra_compensation_small_parcel,International Tracked Extra Compensation Small Parcel,OTB,01,tracked:b2c:b2b:extra_compensation,Brazil,BR,0.001,2000,1500,2000.001,600,600,600,31.15,31.15,world_zone_1,,,True,GBP,G,MM,7,False,True,250,smallParcel,Royal Mail public online Click & Drop rate; no discounts on account/contract terms,https://www.royalmail.com/sending/international/international-tracked,2026-04-07,verified public online price 2026-05-15,12,,0.12,2026-11-17,2027-01-09,,,,,,
royal_mail_international_tracked_extra_compensation_small_parcel,International Tracked Extra Compensation Small Parcel,OTB,01,tracked:b2c:b2b:extra_compensation,Canada,CA,0.001,2000,0,250.001,600,600,600,17.54,17.54,world_zone_1,,,True,GBP,G,MM,7,False,True,250,smallParcel,Royal Mail public online Click & Drop rate; no discounts on account/contract terms,https://www.royalmail.com/sending/international/international-tracked,2026-04-07,verified public online price 2026-05-15,12,,0.12,2026-11-17,2027-01-09,,,,,,
royal_mail_international_tracked_extra_compensation_small_parcel,International Tracked Extra Compensation Small Parcel,OTB,01,tracked:b2c:b2b:extra_compensation,Canada,CA,0.001,2000,250,500.001,600,600,600,17.54,17.54,world_zone_1,,,True,GBP,G,MM,7,False,True,250,smallParcel,Royal Mail public online Click & Drop rate; no discounts on account/contract terms,https://www.royalmail.com/sending/international/international-tracked,2026-04-07,verified public online price 2026-05-15,12,,0.12,2026-11-17,2027-01-09,,,,,,
royal_mail_international_tracked_extra_compensation_small_parcel,International Tracked Extra Compensation Small Parcel,OTB,01,tracked:b2c:b2b:extra_compensation,Canada,CA,0.001,2000,500,750.001,600,600,600,20.11,20.11,world_zone_1,,,True,GBP,G,MM,7,False,True,250,smallParcel,Royal Mail public online Click & Drop rate; no discounts on account/contract terms,https://www.royalmail.com/sending/international/international-tracked,2026-04-07,verified public online price 2026-05-15,12,,0.12,2026-11-17,2027-01-09,,,,,,
royal_mail_international_tracked_extra_compensation_small_parcel,International Tracked Extra Compensation Small Parcel,OTB,01,tracked:b2c:b2b:extra_compensation,Canada,CA,0.001,2000,750,1000.001,600,600,600,23.37,23.37,world_zone_1,,,True,GBP,G,MM,7,False,True,250,smallParcel,Royal Mail public online Click & Drop rate; no discounts on account/contract terms,https://www.royalmail.com/sending/international/international-tracked,2026-04-07,verified public online price 2026-05-15,12,,0.12,2026-11-17,2027-01-09,,,,,,
royal_mail_international_tracked_extra_compensation_small_parcel,International Tracked Extra Compensation Small Parcel,OTB,01,tracked:b2c:b2b:extra_compensation,Canada,CA,0.001,2000,1000,1250.001,600,600,600,26.05,26.05,world_zone_1,,,True,GBP,G,MM,7,False,True,250,smallParcel,Royal Mail public online Click & Drop rate; no discounts on account/contract terms,https://www.royalmail.com/sending/international/international-tracked,2026-04-07,verified public online price 2026-05-15,12,,0.12,2026-11-17,2027-01-09,,,,,,
royal_mail_international_tracked_extra_compensation_small_parcel,International Tracked Extra Compensation Small Parcel,OTB,01,tracked:b2c:b2b:extra_compensation,Canada,CA,0.001,2000,1250,1500.001,600,600,600,27.62,27.62,world_zone_1,,,True,GBP,G,MM,7,False,True,250,smallParcel,Royal Mail public online Click & Drop rate; no discounts on account/contract terms,https://www.royalmail.com/sending/international/international-tracked,2026-04-07,verified public online price 2026-05-15,12,,0.12,2026-11-17,2027-01-09,,,,,,
royal_mail_international_tracked_extra_compensation_small_parcel,International Tracked Extra Compensation Small Parcel,OTB,01,tracked:b2c:b2b:extra_compensation,Canada,CA,0.001,2000,1500,2000.001,600,600,600,27.62,27.62,world_zone_1,,,True,GBP,G,MM,7,False,True,250,smallParcel,Royal Mail public online Click & Drop rate; no discounts on account/contract terms,https://www.royalmail.com/sending/international/international-tracked,2026-04-07,verified public online price 2026-05-15,12,,0.12,2026-11-17,2027-01-09,,,,,,
royal_mail_international_tracked_extra_compensation_small_parcel,International Tracked Extra Compensation Small Parcel,OTB,01,tracked:b2c:b2b:extra_compensation,China,CN,0.001,2000,0,250.001,600,600,600,14.50,14.50,world_zone_1,,,True,GBP,G,MM,7,False,True,250,smallParcel,Royal Mail public online Click & Drop rate; no discounts on account/contract terms,https://www.royalmail.com/sending/international/international-tracked,2026-04-07,verified public online price 2026-05-15,12,,0.12,2026-11-17,2027-01-09,,,,,,
royal_mail_international_tracked_extra_compensation_small_parcel,International Tracked Extra Compensation Small Parcel,OTB,01,tracked:b2c:b2b:extra_compensation,China,CN,0.001,2000,250,500.001,600,600,600,16.25,16.25,world_zone_1,,,True,GBP,G,MM,7,False,True,250,smallParcel,Royal Mail public online Click & Drop rate; no discounts on account/contract terms,https://www.royalmail.com/sending/international/international-tracked,2026-04-07,verified public online price 2026-05-15,12,,0.12,2026-11-17,2027-01-09,,,,,,
royal_mail_international_tracked_extra_compensation_small_parcel,International Tracked Extra Compensation Small Parcel,OTB,01,tracked:b2c:b2b:extra_compensation,China,CN,0.001,2000,500,750.001,600,600,600,16.25,16.25,world_zone_1,,,True,GBP,G,MM,7,False,True,250,smallParcel,Royal Mail public online Click & Drop rate; no discounts on account/contract terms,https://www.royalmail.com/sending/international/international-tracked,2026-04-07,verified public online price 2026-05-15,12,,0.12,2026-11-17,2027-01-09,,,,,,
royal_mail_international_tracked_extra_compensation_small_parcel,International Tracked Extra Compensation Small Parcel,OTB,01,tracked:b2c:b2b:extra_compensation,China,CN,0.001,2000,750,1000.001,600,600,600,16.25,16.25,world_zone_1,,,True,GBP,G,MM,7,False,True,250,smallParcel,Royal Mail public online Click & Drop rate; no discounts on account/contract terms,https://www.royalmail.com/sending/international/international-tracked,2026-04-07,verified public online price 2026-05-15,12,,0.12,2026-11-17,2027-01-09,,,,,,
royal_mail_international_tracked_extra_compensation_small_parcel,International Tracked Extra Compensation Small Parcel,OTB,01,tracked:b2c:b2b:extra_compensation,China,CN,0.001,2000,1000,1250.001,600,600,600,20.85,20.85,world_zone_1,,,True,GBP,G,MM,7,False,True,250,smallParcel,Royal Mail public online Click & Drop rate; no discounts on account/contract terms,https://www.royalmail.com/sending/international/international-tracked,2026-04-07,verified public online price 2026-05-15,12,,0.12,2026-11-17,2027-01-09,,,,,,
royal_mail_international_tracked_extra_compensation_small_parcel,International Tracked Extra Compensation Small Parcel,OTB,01,tracked:b2c:b2b:extra_compensation,China,CN,0.001,2000,1250,1500.001,600,600,600,20.85,20.85,world_zone_1,,,True,GBP,G,MM,7,False,True,250,smallParcel,Royal Mail public online Click & Drop rate; no discounts on account/contract terms,https://www.royalmail.com/sending/international/international-tracked,2026-04-07,verified public online price 2026-05-15,12,,0.12,2026-11-17,2027-01-09,,,,,,
royal_mail_international_tracked_extra_compensation_small_parcel,International Tracked Extra Compensation Small Parcel,OTB,01,tracked:b2c:b2b:extra_compensation,China,CN,0.001,2000,1500,2000.001,600,600,600,20.85,20.85,world_zone_1,,,True,GBP,G,MM,7,False,True,250,smallParcel,Royal Mail public online Click & Drop rate; no discounts on account/contract terms,https://www.royalmail.com/sending/international/international-tracked,2026-04-07,verified public online price 2026-05-15,12,,0.12,2026-11-17,2027-01-09,,,,,,
royal_mail_international_tracked_extra_compensation_small_parcel,International Tracked Extra Compensation Small Parcel,OTB,01,tracked:b2c:b2b:extra_compensation,Hong Kong,HK,0.001,2000,0,250.001,600,600,600,14.65,14.65,world_zone_1,,,True,GBP,G,MM,7,False,True,250,smallParcel,Royal Mail public online Click & Drop rate; no discounts on account/contract terms,https://www.royalmail.com/sending/international/international-tracked,2026-04-07,verified public online price 2026-05-15,12,,0.12,2026-11-17,2027-01-09,,,,,,
royal_mail_international_tracked_extra_compensation_small_parcel,International Tracked Extra Compensation Small Parcel,OTB,01,tracked:b2c:b2b:extra_compensation,Hong Kong,HK,0.001,2000,250,500.001,600,600,600,17.45,17.45,world_zone_1,,,True,GBP,G,MM,7,False,True,250,smallParcel,Royal Mail public online Click & Drop rate; no discounts on account/contract terms,https://www.royalmail.com/sending/international/international-tracked,2026-04-07,verified public online price 2026-05-15,12,,0.12,2026-11-17,2027-01-09,,,,,,
royal_mail_international_tracked_extra_compensation_small_parcel,International Tracked Extra Compensation Small Parcel,OTB,01,tracked:b2c:b2b:extra_compensation,Hong Kong,HK,0.001,2000,500,750.001,600,600,600,20.25,20.25,world_zone_1,,,True,GBP,G,MM,7,False,True,250,smallParcel,Royal Mail public online Click & Drop rate; no discounts on account/contract terms,https://www.royalmail.com/sending/international/international-tracked,2026-04-07,verified public online price 2026-05-15,12,,0.12,2026-11-17,2027-01-09,,,,,,
royal_mail_international_tracked_extra_compensation_small_parcel,International Tracked Extra Compensation Small Parcel,OTB,01,tracked:b2c:b2b:extra_compensation,Hong Kong,HK,0.001,2000,750,1000.001,600,600,600,23.00,23.00,world_zone_1,,,True,GBP,G,MM,7,False,True,250,smallParcel,Royal Mail public online Click & Drop rate; no discounts on account/contract terms,https://www.royalmail.com/sending/international/international-tracked,2026-04-07,verified public online price 2026-05-15,12,,0.12,2026-11-17,2027-01-09,,,,,,
royal_mail_international_tracked_extra_compensation_small_parcel,International Tracked Extra Compensation Small Parcel,OTB,01,tracked:b2c:b2b:extra_compensation,Hong Kong,HK,0.001,2000,1000,1250.001,600,600,600,25.50,25.50,world_zone_1,,,True,GBP,G,MM,7,False,True,250,smallParcel,Royal Mail public online Click & Drop rate; no discounts on account/contract terms,https://www.royalmail.com/sending/international/international-tracked,2026-04-07,verified public online price 2026-05-15,12,,0.12,2026-11-17,2027-01-09,,,,,,
royal_mail_international_tracked_extra_compensation_small_parcel,International Tracked Extra Compensation Small Parcel,OTB,01,tracked:b2c:b2b:extra_compensation,Hong Kong,HK,0.001,2000,1250,1500.001,600,600,600,28.50,28.50,world_zone_1,,,True,GBP,G,MM,7,False,True,250,smallParcel,Royal Mail public online Click & Drop rate; no discounts on account/contract terms,https://www.royalmail.com/sending/international/international-tracked,2026-04-07,verified public online price 2026-05-15,12,,0.12,2026-11-17,2027-01-09,,,,,,
royal_mail_international_tracked_extra_compensation_small_parcel,International Tracked Extra Compensation Small Parcel,OTB,01,tracked:b2c:b2b:extra_compensation,Hong Kong,HK,0.001,2000,1500,2000.001,600,600,600,30.35,30.35,world_zone_1,,,True,GBP,G,MM,7,False,True,250,smallParcel,Royal Mail public online Click & Drop rate; no discounts on account/contract terms,https://www.royalmail.com/sending/international/international-tracked,2026-04-07,verified public online price 2026-05-15,12,,0.12,2026-11-17,2027-01-09,,,,,,
royal_mail_international_tracked_extra_compensation_small_parcel,International Tracked Extra Compensation Small Parcel,OTB,01,tracked:b2c:b2b:extra_compensation,India,IN,0.001,2000,0,250.001,600,600,600,15.60,15.60,world_zone_1,,,True,GBP,G,MM,7,False,True,250,smallParcel,Royal Mail public online Click & Drop rate; no discounts on account/contract terms,https://www.royalmail.com/sending/international/international-tracked,2026-04-07,verified public online price 2026-05-15,12,,0.12,2026-11-17,2027-01-09,,,,,,
royal_mail_international_tracked_extra_compensation_small_parcel,International Tracked Extra Compensation Small Parcel,OTB,01,tracked:b2c:b2b:extra_compensation,India,IN,0.001,2000,250,500.001,600,600,600,18.90,18.90,world_zone_1,,,True,GBP,G,MM,7,False,True,250,smallParcel,Royal Mail public online Click & Drop rate; no discounts on account/contract terms,https://www.royalmail.com/sending/international/international-tracked,2026-04-07,verified public online price 2026-05-15,12,,0.12,2026-11-17,2027-01-09,,,,,,
royal_mail_international_tracked_extra_compensation_small_parcel,International Tracked Extra Compensation Small Parcel,OTB,01,tracked:b2c:b2b:extra_compensation,India,IN,0.001,2000,500,750.001,600,600,600,21.60,21.60,world_zone_1,,,True,GBP,G,MM,7,False,True,250,smallParcel,Royal Mail public online Click & Drop rate; no discounts on account/contract terms,https://www.royalmail.com/sending/international/international-tracked,2026-04-07,verified public online price 2026-05-15,12,,0.12,2026-11-17,2027-01-09,,,,,,
royal_mail_international_tracked_extra_compensation_small_parcel,International Tracked Extra Compensation Small Parcel,OTB,01,tracked:b2c:b2b:extra_compensation,India,IN,0.001,2000,750,1000.001,600,600,600,24.55,24.55,world_zone_1,,,True,GBP,G,MM,7,False,True,250,smallParcel,Royal Mail public online Click & Drop rate; no discounts on account/contract terms,https://www.royalmail.com/sending/international/international-tracked,2026-04-07,verified public online price 2026-05-15,12,,0.12,2026-11-17,2027-01-09,,,,,,
royal_mail_international_tracked_extra_compensation_small_parcel,International Tracked Extra Compensation Small Parcel,OTB,01,tracked:b2c:b2b:extra_compensation,India,IN,0.001,2000,1000,1250.001,600,600,600,27.25,27.25,world_zone_1,,,True,GBP,G,MM,7,False,True,250,smallParcel,Royal Mail public online Click & Drop rate; no discounts on account/contract terms,https://www.royalmail.com/sending/international/international-tracked,2026-04-07,verified public online price 2026-05-15,12,,0.12,2026-11-17,2027-01-09,,,,,,
royal_mail_international_tracked_extra_compensation_small_parcel,International Tracked Extra Compensation Small Parcel,OTB,01,tracked:b2c:b2b:extra_compensation,India,IN,0.001,2000,1250,1500.001,600,600,600,28.20,28.20,world_zone_1,,,True,GBP,G,MM,7,False,True,250,smallParcel,Royal Mail public online Click & Drop rate; no discounts on account/contract terms,https://www.royalmail.com/sending/international/international-tracked,2026-04-07,verified public online price 2026-05-15,12,,0.12,2026-11-17,2027-01-09,,,,,,
royal_mail_international_tracked_extra_compensation_small_parcel,International Tracked Extra Compensation Small Parcel,OTB,01,tracked:b2c:b2b:extra_compensation,India,IN,0.001,2000,1500,2000.001,600,600,600,30.00,30.00,world_zone_1,,,True,GBP,G,MM,7,False,True,250,smallParcel,Royal Mail public online Click & Drop rate; no discounts on account/contract terms,https://www.royalmail.com/sending/international/international-tracked,2026-04-07,verified public online price 2026-05-15,12,,0.12,2026-11-17,2027-01-09,,,,,,
royal_mail_international_tracked_extra_compensation_small_parcel,International Tracked Extra Compensation Small Parcel,OTB,01,tracked:b2c:b2b:extra_compensation,Japan,JP,0.001,2000,0,250.001,600,600,600,15.55,15.55,world_zone_1,,,True,GBP,G,MM,7,False,True,250,smallParcel,Royal Mail public online Click & Drop rate; no discounts on account/contract terms,https://www.royalmail.com/sending/international/international-tracked,2026-04-07,verified public online price 2026-05-15,12,,0.12,2026-11-17,2027-01-09,,,,,,
royal_mail_international_tracked_extra_compensation_small_parcel,International Tracked Extra Compensation Small Parcel,OTB,01,tracked:b2c:b2b:extra_compensation,Japan,JP,0.001,2000,250,500.001,600,600,600,18.80,18.80,world_zone_1,,,True,GBP,G,MM,7,False,True,250,smallParcel,Royal Mail public online Click & Drop rate; no discounts on account/contract terms,https://www.royalmail.com/sending/international/international-tracked,2026-04-07,verified public online price 2026-05-15,12,,0.12,2026-11-17,2027-01-09,,,,,,
royal_mail_international_tracked_extra_compensation_small_parcel,International Tracked Extra Compensation Small Parcel,OTB,01,tracked:b2c:b2b:extra_compensation,Japan,JP,0.001,2000,500,750.001,600,600,600,21.60,21.60,world_zone_1,,,True,GBP,G,MM,7,False,True,250,smallParcel,Royal Mail public online Click & Drop rate; no discounts on account/contract terms,https://www.royalmail.com/sending/international/international-tracked,2026-04-07,verified public online price 2026-05-15,12,,0.12,2026-11-17,2027-01-09,,,,,,
royal_mail_international_tracked_extra_compensation_small_parcel,International Tracked Extra Compensation Small Parcel,OTB,01,tracked:b2c:b2b:extra_compensation,Japan,JP,0.001,2000,750,1000.001,600,600,600,24.55,24.55,world_zone_1,,,True,GBP,G,MM,7,False,True,250,smallParcel,Royal Mail public online Click & Drop rate; no discounts on account/contract terms,https://www.royalmail.com/sending/international/international-tracked,2026-04-07,verified public online price 2026-05-15,12,,0.12,2026-11-17,2027-01-09,,,,,,
royal_mail_international_tracked_extra_compensation_small_parcel,International Tracked Extra Compensation Small Parcel,OTB,01,tracked:b2c:b2b:extra_compensation,Japan,JP,0.001,2000,1000,1250.001,600,600,600,27.25,27.25,world_zone_1,,,True,GBP,G,MM,7,False,True,250,smallParcel,Royal Mail public online Click & Drop rate; no discounts on account/contract terms,https://www.royalmail.com/sending/international/international-tracked,2026-04-07,verified public online price 2026-05-15,12,,0.12,2026-11-17,2027-01-09,,,,,,
royal_mail_international_tracked_extra_compensation_small_parcel,International Tracked Extra Compensation Small Parcel,OTB,01,tracked:b2c:b2b:extra_compensation,Japan,JP,0.001,2000,1250,1500.001,600,600,600,30.20,30.20,world_zone_1,,,True,GBP,G,MM,7,False,True,250,smallParcel,Royal Mail public online Click & Drop rate; no discounts on account/contract terms,https://www.royalmail.com/sending/international/international-tracked,2026-04-07,verified public online price 2026-05-15,12,,0.12,2026-11-17,2027-01-09,,,,,,
royal_mail_international_tracked_extra_compensation_small_parcel,International Tracked Extra Compensation Small Parcel,OTB,01,tracked:b2c:b2b:extra_compensation,Japan,JP,0.001,2000,1500,2000.001,600,600,600,32.20,32.20,world_zone_1,,,True,GBP,G,MM,7,False,True,250,smallParcel,Royal Mail public online Click & Drop rate; no discounts on account/contract terms,https://www.royalmail.com/sending/international/international-tracked,2026-04-07,verified public online price 2026-05-15,12,,0.12,2026-11-17,2027-01-09,,,,,,
royal_mail_international_tracked_extra_compensation_small_parcel,International Tracked Extra Compensation Small Parcel,OTB,01,tracked:b2c:b2b:extra_compensation,Thailand,TH,0.001,2000,0,250.001,600,600,600,16.05,16.05,world_zone_1,,,True,GBP,G,MM,7,False,True,250,smallParcel,Royal Mail public online Click & Drop rate; no discounts on account/contract terms,https://www.royalmail.com/sending/international/international-tracked,2026-04-07,verified public online price 2026-05-15,12,,0.12,2026-11-17,2027-01-09,,,,,,
royal_mail_international_tracked_extra_compensation_small_parcel,International Tracked Extra Compensation Small Parcel,OTB,01,tracked:b2c:b2b:extra_compensation,Thailand,TH,0.001,2000,250,500.001,600,600,600,18.80,18.80,world_zone_1,,,True,GBP,G,MM,7,False,True,250,smallParcel,Royal Mail public online Click & Drop rate; no discounts on account/contract terms,https://www.royalmail.com/sending/international/international-tracked,2026-04-07,verified public online price 2026-05-15,12,,0.12,2026-11-17,2027-01-09,,,,,,
royal_mail_international_tracked_extra_compensation_small_parcel,International Tracked Extra Compensation Small Parcel,OTB,01,tracked:b2c:b2b:extra_compensation,Thailand,TH,0.001,2000,500,750.001,600,600,600,21.35,21.35,world_zone_1,,,True,GBP,G,MM,7,False,True,250,smallParcel,Royal Mail public online Click & Drop rate; no discounts on account/contract terms,https://www.royalmail.com/sending/international/international-tracked,2026-04-07,verified public online price 2026-05-15,12,,0.12,2026-11-17,2027-01-09,,,,,,
royal_mail_international_tracked_extra_compensation_small_parcel,International Tracked Extra Compensation Small Parcel,OTB,01,tracked:b2c:b2b:extra_compensation,Thailand,TH,0.001,2000,750,1000.001,600,600,600,23.20,23.20,world_zone_1,,,True,GBP,G,MM,7,False,True,250,smallParcel,Royal Mail public online Click & Drop rate; no discounts on account/contract terms,https://www.royalmail.com/sending/international/international-tracked,2026-04-07,verified public online price 2026-05-15,12,,0.12,2026-11-17,2027-01-09,,,,,,
royal_mail_international_tracked_extra_compensation_small_parcel,International Tracked Extra Compensation Small Parcel,OTB,01,tracked:b2c:b2b:extra_compensation,Thailand,TH,0.001,2000,1000,1250.001,600,600,600,25.55,25.55,world_zone_1,,,True,GBP,G,MM,7,False,True,250,smallParcel,Royal Mail public online Click & Drop rate; no discounts on account/contract terms,https://www.royalmail.com/sending/international/international-tracked,2026-04-07,verified public online price 2026-05-15,12,,0.12,2026-11-17,2027-01-09,,,,,,
royal_mail_international_tracked_extra_compensation_small_parcel,International Tracked Extra Compensation Small Parcel,OTB,01,tracked:b2c:b2b:extra_compensation,Thailand,TH,0.001,2000,1250,1500.001,600,600,600,27.90,27.90,world_zone_1,,,True,GBP,G,MM,7,False,True,250,smallParcel,Royal Mail public online Click & Drop rate; no discounts on account/contract terms,https://www.royalmail.com/sending/international/international-tracked,2026-04-07,verified public online price 2026-05-15,12,,0.12,2026-11-17,2027-01-09,,,,,,
royal_mail_international_tracked_extra_compensation_small_parcel,International Tracked Extra Compensation Small Parcel,OTB,01,tracked:b2c:b2b:extra_compensation,Thailand,TH,0.001,2000,1500,2000.001,600,600,600,29.70,29.70,world_zone_1,,,True,GBP,G,MM,7,False,True,250,smallParcel,Royal Mail public online Click & Drop rate; no discounts on account/contract terms,https://www.royalmail.com/sending/international/international-tracked,2026-04-07,verified public online price 2026-05-15,12,,0.12,2026-11-17,2027-01-09,,,,,,
royal_mail_international_tracked_extra_compensation_small_parcel,International Tracked Extra Compensation Small Parcel,OTB,01,tracked:b2c:b2b:extra_compensation,Rest of World Zone 1,,0.001,2000,0,250.001,600,600,600,17.50,17.50,world_zone_1,,,True,GBP,G,MM,7,False,True,250,smallParcel,Royal Mail public online Click & Drop rate; no discounts on account/contract terms,https://www.royalmail.com/sending/international/international-tracked,2026-04-07,verified public online price 2026-05-15,12,,0.12,2026-11-17,2027-01-09,,,,,,
royal_mail_international_tracked_extra_compensation_small_parcel,International Tracked Extra Compensation Small Parcel,OTB,01,tracked:b2c:b2b:extra_compensation,Rest of World Zone 1,,0.001,2000,250,500.001,600,600,600,21.25,21.25,world_zone_1,,,True,GBP,G,MM,7,False,True,250,smallParcel,Royal Mail public online Click & Drop rate; no discounts on account/contract terms,https://www.royalmail.com/sending/international/international-tracked,2026-04-07,verified public online price 2026-05-15,12,,0.12,2026-11-17,2027-01-09,,,,,,
royal_mail_international_tracked_extra_compensation_small_parcel,International Tracked Extra Compensation Small Parcel,OTB,01,tracked:b2c:b2b:extra_compensation,Rest of World Zone 1,,0.001,2000,500,750.001,600,600,600,24.35,24.35,world_zone_1,,,True,GBP,G,MM,7,False,True,250,smallParcel,Royal Mail public online Click & Drop rate; no discounts on account/contract terms,https://www.royalmail.com/sending/international/international-tracked,2026-04-07,verified public online price 2026-05-15,12,,0.12,2026-11-17,2027-01-09,,,,,,
royal_mail_international_tracked_extra_compensation_small_parcel,International Tracked Extra Compensation Small Parcel,OTB,01,tracked:b2c:b2b:extra_compensation,Rest of World Zone 1,,0.001,2000,750,1000.001,600,600,600,27.75,27.75,world_zone_1,,,True,GBP,G,MM,7,False,True,250,smallParcel,Royal Mail public online Click & Drop rate; no discounts on account/contract terms,https://www.royalmail.com/sending/international/international-tracked,2026-04-07,verified public online price 2026-05-15,12,,0.12,2026-11-17,2027-01-09,,,,,,
royal_mail_international_tracked_extra_compensation_small_parcel,International Tracked Extra Compensation Small Parcel,OTB,01,tracked:b2c:b2b:extra_compensation,Rest of World Zone 1,,0.001,2000,1000,1250.001,600,600,600,30.85,30.85,world_zone_1,,,True,GBP,G,MM,7,False,True,250,smallParcel,Royal Mail public online Click & Drop rate; no discounts on account/contract terms,https://www.royalmail.com/sending/international/international-tracked,2026-04-07,verified public online price 2026-05-15,12,,0.12,2026-11-17,2027-01-09,,,,,,
royal_mail_international_tracked_extra_compensation_small_parcel,International Tracked Extra Compensation Small Parcel,OTB,01,tracked:b2c:b2b:extra_compensation,Rest of World Zone 1,,0.001,2000,1250,1500.001,600,600,600,31.95,31.95,world_zone_1,,,True,GBP,G,MM,7,False,True,250,smallParcel,Royal Mail public online Click & Drop rate; no discounts on account/contract terms,https://www.royalmail.com/sending/international/international-tracked,2026-04-07,verified public online price 2026-05-15,12,,0.12,2026-11-17,2027-01-09,,,,,,
royal_mail_international_tracked_extra_compensation_small_parcel,International Tracked Extra Compensation Small Parcel,OTB,01,tracked:b2c:b2b:extra_compensation,Rest of World Zone 1,,0.001,2000,1500,2000.001,600,600,600,33.00,33.00,world_zone_1,,,True,GBP,G,MM,7,False,True,250,smallParcel,Royal Mail public online Click & Drop rate; no discounts on account/contract terms,https://www.royalmail.com/sending/international/international-tracked,2026-04-07,verified public online price 2026-05-15,12,,0.12,2026-11-17,2027-01-09,,,,,,
royal_mail_international_tracked_extra_compensation_small_parcel,International Tracked Extra Compensation Small Parcel,OTB,01,tracked:b2c:b2b:extra_compensation,Australia,AU,0.001,2000,0,250.001,600,600,600,15.45,15.45,world_zone_2,,,True,GBP,G,MM,7,False,True,250,smallParcel,Royal Mail public online Click & Drop rate; no discounts on account/contract terms,https://www.royalmail.com/sending/international/international-tracked,2026-04-07,verified public online price 2026-05-15,12,,0.12,2026-11-17,2027-01-09,,,,,,
royal_mail_international_tracked_extra_compensation_small_parcel,International Tracked Extra Compensation Small Parcel,OTB,01,tracked:b2c:b2b:extra_compensation,Australia,AU,0.001,2000,250,500.001,600,600,600,18.95,18.95,world_zone_2,,,True,GBP,G,MM,7,False,True,250,smallParcel,Royal Mail public online Click & Drop rate; no discounts on account/contract terms,https://www.royalmail.com/sending/international/international-tracked,2026-04-07,verified public online price 2026-05-15,12,,0.12,2026-11-17,2027-01-09,,,,,,
royal_mail_international_tracked_extra_compensation_small_parcel,International Tracked Extra Compensation Small Parcel,OTB,01,tracked:b2c:b2b:extra_compensation,Australia,AU,0.001,2000,500,750.001,600,600,600,21.50,21.50,world_zone_2,,,True,GBP,G,MM,7,False,True,250,smallParcel,Royal Mail public online Click & Drop rate; no discounts on account/contract terms,https://www.royalmail.com/sending/international/international-tracked,2026-04-07,verified public online price 2026-05-15,12,,0.12,2026-11-17,2027-01-09,,,,,,
royal_mail_international_tracked_extra_compensation_small_parcel,International Tracked Extra Compensation Small Parcel,OTB,01,tracked:b2c:b2b:extra_compensation,Australia,AU,0.001,2000,750,1000.001,600,600,600,22.50,22.50,world_zone_2,,,True,GBP,G,MM,7,False,True,250,smallParcel,Royal Mail public online Click & Drop rate; no discounts on account/contract terms,https://www.royalmail.com/sending/international/international-tracked,2026-04-07,verified public online price 2026-05-15,12,,0.12,2026-11-17,2027-01-09,,,,,,
royal_mail_international_tracked_extra_compensation_small_parcel,International Tracked Extra Compensation Small Parcel,OTB,01,tracked:b2c:b2b:extra_compensation,Australia,AU,0.001,2000,1000,1250.001,600,600,600,28.20,28.20,world_zone_2,,,True,GBP,G,MM,7,False,True,250,smallParcel,Royal Mail public online Click & Drop rate; no discounts on account/contract terms,https://www.royalmail.com/sending/international/international-tracked,2026-04-07,verified public online price 2026-05-15,12,,0.12,2026-11-17,2027-01-09,,,,,,
royal_mail_international_tracked_extra_compensation_small_parcel,International Tracked Extra Compensation Small Parcel,OTB,01,tracked:b2c:b2b:extra_compensation,Australia,AU,0.001,2000,1250,1500.001,600,600,600,28.20,28.20,world_zone_2,,,True,GBP,G,MM,7,False,True,250,smallParcel,Royal Mail public online Click & Drop rate; no discounts on account/contract terms,https://www.royalmail.com/sending/international/international-tracked,2026-04-07,verified public online price 2026-05-15,12,,0.12,2026-11-17,2027-01-09,,,,,,
royal_mail_international_tracked_extra_compensation_small_parcel,International Tracked Extra Compensation Small Parcel,OTB,01,tracked:b2c:b2b:extra_compensation,Australia,AU,0.001,2000,1500,2000.001,600,600,600,28.20,28.20,world_zone_2,,,True,GBP,G,MM,7,False,True,250,smallParcel,Royal Mail public online Click & Drop rate; no discounts on account/contract terms,https://www.royalmail.com/sending/international/international-tracked,2026-04-07,verified public online price 2026-05-15,12,,0.12,2026-11-17,2027-01-09,,,,,,
royal_mail_international_tracked_extra_compensation_small_parcel,International Tracked Extra Compensation Small Parcel,OTB,01,tracked:b2c:b2b:extra_compensation,New Zealand,NZ,0.001,2000,0,250.001,600,600,600,18.40,18.40,world_zone_2,,,True,GBP,G,MM,7,False,True,250,smallParcel,Royal Mail public online Click & Drop rate; no discounts on account/contract terms,https://www.royalmail.com/sending/international/international-tracked,2026-04-07,verified public online price 2026-05-15,12,,0.12,2026-11-17,2027-01-09,,,,,,
royal_mail_international_tracked_extra_compensation_small_parcel,International Tracked Extra Compensation Small Parcel,OTB,01,tracked:b2c:b2b:extra_compensation,New Zealand,NZ,0.001,2000,250,500.001,600,600,600,19.40,19.40,world_zone_2,,,True,GBP,G,MM,7,False,True,250,smallParcel,Royal Mail public online Click & Drop rate; no discounts on account/contract terms,https://www.royalmail.com/sending/international/international-tracked,2026-04-07,verified public online price 2026-05-15,12,,0.12,2026-11-17,2027-01-09,,,,,,
royal_mail_international_tracked_extra_compensation_small_parcel,International Tracked Extra Compensation Small Parcel,OTB,01,tracked:b2c:b2b:extra_compensation,New Zealand,NZ,0.001,2000,500,750.001,600,600,600,23.35,23.35,world_zone_2,,,True,GBP,G,MM,7,False,True,250,smallParcel,Royal Mail public online Click & Drop rate; no discounts on account/contract terms,https://www.royalmail.com/sending/international/international-tracked,2026-04-07,verified public online price 2026-05-15,12,,0.12,2026-11-17,2027-01-09,,,,,,
royal_mail_international_tracked_extra_compensation_small_parcel,International Tracked Extra Compensation Small Parcel,OTB,01,tracked:b2c:b2b:extra_compensation,New Zealand,NZ,0.001,2000,750,1000.001,600,600,600,23.35,23.35,world_zone_2,,,True,GBP,G,MM,7,False,True,250,smallParcel,Royal Mail public online Click & Drop rate; no discounts on account/contract terms,https://www.royalmail.com/sending/international/international-tracked,2026-04-07,verified public online price 2026-05-15,12,,0.12,2026-11-17,2027-01-09,,,,,,
royal_mail_international_tracked_extra_compensation_small_parcel,International Tracked Extra Compensation Small Parcel,OTB,01,tracked:b2c:b2b:extra_compensation,New Zealand,NZ,0.001,2000,1000,1250.001,600,600,600,30.30,30.30,world_zone_2,,,True,GBP,G,MM,7,False,True,250,smallParcel,Royal Mail public online Click & Drop rate; no discounts on account/contract terms,https://www.royalmail.com/sending/international/international-tracked,2026-04-07,verified public online price 2026-05-15,12,,0.12,2026-11-17,2027-01-09,,,,,,
royal_mail_international_tracked_extra_compensation_small_parcel,International Tracked Extra Compensation Small Parcel,OTB,01,tracked:b2c:b2b:extra_compensation,New Zealand,NZ,0.001,2000,1250,1500.001,600,600,600,33.15,33.15,world_zone_2,,,True,GBP,G,MM,7,False,True,250,smallParcel,Royal Mail public online Click & Drop rate; no discounts on account/contract terms,https://www.royalmail.com/sending/international/international-tracked,2026-04-07,verified public online price 2026-05-15,12,,0.12,2026-11-17,2027-01-09,,,,,,
royal_mail_international_tracked_extra_compensation_small_parcel,International Tracked Extra Compensation Small Parcel,OTB,01,tracked:b2c:b2b:extra_compensation,New Zealand,NZ,0.001,2000,1500,2000.001,600,600,600,35.15,35.15,world_zone_2,,,True,GBP,G,MM,7,False,True,250,smallParcel,Royal Mail public online Click & Drop rate; no discounts on account/contract terms,https://www.royalmail.com/sending/international/international-tracked,2026-04-07,verified public online price 2026-05-15,12,,0.12,2026-11-17,2027-01-09,,,,,,
royal_mail_international_tracked_extra_compensation_small_parcel,International Tracked Extra Compensation Small Parcel,OTB,01,tracked:b2c:b2b:extra_compensation,Rest of World Zone 2,PW:IO:CX:CC:CK:FJ:PF:TF:KI:MO:NR:NC:AQ:NU:NF:BV:PG:LA:PN:SG:SB:TK:TO:TV:AS:WS,0.001,2000,0,250.001,600,600,600,18.00,18.00,world_zone_2,,,True,GBP,G,MM,7,False,True,250,smallParcel,Royal Mail public online Click & Drop rate; no discounts on account/contract terms,https://www.royalmail.com/sending/international/international-tracked,2026-04-07,verified public online price 2026-05-15,12,,0.12,2026-11-17,2027-01-09,,,,,,
royal_mail_international_tracked_extra_compensation_small_parcel,International Tracked Extra Compensation Small Parcel,OTB,01,tracked:b2c:b2b:extra_compensation,Rest of World Zone 2,PW:IO:CX:CC:CK:FJ:PF:TF:KI:MO:NR:NC:AQ:NU:NF:BV:PG:LA:PN:SG:SB:TK:TO:TV:AS:WS,0.001,2000,250,500.001,600,600,600,22.25,22.25,world_zone_2,,,True,GBP,G,MM,7,False,True,250,smallParcel,Royal Mail public online Click & Drop rate; no discounts on account/contract terms,https://www.royalmail.com/sending/international/international-tracked,2026-04-07,verified public online price 2026-05-15,12,,0.12,2026-11-17,2027-01-09,,,,,,
royal_mail_international_tracked_extra_compensation_small_parcel,International Tracked Extra Compensation Small Parcel,OTB,01,tracked:b2c:b2b:extra_compensation,Rest of World Zone 2,PW:IO:CX:CC:CK:FJ:PF:TF:KI:MO:NR:NC:AQ:NU:NF:BV:PG:LA:PN:SG:SB:TK:TO:TV:AS:WS,0.001,2000,500,750.001,600,600,600,26.85,26.85,world_zone_2,,,True,GBP,G,MM,7,False,True,250,smallParcel,Royal Mail public online Click & Drop rate; no discounts on account/contract terms,https://www.royalmail.com/sending/international/international-tracked,2026-04-07,verified public online price 2026-05-15,12,,0.12,2026-11-17,2027-01-09,,,,,,
royal_mail_international_tracked_extra_compensation_small_parcel,International Tracked Extra Compensation Small Parcel,OTB,01,tracked:b2c:b2b:extra_compensation,Rest of World Zone 2,PW:IO:CX:CC:CK:FJ:PF:TF:KI:MO:NR:NC:AQ:NU:NF:BV:PG:LA:PN:SG:SB:TK:TO:TV:AS:WS,0.001,2000,750,1000.001,600,600,600,31.00,31.00,world_zone_2,,,True,GBP,G,MM,7,False,True,250,smallParcel,Royal Mail public online Click & Drop rate; no discounts on account/contract terms,https://www.royalmail.com/sending/international/international-tracked,2026-04-07,verified public online price 2026-05-15,12,,0.12,2026-11-17,2027-01-09,,,,,,
royal_mail_international_tracked_extra_compensation_small_parcel,International Tracked Extra Compensation Small Parcel,OTB,01,tracked:b2c:b2b:extra_compensation,Rest of World Zone 2,PW:IO:CX:CC:CK:FJ:PF:TF:KI:MO:NR:NC:AQ:NU:NF:BV:PG:LA:PN:SG:SB:TK:TO:TV:AS:WS,0.001,2000,1000,1250.001,600,600,600,34.95,34.95,world_zone_2,,,True,GBP,G,MM,7,False,True,250,smallParcel,Royal Mail public online Click & Drop rate; no discounts on account/contract terms,https://www.royalmail.com/sending/international/international-tracked,2026-04-07,verified public online price 2026-05-15,12,,0.12,2026-11-17,2027-01-09,,,,,,
royal_mail_international_tracked_extra_compensation_small_parcel,International Tracked Extra Compensation Small Parcel,OTB,01,tracked:b2c:b2b:extra_compensation,Rest of World Zone 2,PW:IO:CX:CC:CK:FJ:PF:TF:KI:MO:NR:NC:AQ:NU:NF:BV:PG:LA:PN:SG:SB:TK:TO:TV:AS:WS,0.001,2000,1250,1500.001,600,600,600,38.00,38.00,world_zone_2,,,True,GBP,G,MM,7,False,True,250,smallParcel,Royal Mail public online Click & Drop rate; no discounts on account/contract terms,https://www.royalmail.com/sending/international/international-tracked,2026-04-07,verified public online price 2026-05-15,12,,0.12,2026-11-17,2027-01-09,,,,,,
royal_mail_international_tracked_extra_compensation_small_parcel,International Tracked Extra Compensation Small Parcel,OTB,01,tracked:b2c:b2b:extra_compensation,Rest of World Zone 2,PW:IO:CX:CC:CK:FJ:PF:TF:KI:MO:NR:NC:AQ:NU:NF:BV:PG:LA:PN:SG:SB:TK:TO:TV:AS:WS,0.001,2000,1500,2000.001,600,600,600,40.65,40.65,world_zone_2,,,True,GBP,G,MM,7,False,True,250,smallParcel,Royal Mail public online Click & Drop rate; no discounts on account/contract terms,https://www.royalmail.com/sending/international/international-tracked,2026-04-07,verified public online price 2026-05-15,12,,0.12,2026-11-17,2027-01-09,,,,,,
royal_mail_international_tracked_extra_compensation_medium_parcel,International Tracked Extra Compensation Heavier Medium Parcel,OTB,01,tracked:b2c:b2b:extra_compensation,France,FR,0.001,20000,0,1000.001,610,460,460,14.85,14.85,europe_zone_1,,,True,GBP,G,MM,7,False,True,250,mediumParcel,Royal Mail public online price plus published £3.10 extra-compensation option. Confirm Click & Drop account code OTB before production.,https://www.royalmail.com/sending/international/international-tracked,2026-04-07,verified public online price 2026-05-15,12,,0.12,2026-11-17,2027-01-09,,,,,,
royal_mail_international_tracked_extra_compensation_medium_parcel,International Tracked Extra Compensation Heavier Medium Parcel,OTB,01,tracked:b2c:b2b:extra_compensation,France,FR,0.001,20000,1000,2000.001,610,460,460,14.85,14.85,europe_zone_1,,,True,GBP,G,MM,7,False,True,250,mediumParcel,Royal Mail public online price plus published £3.10 extra-compensation option. Confirm Click & Drop account code OTB before production.,https://www.royalmail.com/sending/international/international-tracked,2026-04-07,verified public online price 2026-05-15,12,,0.12,2026-11-17,2027-01-09,,,,,,
royal_mail_international_tracked_extra_compensation_medium_parcel,International Tracked Extra Compensation Heavier Medium Parcel,OTB,01,tracked:b2c:b2b:extra_compensation,France,FR,0.001,20000,2000,3000.001,610,460,460,16.30,16.30,europe_zone_1,,,True,GBP,G,MM,7,False,True,250,mediumParcel,Royal Mail public online price plus published £3.10 extra-compensation option. Confirm Click & Drop account code OTB before production.,https://www.royalmail.com/sending/international/international-tracked,2026-04-07,verified public online price 2026-05-15,12,,0.12,2026-11-17,2027-01-09,,,,,,
royal_mail_international_tracked_extra_compensation_medium_parcel,International Tracked Extra Compensation Heavier Medium Parcel,OTB,01,tracked:b2c:b2b:extra_compensation,France,FR,0.001,20000,3000,4000.001,610,460,460,16.30,16.30,europe_zone_1,,,True,GBP,G,MM,7,False,True,250,mediumParcel,Royal Mail public online price plus published £3.10 extra-compensation option. Confirm Click & Drop account code OTB before production.,https://www.royalmail.com/sending/international/international-tracked,2026-04-07,verified public online price 2026-05-15,12,,0.12,2026-11-17,2027-01-09,,,,,,
royal_mail_international_tracked_extra_compensation_medium_parcel,International Tracked Extra Compensation Heavier Medium Parcel,OTB,01,tracked:b2c:b2b:extra_compensation,France,FR,0.001,20000,4000,5000.001,610,460,460,16.30,16.30,europe_zone_1,,,True,GBP,G,MM,7,False,True,250,mediumParcel,Royal Mail public online price plus published £3.10 extra-compensation option. Confirm Click & Drop account code OTB before production.,https://www.royalmail.com/sending/international/international-tracked,2026-04-07,verified public online price 2026-05-15,12,,0.12,2026-11-17,2027-01-09,,,,,,
royal_mail_international_tracked_extra_compensation_medium_parcel,International Tracked Extra Compensation Heavier Medium Parcel,OTB,01,tracked:b2c:b2b:extra_compensation,France,FR,0.001,20000,5000,7500.001,610,460,460,18.90,18.90,europe_zone_1,,,True,GBP,G,MM,7,False,True,250,mediumParcel,Royal Mail public online price plus published £3.10 extra-compensation option. Confirm Click & Drop account code OTB before production.,https://www.royalmail.com/sending/international/international-tracked,2026-04-07,verified public online price 2026-05-15,12,,0.12,2026-11-17,2027-01-09,,,,,,
royal_mail_international_tracked_extra_compensation_medium_parcel,International Tracked Extra Compensation Heavier Medium Parcel,OTB,01,tracked:b2c:b2b:extra_compensation,France,FR,0.001,20000,7500,10000.001,610,460,460,18.90,18.90,europe_zone_1,,,True,GBP,G,MM,7,False,True,250,mediumParcel,Royal Mail public online price plus published £3.10 extra-compensation option. Confirm Click & Drop account code OTB before production.,https://www.royalmail.com/sending/international/international-tracked,2026-04-07,verified public online price 2026-05-15,12,,0.12,2026-11-17,2027-01-09,,,,,,
royal_mail_international_tracked_extra_compensation_medium_parcel,International Tracked Extra Compensation Heavier Medium Parcel,OTB,01,tracked:b2c:b2b:extra_compensation,France,FR,0.001,20000,10000,15000.001,610,460,460,23.45,23.45,europe_zone_1,,,True,GBP,G,MM,7,False,True,250,mediumParcel,Royal Mail public online price plus published £3.10 extra-compensation option. Confirm Click & Drop account code OTB before production.,https://www.royalmail.com/sending/international/international-tracked,2026-04-07,verified public online price 2026-05-15,12,,0.12,2026-11-17,2027-01-09,,,,,,
royal_mail_international_tracked_extra_compensation_medium_parcel,International Tracked Extra Compensation Heavier Medium Parcel,OTB,01,tracked:b2c:b2b:extra_compensation,France,FR,0.001,20000,15000,20000.001,610,460,460,23.45,23.45,europe_zone_1,,,True,GBP,G,MM,7,False,True,250,mediumParcel,Royal Mail public online price plus published £3.10 extra-compensation option. Confirm Click & Drop account code OTB before production.,https://www.royalmail.com/sending/international/international-tracked,2026-04-07,verified public online price 2026-05-15,12,,0.12,2026-11-17,2027-01-09,,,,,,
royal_mail_international_tracked_extra_compensation_medium_parcel,International Tracked Extra Compensation Heavier Medium Parcel,OTB,01,tracked:b2c:b2b:extra_compensation,Germany,DE,0.001,20000,0,1000.001,610,460,460,14.80,14.80,europe_zone_1,,,True,GBP,G,MM,7,False,True,250,mediumParcel,Royal Mail public online price plus published £3.10 extra-compensation option. Confirm Click & Drop account code OTB before production.,https://www.royalmail.com/sending/international/international-tracked,2026-04-07,verified public online price 2026-05-15,12,,0.12,2026-11-17,2027-01-09,,,,,,
royal_mail_international_tracked_extra_compensation_medium_parcel,International Tracked Extra Compensation Heavier Medium Parcel,OTB,01,tracked:b2c:b2b:extra_compensation,Germany,DE,0.001,20000,1000,2000.001,610,460,460,14.80,14.80,europe_zone_1,,,True,GBP,G,MM,7,False,True,250,mediumParcel,Royal Mail public online price plus published £3.10 extra-compensation option. Confirm Click & Drop account code OTB before production.,https://www.royalmail.com/sending/international/international-tracked,2026-04-07,verified public online price 2026-05-15,12,,0.12,2026-11-17,2027-01-09,,,,,,
royal_mail_international_tracked_extra_compensation_medium_parcel,International Tracked Extra Compensation Heavier Medium Parcel,OTB,01,tracked:b2c:b2b:extra_compensation,Germany,DE,0.001,20000,2000,3000.001,610,460,460,15.70,15.70,europe_zone_1,,,True,GBP,G,MM,7,False,True,250,mediumParcel,Royal Mail public online price plus published £3.10 extra-compensation option. Confirm Click & Drop account code OTB before production.,https://www.royalmail.com/sending/international/international-tracked,2026-04-07,verified public online price 2026-05-15,12,,0.12,2026-11-17,2027-01-09,,,,,,
royal_mail_international_tracked_extra_compensation_medium_parcel,International Tracked Extra Compensation Heavier Medium Parcel,OTB,01,tracked:b2c:b2b:extra_compensation,Germany,DE,0.001,20000,3000,4000.001,610,460,460,16.80,16.80,europe_zone_1,,,True,GBP,G,MM,7,False,True,250,mediumParcel,Royal Mail public online price plus published £3.10 extra-compensation option. Confirm Click & Drop account code OTB before production.,https://www.royalmail.com/sending/international/international-tracked,2026-04-07,verified public online price 2026-05-15,12,,0.12,2026-11-17,2027-01-09,,,,,,
royal_mail_international_tracked_extra_compensation_medium_parcel,International Tracked Extra Compensation Heavier Medium Parcel,OTB,01,tracked:b2c:b2b:extra_compensation,Germany,DE,0.001,20000,4000,5000.001,610,460,460,17.45,17.45,europe_zone_1,,,True,GBP,G,MM,7,False,True,250,mediumParcel,Royal Mail public online price plus published £3.10 extra-compensation option. Confirm Click & Drop account code OTB before production.,https://www.royalmail.com/sending/international/international-tracked,2026-04-07,verified public online price 2026-05-15,12,,0.12,2026-11-17,2027-01-09,,,,,,
royal_mail_international_tracked_extra_compensation_medium_parcel,International Tracked Extra Compensation Heavier Medium Parcel,OTB,01,tracked:b2c:b2b:extra_compensation,Germany,DE,0.001,20000,5000,7500.001,610,460,460,18.85,18.85,europe_zone_1,,,True,GBP,G,MM,7,False,True,250,mediumParcel,Royal Mail public online price plus published £3.10 extra-compensation option. Confirm Click & Drop account code OTB before production.,https://www.royalmail.com/sending/international/international-tracked,2026-04-07,verified public online price 2026-05-15,12,,0.12,2026-11-17,2027-01-09,,,,,,
royal_mail_international_tracked_extra_compensation_medium_parcel,International Tracked Extra Compensation Heavier Medium Parcel,OTB,01,tracked:b2c:b2b:extra_compensation,Germany,DE,0.001,20000,7500,10000.001,610,460,460,22.45,22.45,europe_zone_1,,,True,GBP,G,MM,7,False,True,250,mediumParcel,Royal Mail public online price plus published £3.10 extra-compensation option. Confirm Click & Drop account code OTB before production.,https://www.royalmail.com/sending/international/international-tracked,2026-04-07,verified public online price 2026-05-15,12,,0.12,2026-11-17,2027-01-09,,,,,,
royal_mail_international_tracked_extra_compensation_medium_parcel,International Tracked Extra Compensation Heavier Medium Parcel,OTB,01,tracked:b2c:b2b:extra_compensation,Germany,DE,0.001,20000,10000,15000.001,610,460,460,32.90,32.90,europe_zone_1,,,True,GBP,G,MM,7,False,True,250,mediumParcel,Royal Mail public online price plus published £3.10 extra-compensation option. Confirm Click & Drop account code OTB before production.,https://www.royalmail.com/sending/international/international-tracked,2026-04-07,verified public online price 2026-05-15,12,,0.12,2026-11-17,2027-01-09,,,,,,
royal_mail_international_tracked_extra_compensation_medium_parcel,International Tracked Extra Compensation Heavier Medium Parcel,OTB,01,tracked:b2c:b2b:extra_compensation,Germany,DE,0.001,20000,15000,20000.001,610,460,460,40.55,40.55,europe_zone_1,,,True,GBP,G,MM,7,False,True,250,mediumParcel,Royal Mail public online price plus published £3.10 extra-compensation option. Confirm Click & Drop account code OTB before production.,https://www.royalmail.com/sending/international/international-tracked,2026-04-07,verified public online price 2026-05-15,12,,0.12,2026-11-17,2027-01-09,,,,,,
royal_mail_international_tracked_extra_compensation_medium_parcel,International Tracked Extra Compensation Heavier Medium Parcel,OTB,01,tracked:b2c:b2b:extra_compensation,Ireland,IE,0.001,20000,0,1000.001,610,460,460,14.20,14.20,europe_zone_1,,,True,GBP,G,MM,7,False,True,250,mediumParcel,Royal Mail public online price plus published £3.10 extra-compensation option. Confirm Click & Drop account code OTB before production.,https://www.royalmail.com/sending/international/international-tracked,2026-04-07,verified public online price 2026-05-15,12,,0.12,2026-11-17,2027-01-09,,,,,,
royal_mail_international_tracked_extra_compensation_medium_parcel,International Tracked Extra Compensation Heavier Medium Parcel,OTB,01,tracked:b2c:b2b:extra_compensation,Ireland,IE,0.001,20000,1000,2000.001,610,460,460,14.20,14.20,europe_zone_1,,,True,GBP,G,MM,7,False,True,250,mediumParcel,Royal Mail public online price plus published £3.10 extra-compensation option. Confirm Click & Drop account code OTB before production.,https://www.royalmail.com/sending/international/international-tracked,2026-04-07,verified public online price 2026-05-15,12,,0.12,2026-11-17,2027-01-09,,,,,,
royal_mail_international_tracked_extra_compensation_medium_parcel,International Tracked Extra Compensation Heavier Medium Parcel,OTB,01,tracked:b2c:b2b:extra_compensation,Ireland,IE,0.001,20000,2000,3000.001,610,460,460,14.40,14.40,europe_zone_1,,,True,GBP,G,MM,7,False,True,250,mediumParcel,Royal Mail public online price plus published £3.10 extra-compensation option. Confirm Click & Drop account code OTB before production.,https://www.royalmail.com/sending/international/international-tracked,2026-04-07,verified public online price 2026-05-15,12,,0.12,2026-11-17,2027-01-09,,,,,,
royal_mail_international_tracked_extra_compensation_medium_parcel,International Tracked Extra Compensation Heavier Medium Parcel,OTB,01,tracked:b2c:b2b:extra_compensation,Ireland,IE,0.001,20000,3000,4000.001,610,460,460,15.20,15.20,europe_zone_1,,,True,GBP,G,MM,7,False,True,250,mediumParcel,Royal Mail public online price plus published £3.10 extra-compensation option. Confirm Click & Drop account code OTB before production.,https://www.royalmail.com/sending/international/international-tracked,2026-04-07,verified public online price 2026-05-15,12,,0.12,2026-11-17,2027-01-09,,,,,,
royal_mail_international_tracked_extra_compensation_medium_parcel,International Tracked Extra Compensation Heavier Medium Parcel,OTB,01,tracked:b2c:b2b:extra_compensation,Ireland,IE,0.001,20000,4000,5000.001,610,460,460,16.50,16.50,europe_zone_1,,,True,GBP,G,MM,7,False,True,250,mediumParcel,Royal Mail public online price plus published £3.10 extra-compensation option. Confirm Click & Drop account code OTB before production.,https://www.royalmail.com/sending/international/international-tracked,2026-04-07,verified public online price 2026-05-15,12,,0.12,2026-11-17,2027-01-09,,,,,,
royal_mail_international_tracked_extra_compensation_medium_parcel,International Tracked Extra Compensation Heavier Medium Parcel,OTB,01,tracked:b2c:b2b:extra_compensation,Ireland,IE,0.001,20000,5000,7500.001,610,460,460,18.50,18.50,europe_zone_1,,,True,GBP,G,MM,7,False,True,250,mediumParcel,Royal Mail public online price plus published £3.10 extra-compensation option. Confirm Click & Drop account code OTB before production.,https://www.royalmail.com/sending/international/international-tracked,2026-04-07,verified public online price 2026-05-15,12,,0.12,2026-11-17,2027-01-09,,,,,,
royal_mail_international_tracked_extra_compensation_medium_parcel,International Tracked Extra Compensation Heavier Medium Parcel,OTB,01,tracked:b2c:b2b:extra_compensation,Ireland,IE,0.001,20000,7500,10000.001,610,460,460,19.80,19.80,europe_zone_1,,,True,GBP,G,MM,7,False,True,250,mediumParcel,Royal Mail public online price plus published £3.10 extra-compensation option. Confirm Click & Drop account code OTB before production.,https://www.royalmail.com/sending/international/international-tracked,2026-04-07,verified public online price 2026-05-15,12,,0.12,2026-11-17,2027-01-09,,,,,,
royal_mail_international_tracked_extra_compensation_medium_parcel,International Tracked Extra Compensation Heavier Medium Parcel,OTB,01,tracked:b2c:b2b:extra_compensation,Ireland,IE,0.001,20000,10000,15000.001,610,460,460,21.95,21.95,europe_zone_1,,,True,GBP,G,MM,7,False,True,250,mediumParcel,Royal Mail public online price plus published £3.10 extra-compensation option. Confirm Click & Drop account code OTB before production.,https://www.royalmail.com/sending/international/international-tracked,2026-04-07,verified public online price 2026-05-15,12,,0.12,2026-11-17,2027-01-09,,,,,,
royal_mail_international_tracked_extra_compensation_medium_parcel,International Tracked Extra Compensation Heavier Medium Parcel,OTB,01,tracked:b2c:b2b:extra_compensation,Ireland,IE,0.001,20000,15000,20000.001,610,460,460,23.05,23.05,europe_zone_1,,,True,GBP,G,MM,7,False,True,250,mediumParcel,Royal Mail public online price plus published £3.10 extra-compensation option. Confirm Click & Drop account code OTB before production.,https://www.royalmail.com/sending/international/international-tracked,2026-04-07,verified public online price 2026-05-15,12,,0.12,2026-11-17,2027-01-09,,,,,,
royal_mail_international_tracked_extra_compensation_medium_parcel,International Tracked Extra Compensation Heavier Medium Parcel,OTB,01,tracked:b2c:b2b:extra_compensation,Rest of Europe Zone 1,DK:MC,0.001,20000,0,1000.001,610,460,460,17.40,17.40,europe_zone_1,,,True,GBP,G,MM,7,False,True,250,mediumParcel,Royal Mail public online price plus published £3.10 extra-compensation option. Confirm Click & Drop account code OTB before production.,https://www.royalmail.com/sending/international/international-tracked,2026-04-07,verified public online price 2026-05-15,12,,0.12,2026-11-17,2027-01-09,,,,,,
royal_mail_international_tracked_extra_compensation_medium_parcel,International Tracked Extra Compensation Heavier Medium Parcel,OTB,01,tracked:b2c:b2b:extra_compensation,Rest of Europe Zone 1,DK:MC,0.001,20000,1000,2000.001,610,460,460,18.30,18.30,europe_zone_1,,,True,GBP,G,MM,7,False,True,250,mediumParcel,Royal Mail public online price plus published £3.10 extra-compensation option. Confirm Click & Drop account code OTB before production.,https://www.royalmail.com/sending/international/international-tracked,2026-04-07,verified public online price 2026-05-15,12,,0.12,2026-11-17,2027-01-09,,,,,,
royal_mail_international_tracked_extra_compensation_medium_parcel,International Tracked Extra Compensation Heavier Medium Parcel,OTB,01,tracked:b2c:b2b:extra_compensation,Rest of Europe Zone 1,DK:MC,0.001,20000,2000,3000.001,610,460,460,20.45,20.45,europe_zone_1,,,True,GBP,G,MM,7,False,True,250,mediumParcel,Royal Mail public online price plus published £3.10 extra-compensation option. Confirm Click & Drop account code OTB before production.,https://www.royalmail.com/sending/international/international-tracked,2026-04-07,verified public online price 2026-05-15,12,,0.12,2026-11-17,2027-01-09,,,,,,
royal_mail_international_tracked_extra_compensation_medium_parcel,International Tracked Extra Compensation Heavier Medium Parcel,OTB,01,tracked:b2c:b2b:extra_compensation,Rest of Europe Zone 1,DK:MC,0.001,20000,3000,4000.001,610,460,460,20.95,20.95,europe_zone_1,,,True,GBP,G,MM,7,False,True,250,mediumParcel,Royal Mail public online price plus published £3.10 extra-compensation option. Confirm Click & Drop account code OTB before production.,https://www.royalmail.com/sending/international/international-tracked,2026-04-07,verified public online price 2026-05-15,12,,0.12,2026-11-17,2027-01-09,,,,,,
royal_mail_international_tracked_extra_compensation_medium_parcel,International Tracked Extra Compensation Heavier Medium Parcel,OTB,01,tracked:b2c:b2b:extra_compensation,Rest of Europe Zone 1,DK:MC,0.001,20000,4000,5000.001,610,460,460,21.50,21.50,europe_zone_1,,,True,GBP,G,MM,7,False,True,250,mediumParcel,Royal Mail public online price plus published £3.10 extra-compensation option. Confirm Click & Drop account code OTB before production.,https://www.royalmail.com/sending/international/international-tracked,2026-04-07,verified public online price 2026-05-15,12,,0.12,2026-11-17,2027-01-09,,,,,,
royal_mail_international_tracked_extra_compensation_medium_parcel,International Tracked Extra Compensation Heavier Medium Parcel,OTB,01,tracked:b2c:b2b:extra_compensation,Rest of Europe Zone 1,DK:MC,0.001,20000,5000,7500.001,610,460,460,27.15,27.15,europe_zone_1,,,True,GBP,G,MM,7,False,True,250,mediumParcel,Royal Mail public online price plus published £3.10 extra-compensation option. Confirm Click & Drop account code OTB before production.,https://www.royalmail.com/sending/international/international-tracked,2026-04-07,verified public online price 2026-05-15,12,,0.12,2026-11-17,2027-01-09,,,,,,
royal_mail_international_tracked_extra_compensation_medium_parcel,International Tracked Extra Compensation Heavier Medium Parcel,OTB,01,tracked:b2c:b2b:extra_compensation,Rest of Europe Zone 1,DK:MC,0.001,20000,7500,10000.001,610,460,460,32.35,32.35,europe_zone_1,,,True,GBP,G,MM,7,False,True,250,mediumParcel,Royal Mail public online price plus published £3.10 extra-compensation option. Confirm Click & Drop account code OTB before production.,https://www.royalmail.com/sending/international/international-tracked,2026-04-07,verified public online price 2026-05-15,12,,0.12,2026-11-17,2027-01-09,,,,,,
royal_mail_international_tracked_extra_compensation_medium_parcel,International Tracked Extra Compensation Heavier Medium Parcel,OTB,01,tracked:b2c:b2b:extra_compensation,Rest of Europe Zone 1,DK:MC,0.001,20000,10000,15000.001,610,460,460,42.75,42.75,europe_zone_1,,,True,GBP,G,MM,7,False,True,250,mediumParcel,Royal Mail public online price plus published £3.10 extra-compensation option. Confirm Click & Drop account code OTB before production.,https://www.royalmail.com/sending/international/international-tracked,2026-04-07,verified public online price 2026-05-15,12,,0.12,2026-11-17,2027-01-09,,,,,,
royal_mail_international_tracked_extra_compensation_medium_parcel,International Tracked Extra Compensation Heavier Medium Parcel,OTB,01,tracked:b2c:b2b:extra_compensation,Rest of Europe Zone 1,DK:MC,0.001,20000,15000,20000.001,610,460,460,52.55,52.55,europe_zone_1,,,True,GBP,G,MM,7,False,True,250,mediumParcel,Royal Mail public online price plus published £3.10 extra-compensation option. Confirm Click & Drop account code OTB before production.,https://www.royalmail.com/sending/international/international-tracked,2026-04-07,verified public online price 2026-05-15,12,,0.12,2026-11-17,2027-01-09,,,,,,
royal_mail_international_tracked_extra_compensation_medium_parcel,International Tracked Extra Compensation Heavier Medium Parcel,OTB,01,tracked:b2c:b2b:extra_compensation,Belgium,BE,0.001,20000,0,1000.001,610,460,460,16.10,16.10,europe_zone_2,,,True,GBP,G,MM,7,False,True,250,mediumParcel,Royal Mail public online price plus published £3.10 extra-compensation option. Confirm Click & Drop account code OTB before production.,https://www.royalmail.com/sending/international/international-tracked,2026-04-07,verified public online price 2026-05-15,12,,0.12,2026-11-17,2027-01-09,,,,,,
royal_mail_international_tracked_extra_compensation_medium_parcel,International Tracked Extra Compensation Heavier Medium Parcel,OTB,01,tracked:b2c:b2b:extra_compensation,Belgium,BE,0.001,20000,1000,2000.001,610,460,460,19.20,19.20,europe_zone_2,,,True,GBP,G,MM,7,False,True,250,mediumParcel,Royal Mail public online price plus published £3.10 extra-compensation option. Confirm Click & Drop account code OTB before production.,https://www.royalmail.com/sending/international/international-tracked,2026-04-07,verified public online price 2026-05-15,12,,0.12,2026-11-17,2027-01-09,,,,,,
royal_mail_international_tracked_extra_compensation_medium_parcel,International Tracked Extra Compensation Heavier Medium Parcel,OTB,01,tracked:b2c:b2b:extra_compensation,Belgium,BE,0.001,20000,2000,3000.001,610,460,460,21.75,21.75,europe_zone_2,,,True,GBP,G,MM,7,False,True,250,mediumParcel,Royal Mail public online price plus published £3.10 extra-compensation option. Confirm Click & Drop account code OTB before production.,https://www.royalmail.com/sending/international/international-tracked,2026-04-07,verified public online price 2026-05-15,12,,0.12,2026-11-17,2027-01-09,,,,,,
royal_mail_international_tracked_extra_compensation_medium_parcel,International Tracked Extra Compensation Heavier Medium Parcel,OTB,01,tracked:b2c:b2b:extra_compensation,Belgium,BE,0.001,20000,3000,4000.001,610,460,460,36.70,36.70,europe_zone_2,,,True,GBP,G,MM,7,False,True,250,mediumParcel,Royal Mail public online price plus published £3.10 extra-compensation option. Confirm Click & Drop account code OTB before production.,https://www.royalmail.com/sending/international/international-tracked,2026-04-07,verified public online price 2026-05-15,12,,0.12,2026-11-17,2027-01-09,,,,,,
royal_mail_international_tracked_extra_compensation_medium_parcel,International Tracked Extra Compensation Heavier Medium Parcel,OTB,01,tracked:b2c:b2b:extra_compensation,Belgium,BE,0.001,20000,4000,5000.001,610,460,460,39.75,39.75,europe_zone_2,,,True,GBP,G,MM,7,False,True,250,mediumParcel,Royal Mail public online price plus published £3.10 extra-compensation option. Confirm Click & Drop account code OTB before production.,https://www.royalmail.com/sending/international/international-tracked,2026-04-07,verified public online price 2026-05-15,12,,0.12,2026-11-17,2027-01-09,,,,,,
royal_mail_international_tracked_extra_compensation_medium_parcel,International Tracked Extra Compensation Heavier Medium Parcel,OTB,01,tracked:b2c:b2b:extra_compensation,Belgium,BE,0.001,20000,5000,7500.001,610,460,460,57.55,57.55,europe_zone_2,,,True,GBP,G,MM,7,False,True,250,mediumParcel,Royal Mail public online price plus published £3.10 extra-compensation option. Confirm Click & Drop account code OTB before production.,https://www.royalmail.com/sending/international/international-tracked,2026-04-07,verified public online price 2026-05-15,12,,0.12,2026-11-17,2027-01-09,,,,,,
royal_mail_international_tracked_extra_compensation_medium_parcel,International Tracked Extra Compensation Heavier Medium Parcel,OTB,01,tracked:b2c:b2b:extra_compensation,Belgium,BE,0.001,20000,7500,10000.001,610,460,460,61.20,61.20,europe_zone_2,,,True,GBP,G,MM,7,False,True,250,mediumParcel,Royal Mail public online price plus published £3.10 extra-compensation option. Confirm Click & Drop account code OTB before production.,https://www.royalmail.com/sending/international/international-tracked,2026-04-07,verified public online price 2026-05-15,12,,0.12,2026-11-17,2027-01-09,,,,,,
royal_mail_international_tracked_extra_compensation_medium_parcel,International Tracked Extra Compensation Heavier Medium Parcel,OTB,01,tracked:b2c:b2b:extra_compensation,Belgium,BE,0.001,20000,10000,15000.001,610,460,460,81.70,81.70,europe_zone_2,,,True,GBP,G,MM,7,False,True,250,mediumParcel,Royal Mail public online price plus published £3.10 extra-compensation option. Confirm Click & Drop account code OTB before production.,https://www.royalmail.com/sending/international/international-tracked,2026-04-07,verified public online price 2026-05-15,12,,0.12,2026-11-17,2027-01-09,,,,,,
royal_mail_international_tracked_extra_compensation_medium_parcel,International Tracked Extra Compensation Heavier Medium Parcel,OTB,01,tracked:b2c:b2b:extra_compensation,Belgium,BE,0.001,20000,15000,20000.001,610,460,460,98.20,98.20,europe_zone_2,,,True,GBP,G,MM,7,False,True,250,mediumParcel,Royal Mail public online price plus published £3.10 extra-compensation option. Confirm Click & Drop account code OTB before production.,https://www.royalmail.com/sending/international/international-tracked,2026-04-07,verified public online price 2026-05-15,12,,0.12,2026-11-17,2027-01-09,,,,,,
royal_mail_international_tracked_extra_compensation_medium_parcel,International Tracked Extra Compensation Heavier Medium Parcel,OTB,01,tracked:b2c:b2b:extra_compensation,Italy,IT,0.001,20000,0,1000.001,610,460,460,17.15,17.15,europe_zone_2,,,True,GBP,G,MM,7,False,True,250,mediumParcel,Royal Mail public online price plus published £3.10 extra-compensation option. Confirm Click & Drop account code OTB before production.,https://www.royalmail.com/sending/international/international-tracked,2026-04-07,verified public online price 2026-05-15,12,,0.12,2026-11-17,2027-01-09,,,,,,
royal_mail_international_tracked_extra_compensation_medium_parcel,International Tracked Extra Compensation Heavier Medium Parcel,OTB,01,tracked:b2c:b2b:extra_compensation,Italy,IT,0.001,20000,1000,2000.001,610,460,460,20.05,20.05,europe_zone_2,,,True,GBP,G,MM,7,False,True,250,mediumParcel,Royal Mail public online price plus published £3.10 extra-compensation option. Confirm Click & Drop account code OTB before production.,https://www.royalmail.com/sending/international/international-tracked,2026-04-07,verified public online price 2026-05-15,12,,0.12,2026-11-17,2027-01-09,,,,,,
royal_mail_international_tracked_extra_compensation_medium_parcel,International Tracked Extra Compensation Heavier Medium Parcel,OTB,01,tracked:b2c:b2b:extra_compensation,Italy,IT,0.001,20000,2000,3000.001,610,460,460,22.90,22.90,europe_zone_2,,,True,GBP,G,MM,7,False,True,250,mediumParcel,Royal Mail public online price plus published £3.10 extra-compensation option. Confirm Click & Drop account code OTB before production.,https://www.royalmail.com/sending/international/international-tracked,2026-04-07,verified public online price 2026-05-15,12,,0.12,2026-11-17,2027-01-09,,,,,,
royal_mail_international_tracked_extra_compensation_medium_parcel,International Tracked Extra Compensation Heavier Medium Parcel,OTB,01,tracked:b2c:b2b:extra_compensation,Italy,IT,0.001,20000,3000,4000.001,610,460,460,28.30,28.30,europe_zone_2,,,True,GBP,G,MM,7,False,True,250,mediumParcel,Royal Mail public online price plus published £3.10 extra-compensation option. Confirm Click & Drop account code OTB before production.,https://www.royalmail.com/sending/international/international-tracked,2026-04-07,verified public online price 2026-05-15,12,,0.12,2026-11-17,2027-01-09,,,,,,
royal_mail_international_tracked_extra_compensation_medium_parcel,International Tracked Extra Compensation Heavier Medium Parcel,OTB,01,tracked:b2c:b2b:extra_compensation,Italy,IT,0.001,20000,4000,5000.001,610,460,460,31.10,31.10,europe_zone_2,,,True,GBP,G,MM,7,False,True,250,mediumParcel,Royal Mail public online price plus published £3.10 extra-compensation option. Confirm Click & Drop account code OTB before production.,https://www.royalmail.com/sending/international/international-tracked,2026-04-07,verified public online price 2026-05-15,12,,0.12,2026-11-17,2027-01-09,,,,,,
royal_mail_international_tracked_extra_compensation_medium_parcel,International Tracked Extra Compensation Heavier Medium Parcel,OTB,01,tracked:b2c:b2b:extra_compensation,Italy,IT,0.001,20000,5000,7500.001,610,460,460,35.00,35.00,europe_zone_2,,,True,GBP,G,MM,7,False,True,250,mediumParcel,Royal Mail public online price plus published £3.10 extra-compensation option. Confirm Click & Drop account code OTB before production.,https://www.royalmail.com/sending/international/international-tracked,2026-04-07,verified public online price 2026-05-15,12,,0.12,2026-11-17,2027-01-09,,,,,,
royal_mail_international_tracked_extra_compensation_medium_parcel,International Tracked Extra Compensation Heavier Medium Parcel,OTB,01,tracked:b2c:b2b:extra_compensation,Italy,IT,0.001,20000,7500,10000.001,610,460,460,40.60,40.60,europe_zone_2,,,True,GBP,G,MM,7,False,True,250,mediumParcel,Royal Mail public online price plus published £3.10 extra-compensation option. Confirm Click & Drop account code OTB before production.,https://www.royalmail.com/sending/international/international-tracked,2026-04-07,verified public online price 2026-05-15,12,,0.12,2026-11-17,2027-01-09,,,,,,
royal_mail_international_tracked_extra_compensation_medium_parcel,International Tracked Extra Compensation Heavier Medium Parcel,OTB,01,tracked:b2c:b2b:extra_compensation,Italy,IT,0.001,20000,10000,15000.001,610,460,460,58.50,58.50,europe_zone_2,,,True,GBP,G,MM,7,False,True,250,mediumParcel,Royal Mail public online price plus published £3.10 extra-compensation option. Confirm Click & Drop account code OTB before production.,https://www.royalmail.com/sending/international/international-tracked,2026-04-07,verified public online price 2026-05-15,12,,0.12,2026-11-17,2027-01-09,,,,,,
royal_mail_international_tracked_extra_compensation_medium_parcel,International Tracked Extra Compensation Heavier Medium Parcel,OTB,01,tracked:b2c:b2b:extra_compensation,Italy,IT,0.001,20000,15000,20000.001,610,460,460,71.00,71.00,europe_zone_2,,,True,GBP,G,MM,7,False,True,250,mediumParcel,Royal Mail public online price plus published £3.10 extra-compensation option. Confirm Click & Drop account code OTB before production.,https://www.royalmail.com/sending/international/international-tracked,2026-04-07,verified public online price 2026-05-15,12,,0.12,2026-11-17,2027-01-09,,,,,,
royal_mail_international_tracked_extra_compensation_medium_parcel,International Tracked Extra Compensation Heavier Medium Parcel,OTB,01,tracked:b2c:b2b:extra_compensation,Netherlands,NL,0.001,20000,0,1000.001,610,460,460,15.45,15.45,europe_zone_2,,,True,GBP,G,MM,7,False,True,250,mediumParcel,Royal Mail public online price plus published £3.10 extra-compensation option. Confirm Click & Drop account code OTB before production.,https://www.royalmail.com/sending/international/international-tracked,2026-04-07,verified public online price 2026-05-15,12,,0.12,2026-11-17,2027-01-09,,,,,,
royal_mail_international_tracked_extra_compensation_medium_parcel,International Tracked Extra Compensation Heavier Medium Parcel,OTB,01,tracked:b2c:b2b:extra_compensation,Netherlands,NL,0.001,20000,1000,2000.001,610,460,460,16.80,16.80,europe_zone_2,,,True,GBP,G,MM,7,False,True,250,mediumParcel,Royal Mail public online price plus published £3.10 extra-compensation option. Confirm Click & Drop account code OTB before production.,https://www.royalmail.com/sending/international/international-tracked,2026-04-07,verified public online price 2026-05-15,12,,0.12,2026-11-17,2027-01-09,,,,,,
royal_mail_international_tracked_extra_compensation_medium_parcel,International Tracked Extra Compensation Heavier Medium Parcel,OTB,01,tracked:b2c:b2b:extra_compensation,Netherlands,NL,0.001,20000,2000,3000.001,610,460,460,18.95,18.95,europe_zone_2,,,True,GBP,G,MM,7,False,True,250,mediumParcel,Royal Mail public online price plus published £3.10 extra-compensation option. Confirm Click & Drop account code OTB before production.,https://www.royalmail.com/sending/international/international-tracked,2026-04-07,verified public online price 2026-05-15,12,,0.12,2026-11-17,2027-01-09,,,,,,
royal_mail_international_tracked_extra_compensation_medium_parcel,International Tracked Extra Compensation Heavier Medium Parcel,OTB,01,tracked:b2c:b2b:extra_compensation,Netherlands,NL,0.001,20000,3000,4000.001,610,460,460,31.65,31.65,europe_zone_2,,,True,GBP,G,MM,7,False,True,250,mediumParcel,Royal Mail public online price plus published £3.10 extra-compensation option. Confirm Click & Drop account code OTB before production.,https://www.royalmail.com/sending/international/international-tracked,2026-04-07,verified public online price 2026-05-15,12,,0.12,2026-11-17,2027-01-09,,,,,,
royal_mail_international_tracked_extra_compensation_medium_parcel,International Tracked Extra Compensation Heavier Medium Parcel,OTB,01,tracked:b2c:b2b:extra_compensation,Netherlands,NL,0.001,20000,4000,5000.001,610,460,460,34.25,34.25,europe_zone_2,,,True,GBP,G,MM,7,False,True,250,mediumParcel,Royal Mail public online price plus published £3.10 extra-compensation option. Confirm Click & Drop account code OTB before production.,https://www.royalmail.com/sending/international/international-tracked,2026-04-07,verified public online price 2026-05-15,12,,0.12,2026-11-17,2027-01-09,,,,,,
royal_mail_international_tracked_extra_compensation_medium_parcel,International Tracked Extra Compensation Heavier Medium Parcel,OTB,01,tracked:b2c:b2b:extra_compensation,Netherlands,NL,0.001,20000,5000,7500.001,610,460,460,49.40,49.40,europe_zone_2,,,True,GBP,G,MM,7,False,True,250,mediumParcel,Royal Mail public online price plus published £3.10 extra-compensation option. Confirm Click & Drop account code OTB before production.,https://www.royalmail.com/sending/international/international-tracked,2026-04-07,verified public online price 2026-05-15,12,,0.12,2026-11-17,2027-01-09,,,,,,
royal_mail_international_tracked_extra_compensation_medium_parcel,International Tracked Extra Compensation Heavier Medium Parcel,OTB,01,tracked:b2c:b2b:extra_compensation,Netherlands,NL,0.001,20000,7500,10000.001,610,460,460,66.50,66.50,europe_zone_2,,,True,GBP,G,MM,7,False,True,250,mediumParcel,Royal Mail public online price plus published £3.10 extra-compensation option. Confirm Click & Drop account code OTB before production.,https://www.royalmail.com/sending/international/international-tracked,2026-04-07,verified public online price 2026-05-15,12,,0.12,2026-11-17,2027-01-09,,,,,,
royal_mail_international_tracked_extra_compensation_medium_parcel,International Tracked Extra Compensation Heavier Medium Parcel,OTB,01,tracked:b2c:b2b:extra_compensation,Netherlands,NL,0.001,20000,10000,15000.001,610,460,460,82.10,82.10,europe_zone_2,,,True,GBP,G,MM,7,False,True,250,mediumParcel,Royal Mail public online price plus published £3.10 extra-compensation option. Confirm Click & Drop account code OTB before production.,https://www.royalmail.com/sending/international/international-tracked,2026-04-07,verified public online price 2026-05-15,12,,0.12,2026-11-17,2027-01-09,,,,,,
royal_mail_international_tracked_extra_compensation_medium_parcel,International Tracked Extra Compensation Heavier Medium Parcel,OTB,01,tracked:b2c:b2b:extra_compensation,Netherlands,NL,0.001,20000,15000,20000.001,610,460,460,98.10,98.10,europe_zone_2,,,True,GBP,G,MM,7,False,True,250,mediumParcel,Royal Mail public online price plus published £3.10 extra-compensation option. Confirm Click & Drop account code OTB before production.,https://www.royalmail.com/sending/international/international-tracked,2026-04-07,verified public online price 2026-05-15,12,,0.12,2026-11-17,2027-01-09,,,,,,
royal_mail_international_tracked_extra_compensation_medium_parcel,International Tracked Extra Compensation Heavier Medium Parcel,OTB,01,tracked:b2c:b2b:extra_compensation,Poland,PL,0.001,20000,0,1000.001,610,460,460,16.65,16.65,europe_zone_2,,,True,GBP,G,MM,7,False,True,250,mediumParcel,Royal Mail public online price plus published £3.10 extra-compensation option. Confirm Click & Drop account code OTB before production.,https://www.royalmail.com/sending/international/international-tracked,2026-04-07,verified public online price 2026-05-15,12,,0.12,2026-11-17,2027-01-09,,,,,,
royal_mail_international_tracked_extra_compensation_medium_parcel,International Tracked Extra Compensation Heavier Medium Parcel,OTB,01,tracked:b2c:b2b:extra_compensation,Poland,PL,0.001,20000,1000,2000.001,610,460,460,19.50,19.50,europe_zone_2,,,True,GBP,G,MM,7,False,True,250,mediumParcel,Royal Mail public online price plus published £3.10 extra-compensation option. Confirm Click & Drop account code OTB before production.,https://www.royalmail.com/sending/international/international-tracked,2026-04-07,verified public online price 2026-05-15,12,,0.12,2026-11-17,2027-01-09,,,,,,
royal_mail_international_tracked_extra_compensation_medium_parcel,International Tracked Extra Compensation Heavier Medium Parcel,OTB,01,tracked:b2c:b2b:extra_compensation,Poland,PL,0.001,20000,2000,3000.001,610,460,460,22.10,22.10,europe_zone_2,,,True,GBP,G,MM,7,False,True,250,mediumParcel,Royal Mail public online price plus published £3.10 extra-compensation option. Confirm Click & Drop account code OTB before production.,https://www.royalmail.com/sending/international/international-tracked,2026-04-07,verified public online price 2026-05-15,12,,0.12,2026-11-17,2027-01-09,,,,,,
royal_mail_international_tracked_extra_compensation_medium_parcel,International Tracked Extra Compensation Heavier Medium Parcel,OTB,01,tracked:b2c:b2b:extra_compensation,Poland,PL,0.001,20000,3000,4000.001,610,460,460,32.20,32.20,europe_zone_2,,,True,GBP,G,MM,7,False,True,250,mediumParcel,Royal Mail public online price plus published £3.10 extra-compensation option. Confirm Click & Drop account code OTB before production.,https://www.royalmail.com/sending/international/international-tracked,2026-04-07,verified public online price 2026-05-15,12,,0.12,2026-11-17,2027-01-09,,,,,,
royal_mail_international_tracked_extra_compensation_medium_parcel,International Tracked Extra Compensation Heavier Medium Parcel,OTB,01,tracked:b2c:b2b:extra_compensation,Poland,PL,0.001,20000,4000,5000.001,610,460,460,40.50,40.50,europe_zone_2,,,True,GBP,G,MM,7,False,True,250,mediumParcel,Royal Mail public online price plus published £3.10 extra-compensation option. Confirm Click & Drop account code OTB before production.,https://www.royalmail.com/sending/international/international-tracked,2026-04-07,verified public online price 2026-05-15,12,,0.12,2026-11-17,2027-01-09,,,,,,
royal_mail_international_tracked_extra_compensation_medium_parcel,International Tracked Extra Compensation Heavier Medium Parcel,OTB,01,tracked:b2c:b2b:extra_compensation,Poland,PL,0.001,20000,5000,7500.001,610,460,460,57.55,57.55,europe_zone_2,,,True,GBP,G,MM,7,False,True,250,mediumParcel,Royal Mail public online price plus published £3.10 extra-compensation option. Confirm Click & Drop account code OTB before production.,https://www.royalmail.com/sending/international/international-tracked,2026-04-07,verified public online price 2026-05-15,12,,0.12,2026-11-17,2027-01-09,,,,,,
royal_mail_international_tracked_extra_compensation_medium_parcel,International Tracked Extra Compensation Heavier Medium Parcel,OTB,01,tracked:b2c:b2b:extra_compensation,Poland,PL,0.001,20000,7500,10000.001,610,460,460,77.65,77.65,europe_zone_2,,,True,GBP,G,MM,7,False,True,250,mediumParcel,Royal Mail public online price plus published £3.10 extra-compensation option. Confirm Click & Drop account code OTB before production.,https://www.royalmail.com/sending/international/international-tracked,2026-04-07,verified public online price 2026-05-15,12,,0.12,2026-11-17,2027-01-09,,,,,,
royal_mail_international_tracked_extra_compensation_medium_parcel,International Tracked Extra Compensation Heavier Medium Parcel,OTB,01,tracked:b2c:b2b:extra_compensation,Poland,PL,0.001,20000,10000,15000.001,610,460,460,88.75,88.75,europe_zone_2,,,True,GBP,G,MM,7,False,True,250,mediumParcel,Royal Mail public online price plus published £3.10 extra-compensation option. Confirm Click & Drop account code OTB before production.,https://www.royalmail.com/sending/international/international-tracked,2026-04-07,verified public online price 2026-05-15,12,,0.12,2026-11-17,2027-01-09,,,,,,
royal_mail_international_tracked_extra_compensation_medium_parcel,International Tracked Extra Compensation Heavier Medium Parcel,OTB,01,tracked:b2c:b2b:extra_compensation,Poland,PL,0.001,20000,15000,20000.001,610,460,460,112.35,112.35,europe_zone_2,,,True,GBP,G,MM,7,False,True,250,mediumParcel,Royal Mail public online price plus published £3.10 extra-compensation option. Confirm Click & Drop account code OTB before production.,https://www.royalmail.com/sending/international/international-tracked,2026-04-07,verified public online price 2026-05-15,12,,0.12,2026-11-17,2027-01-09,,,,,,
royal_mail_international_tracked_extra_compensation_medium_parcel,International Tracked Extra Compensation Heavier Medium Parcel,OTB,01,tracked:b2c:b2b:extra_compensation,Romania,RO,0.001,20000,0,1000.001,610,460,460,20.95,20.95,europe_zone_2,,,True,GBP,G,MM,7,False,True,250,mediumParcel,Royal Mail public online price plus published £3.10 extra-compensation option. Confirm Click & Drop account code OTB before production.,https://www.royalmail.com/sending/international/international-tracked,2026-04-07,verified public online price 2026-05-15,12,,0.12,2026-11-17,2027-01-09,,,,,,
royal_mail_international_tracked_extra_compensation_medium_parcel,International Tracked Extra Compensation Heavier Medium Parcel,OTB,01,tracked:b2c:b2b:extra_compensation,Romania,RO,0.001,20000,1000,2000.001,610,460,460,23.80,23.80,europe_zone_2,,,True,GBP,G,MM,7,False,True,250,mediumParcel,Royal Mail public online price plus published £3.10 extra-compensation option. Confirm Click & Drop account code OTB before production.,https://www.royalmail.com/sending/international/international-tracked,2026-04-07,verified public online price 2026-05-15,12,,0.12,2026-11-17,2027-01-09,,,,,,
royal_mail_international_tracked_extra_compensation_medium_parcel,International Tracked Extra Compensation Heavier Medium Parcel,OTB,01,tracked:b2c:b2b:extra_compensation,Romania,RO,0.001,20000,2000,3000.001,610,460,460,26.40,26.40,europe_zone_2,,,True,GBP,G,MM,7,False,True,250,mediumParcel,Royal Mail public online price plus published £3.10 extra-compensation option. Confirm Click & Drop account code OTB before production.,https://www.royalmail.com/sending/international/international-tracked,2026-04-07,verified public online price 2026-05-15,12,,0.12,2026-11-17,2027-01-09,,,,,,
royal_mail_international_tracked_extra_compensation_medium_parcel,International Tracked Extra Compensation Heavier Medium Parcel,OTB,01,tracked:b2c:b2b:extra_compensation,Romania,RO,0.001,20000,3000,4000.001,610,460,460,36.00,36.00,europe_zone_2,,,True,GBP,G,MM,7,False,True,250,mediumParcel,Royal Mail public online price plus published £3.10 extra-compensation option. Confirm Click & Drop account code OTB before production.,https://www.royalmail.com/sending/international/international-tracked,2026-04-07,verified public online price 2026-05-15,12,,0.12,2026-11-17,2027-01-09,,,,,,
royal_mail_international_tracked_extra_compensation_medium_parcel,International Tracked Extra Compensation Heavier Medium Parcel,OTB,01,tracked:b2c:b2b:extra_compensation,Romania,RO,0.001,20000,4000,5000.001,610,460,460,44.80,44.80,europe_zone_2,,,True,GBP,G,MM,7,False,True,250,mediumParcel,Royal Mail public online price plus published £3.10 extra-compensation option. Confirm Click & Drop account code OTB before production.,https://www.royalmail.com/sending/international/international-tracked,2026-04-07,verified public online price 2026-05-15,12,,0.12,2026-11-17,2027-01-09,,,,,,
royal_mail_international_tracked_extra_compensation_medium_parcel,International Tracked Extra Compensation Heavier Medium Parcel,OTB,01,tracked:b2c:b2b:extra_compensation,Romania,RO,0.001,20000,5000,7500.001,610,460,460,57.55,57.55,europe_zone_2,,,True,GBP,G,MM,7,False,True,250,mediumParcel,Royal Mail public online price plus published £3.10 extra-compensation option. Confirm Click & Drop account code OTB before production.,https://www.royalmail.com/sending/international/international-tracked,2026-04-07,verified public online price 2026-05-15,12,,0.12,2026-11-17,2027-01-09,,,,,,
royal_mail_international_tracked_extra_compensation_medium_parcel,International Tracked Extra Compensation Heavier Medium Parcel,OTB,01,tracked:b2c:b2b:extra_compensation,Romania,RO,0.001,20000,7500,10000.001,610,460,460,77.65,77.65,europe_zone_2,,,True,GBP,G,MM,7,False,True,250,mediumParcel,Royal Mail public online price plus published £3.10 extra-compensation option. Confirm Click & Drop account code OTB before production.,https://www.royalmail.com/sending/international/international-tracked,2026-04-07,verified public online price 2026-05-15,12,,0.12,2026-11-17,2027-01-09,,,,,,
royal_mail_international_tracked_extra_compensation_medium_parcel,International Tracked Extra Compensation Heavier Medium Parcel,OTB,01,tracked:b2c:b2b:extra_compensation,Romania,RO,0.001,20000,10000,15000.001,610,460,460,88.75,88.75,europe_zone_2,,,True,GBP,G,MM,7,False,True,250,mediumParcel,Royal Mail public online price plus published £3.10 extra-compensation option. Confirm Click & Drop account code OTB before production.,https://www.royalmail.com/sending/international/international-tracked,2026-04-07,verified public online price 2026-05-15,12,,0.12,2026-11-17,2027-01-09,,,,,,
royal_mail_international_tracked_extra_compensation_medium_parcel,International Tracked Extra Compensation Heavier Medium Parcel,OTB,01,tracked:b2c:b2b:extra_compensation,Romania,RO,0.001,20000,15000,20000.001,610,460,460,112.35,112.35,europe_zone_2,,,True,GBP,G,MM,7,False,True,250,mediumParcel,Royal Mail public online price plus published £3.10 extra-compensation option. Confirm Click & Drop account code OTB before production.,https://www.royalmail.com/sending/international/international-tracked,2026-04-07,verified public online price 2026-05-15,12,,0.12,2026-11-17,2027-01-09,,,,,,
royal_mail_international_tracked_extra_compensation_medium_parcel,International Tracked Extra Compensation Heavier Medium Parcel,OTB,01,tracked:b2c:b2b:extra_compensation,Spain,ES,0.001,20000,0,1000.001,610,460,460,17.90,17.90,europe_zone_2,,,True,GBP,G,MM,7,False,True,250,mediumParcel,Royal Mail public online price plus published £3.10 extra-compensation option. Confirm Click & Drop account code OTB before production.,https://www.royalmail.com/sending/international/international-tracked,2026-04-07,verified public online price 2026-05-15,12,,0.12,2026-11-17,2027-01-09,,,,,,
royal_mail_international_tracked_extra_compensation_medium_parcel,International Tracked Extra Compensation Heavier Medium Parcel,OTB,01,tracked:b2c:b2b:extra_compensation,Spain,ES,0.001,20000,1000,2000.001,610,460,460,20.20,20.20,europe_zone_2,,,True,GBP,G,MM,7,False,True,250,mediumParcel,Royal Mail public online price plus published £3.10 extra-compensation option. Confirm Click & Drop account code OTB before production.,https://www.royalmail.com/sending/international/international-tracked,2026-04-07,verified public online price 2026-05-15,12,,0.12,2026-11-17,2027-01-09,,,,,,
royal_mail_international_tracked_extra_compensation_medium_parcel,International Tracked Extra Compensation Heavier Medium Parcel,OTB,01,tracked:b2c:b2b:extra_compensation,Spain,ES,0.001,20000,2000,3000.001,610,460,460,22.90,22.90,europe_zone_2,,,True,GBP,G,MM,7,False,True,250,mediumParcel,Royal Mail public online price plus published £3.10 extra-compensation option. Confirm Click & Drop account code OTB before production.,https://www.royalmail.com/sending/international/international-tracked,2026-04-07,verified public online price 2026-05-15,12,,0.12,2026-11-17,2027-01-09,,,,,,
royal_mail_international_tracked_extra_compensation_medium_parcel,International Tracked Extra Compensation Heavier Medium Parcel,OTB,01,tracked:b2c:b2b:extra_compensation,Spain,ES,0.001,20000,3000,4000.001,610,460,460,27.60,27.60,europe_zone_2,,,True,GBP,G,MM,7,False,True,250,mediumParcel,Royal Mail public online price plus published £3.10 extra-compensation option. Confirm Click & Drop account code OTB before production.,https://www.royalmail.com/sending/international/international-tracked,2026-04-07,verified public online price 2026-05-15,12,,0.12,2026-11-17,2027-01-09,,,,,,
royal_mail_international_tracked_extra_compensation_medium_parcel,International Tracked Extra Compensation Heavier Medium Parcel,OTB,01,tracked:b2c:b2b:extra_compensation,Spain,ES,0.001,20000,4000,5000.001,610,460,460,32.10,32.10,europe_zone_2,,,True,GBP,G,MM,7,False,True,250,mediumParcel,Royal Mail public online price plus published £3.10 extra-compensation option. Confirm Click & Drop account code OTB before production.,https://www.royalmail.com/sending/international/international-tracked,2026-04-07,verified public online price 2026-05-15,12,,0.12,2026-11-17,2027-01-09,,,,,,
royal_mail_international_tracked_extra_compensation_medium_parcel,International Tracked Extra Compensation Heavier Medium Parcel,OTB,01,tracked:b2c:b2b:extra_compensation,Spain,ES,0.001,20000,5000,7500.001,610,460,460,41.10,41.10,europe_zone_2,,,True,GBP,G,MM,7,False,True,250,mediumParcel,Royal Mail public online price plus published £3.10 extra-compensation option. Confirm Click & Drop account code OTB before production.,https://www.royalmail.com/sending/international/international-tracked,2026-04-07,verified public online price 2026-05-15,12,,0.12,2026-11-17,2027-01-09,,,,,,
royal_mail_international_tracked_extra_compensation_medium_parcel,International Tracked Extra Compensation Heavier Medium Parcel,OTB,01,tracked:b2c:b2b:extra_compensation,Spain,ES,0.001,20000,7500,10000.001,610,460,460,49.10,49.10,europe_zone_2,,,True,GBP,G,MM,7,False,True,250,mediumParcel,Royal Mail public online price plus published £3.10 extra-compensation option. Confirm Click & Drop account code OTB before production.,https://www.royalmail.com/sending/international/international-tracked,2026-04-07,verified public online price 2026-05-15,12,,0.12,2026-11-17,2027-01-09,,,,,,
royal_mail_international_tracked_extra_compensation_medium_parcel,International Tracked Extra Compensation Heavier Medium Parcel,OTB,01,tracked:b2c:b2b:extra_compensation,Spain,ES,0.001,20000,10000,15000.001,610,460,460,58.10,58.10,europe_zone_2,,,True,GBP,G,MM,7,False,True,250,mediumParcel,Royal Mail public online price plus published £3.10 extra-compensation option. Confirm Click & Drop account code OTB before production.,https://www.royalmail.com/sending/international/international-tracked,2026-04-07,verified public online price 2026-05-15,12,,0.12,2026-11-17,2027-01-09,,,,,,
royal_mail_international_tracked_extra_compensation_medium_parcel,International Tracked Extra Compensation Heavier Medium Parcel,OTB,01,tracked:b2c:b2b:extra_compensation,Spain,ES,0.001,20000,15000,20000.001,610,460,460,63.10,63.10,europe_zone_2,,,True,GBP,G,MM,7,False,True,250,mediumParcel,Royal Mail public online price plus published £3.10 extra-compensation option. Confirm Click & Drop account code OTB before production.,https://www.royalmail.com/sending/international/international-tracked,2026-04-07,verified public online price 2026-05-15,12,,0.12,2026-11-17,2027-01-09,,,,,,
royal_mail_international_tracked_extra_compensation_medium_parcel,International Tracked Extra Compensation Heavier Medium Parcel,OTB,01,tracked:b2c:b2b:extra_compensation,Sweden,SE,0.001,20000,0,1000.001,610,460,460,16.10,16.10,europe_zone_2,,,True,GBP,G,MM,7,False,True,250,mediumParcel,Royal Mail public online price plus published £3.10 extra-compensation option. Confirm Click & Drop account code OTB before production.,https://www.royalmail.com/sending/international/international-tracked,2026-04-07,verified public online price 2026-05-15,12,,0.12,2026-11-17,2027-01-09,,,,,,
royal_mail_international_tracked_extra_compensation_medium_parcel,International Tracked Extra Compensation Heavier Medium Parcel,OTB,01,tracked:b2c:b2b:extra_compensation,Sweden,SE,0.001,20000,1000,2000.001,610,460,460,19.20,19.20,europe_zone_2,,,True,GBP,G,MM,7,False,True,250,mediumParcel,Royal Mail public online price plus published £3.10 extra-compensation option. Confirm Click & Drop account code OTB before production.,https://www.royalmail.com/sending/international/international-tracked,2026-04-07,verified public online price 2026-05-15,12,,0.12,2026-11-17,2027-01-09,,,,,,
royal_mail_international_tracked_extra_compensation_medium_parcel,International Tracked Extra Compensation Heavier Medium Parcel,OTB,01,tracked:b2c:b2b:extra_compensation,Sweden,SE,0.001,20000,2000,3000.001,610,460,460,21.75,21.75,europe_zone_2,,,True,GBP,G,MM,7,False,True,250,mediumParcel,Royal Mail public online price plus published £3.10 extra-compensation option. Confirm Click & Drop account code OTB before production.,https://www.royalmail.com/sending/international/international-tracked,2026-04-07,verified public online price 2026-05-15,12,,0.12,2026-11-17,2027-01-09,,,,,,
royal_mail_international_tracked_extra_compensation_medium_parcel,International Tracked Extra Compensation Heavier Medium Parcel,OTB,01,tracked:b2c:b2b:extra_compensation,Sweden,SE,0.001,20000,3000,4000.001,610,460,460,33.05,33.05,europe_zone_2,,,True,GBP,G,MM,7,False,True,250,mediumParcel,Royal Mail public online price plus published £3.10 extra-compensation option. Confirm Click & Drop account code OTB before production.,https://www.royalmail.com/sending/international/international-tracked,2026-04-07,verified public online price 2026-05-15,12,,0.12,2026-11-17,2027-01-09,,,,,,
royal_mail_international_tracked_extra_compensation_medium_parcel,International Tracked Extra Compensation Heavier Medium Parcel,OTB,01,tracked:b2c:b2b:extra_compensation,Sweden,SE,0.001,20000,4000,5000.001,610,460,460,39.75,39.75,europe_zone_2,,,True,GBP,G,MM,7,False,True,250,mediumParcel,Royal Mail public online price plus published £3.10 extra-compensation option. Confirm Click & Drop account code OTB before production.,https://www.royalmail.com/sending/international/international-tracked,2026-04-07,verified public online price 2026-05-15,12,,0.12,2026-11-17,2027-01-09,,,,,,
royal_mail_international_tracked_extra_compensation_medium_parcel,International Tracked Extra Compensation Heavier Medium Parcel,OTB,01,tracked:b2c:b2b:extra_compensation,Sweden,SE,0.001,20000,5000,7500.001,610,460,460,56.50,56.50,europe_zone_2,,,True,GBP,G,MM,7,False,True,250,mediumParcel,Royal Mail public online price plus published £3.10 extra-compensation option. Confirm Click & Drop account code OTB before production.,https://www.royalmail.com/sending/international/international-tracked,2026-04-07,verified public online price 2026-05-15,12,,0.12,2026-11-17,2027-01-09,,,,,,
royal_mail_international_tracked_extra_compensation_medium_parcel,International Tracked Extra Compensation Heavier Medium Parcel,OTB,01,tracked:b2c:b2b:extra_compensation,Sweden,SE,0.001,20000,7500,10000.001,610,460,460,76.20,76.20,europe_zone_2,,,True,GBP,G,MM,7,False,True,250,mediumParcel,Royal Mail public online price plus published £3.10 extra-compensation option. Confirm Click & Drop account code OTB before production.,https://www.royalmail.com/sending/international/international-tracked,2026-04-07,verified public online price 2026-05-15,12,,0.12,2026-11-17,2027-01-09,,,,,,
royal_mail_international_tracked_extra_compensation_medium_parcel,International Tracked Extra Compensation Heavier Medium Parcel,OTB,01,tracked:b2c:b2b:extra_compensation,Sweden,SE,0.001,20000,10000,15000.001,610,460,460,86.70,86.70,europe_zone_2,,,True,GBP,G,MM,7,False,True,250,mediumParcel,Royal Mail public online price plus published £3.10 extra-compensation option. Confirm Click & Drop account code OTB before production.,https://www.royalmail.com/sending/international/international-tracked,2026-04-07,verified public online price 2026-05-15,12,,0.12,2026-11-17,2027-01-09,,,,,,
royal_mail_international_tracked_extra_compensation_medium_parcel,International Tracked Extra Compensation Heavier Medium Parcel,OTB,01,tracked:b2c:b2b:extra_compensation,Sweden,SE,0.001,20000,15000,20000.001,610,460,460,110.20,110.20,europe_zone_2,,,True,GBP,G,MM,7,False,True,250,mediumParcel,Royal Mail public online price plus published £3.10 extra-compensation option. Confirm Click & Drop account code OTB before production.,https://www.royalmail.com/sending/international/international-tracked,2026-04-07,verified public online price 2026-05-15,12,,0.12,2026-11-17,2027-01-09,,,,,,
royal_mail_international_tracked_extra_compensation_medium_parcel,International Tracked Extra Compensation Heavier Medium Parcel,OTB,01,tracked:b2c:b2b:extra_compensation,Rest of Europe Zone 2,AT:LV:PT:LT:LU:BG:MT:HR:CY:CZ:SK:EE:SI:FI:GR:HU,0.001,20000,0,1000.001,610,460,460,16.65,16.65,europe_zone_2,,,True,GBP,G,MM,7,False,True,250,mediumParcel,Royal Mail public online price plus published £3.10 extra-compensation option. Confirm Click & Drop account code OTB before production.,https://www.royalmail.com/sending/international/international-tracked,2026-04-07,verified public online price 2026-05-15,12,,0.12,2026-11-17,2027-01-09,,,,,,
royal_mail_international_tracked_extra_compensation_medium_parcel,International Tracked Extra Compensation Heavier Medium Parcel,OTB,01,tracked:b2c:b2b:extra_compensation,Rest of Europe Zone 2,AT:LV:PT:LT:LU:BG:MT:HR:CY:CZ:SK:EE:SI:FI:GR:HU,0.001,20000,1000,2000.001,610,460,460,19.50,19.50,europe_zone_2,,,True,GBP,G,MM,7,False,True,250,mediumParcel,Royal Mail public online price plus published £3.10 extra-compensation option. Confirm Click & Drop account code OTB before production.,https://www.royalmail.com/sending/international/international-tracked,2026-04-07,verified public online price 2026-05-15,12,,0.12,2026-11-17,2027-01-09,,,,,,
royal_mail_international_tracked_extra_compensation_medium_parcel,International Tracked Extra Compensation Heavier Medium Parcel,OTB,01,tracked:b2c:b2b:extra_compensation,Rest of Europe Zone 2,AT:LV:PT:LT:LU:BG:MT:HR:CY:CZ:SK:EE:SI:FI:GR:HU,0.001,20000,2000,3000.001,610,460,460,22.10,22.10,europe_zone_2,,,True,GBP,G,MM,7,False,True,250,mediumParcel,Royal Mail public online price plus published £3.10 extra-compensation option. Confirm Click & Drop account code OTB before production.,https://www.royalmail.com/sending/international/international-tracked,2026-04-07,verified public online price 2026-05-15,12,,0.12,2026-11-17,2027-01-09,,,,,,
royal_mail_international_tracked_extra_compensation_medium_parcel,International Tracked Extra Compensation Heavier Medium Parcel,OTB,01,tracked:b2c:b2b:extra_compensation,Rest of Europe Zone 2,AT:LV:PT:LT:LU:BG:MT:HR:CY:CZ:SK:EE:SI:FI:GR:HU,0.001,20000,3000,4000.001,610,460,460,37.35,37.35,europe_zone_2,,,True,GBP,G,MM,7,False,True,250,mediumParcel,Royal Mail public online price plus published £3.10 extra-compensation option. Confirm Click & Drop account code OTB before production.,https://www.royalmail.com/sending/international/international-tracked,2026-04-07,verified public online price 2026-05-15,12,,0.12,2026-11-17,2027-01-09,,,,,,
royal_mail_international_tracked_extra_compensation_medium_parcel,International Tracked Extra Compensation Heavier Medium Parcel,OTB,01,tracked:b2c:b2b:extra_compensation,Rest of Europe Zone 2,AT:LV:PT:LT:LU:BG:MT:HR:CY:CZ:SK:EE:SI:FI:GR:HU,0.001,20000,4000,5000.001,610,460,460,40.50,40.50,europe_zone_2,,,True,GBP,G,MM,7,False,True,250,mediumParcel,Royal Mail public online price plus published £3.10 extra-compensation option. Confirm Click & Drop account code OTB before production.,https://www.royalmail.com/sending/international/international-tracked,2026-04-07,verified public online price 2026-05-15,12,,0.12,2026-11-17,2027-01-09,,,,,,
royal_mail_international_tracked_extra_compensation_medium_parcel,International Tracked Extra Compensation Heavier Medium Parcel,OTB,01,tracked:b2c:b2b:extra_compensation,Rest of Europe Zone 2,AT:LV:PT:LT:LU:BG:MT:HR:CY:CZ:SK:EE:SI:FI:GR:HU,0.001,20000,5000,7500.001,610,460,460,58.65,58.65,europe_zone_2,,,True,GBP,G,MM,7,False,True,250,mediumParcel,Royal Mail public online price plus published £3.10 extra-compensation option. Confirm Click & Drop account code OTB before production.,https://www.royalmail.com/sending/international/international-tracked,2026-04-07,verified public online price 2026-05-15,12,,0.12,2026-11-17,2027-01-09,,,,,,
royal_mail_international_tracked_extra_compensation_medium_parcel,International Tracked Extra Compensation Heavier Medium Parcel,OTB,01,tracked:b2c:b2b:extra_compensation,Rest of Europe Zone 2,AT:LV:PT:LT:LU:BG:MT:HR:CY:CZ:SK:EE:SI:FI:GR:HU,0.001,20000,7500,10000.001,610,460,460,71.65,71.65,europe_zone_2,,,True,GBP,G,MM,7,False,True,250,mediumParcel,Royal Mail public online price plus published £3.10 extra-compensation option. Confirm Click & Drop account code OTB before production.,https://www.royalmail.com/sending/international/international-tracked,2026-04-07,verified public online price 2026-05-15,12,,0.12,2026-11-17,2027-01-09,,,,,,
royal_mail_international_tracked_extra_compensation_medium_parcel,International Tracked Extra Compensation Heavier Medium Parcel,OTB,01,tracked:b2c:b2b:extra_compensation,Rest of Europe Zone 2,AT:LV:PT:LT:LU:BG:MT:HR:CY:CZ:SK:EE:SI:FI:GR:HU,0.001,20000,10000,15000.001,610,460,460,81.75,81.75,europe_zone_2,,,True,GBP,G,MM,7,False,True,250,mediumParcel,Royal Mail public online price plus published £3.10 extra-compensation option. Confirm Click & Drop account code OTB before production.,https://www.royalmail.com/sending/international/international-tracked,2026-04-07,verified public online price 2026-05-15,12,,0.12,2026-11-17,2027-01-09,,,,,,
royal_mail_international_tracked_extra_compensation_medium_parcel,International Tracked Extra Compensation Heavier Medium Parcel,OTB,01,tracked:b2c:b2b:extra_compensation,Rest of Europe Zone 2,AT:LV:PT:LT:LU:BG:MT:HR:CY:CZ:SK:EE:SI:FI:GR:HU,0.001,20000,15000,20000.001,610,460,460,88.35,88.35,europe_zone_2,,,True,GBP,G,MM,7,False,True,250,mediumParcel,Royal Mail public online price plus published £3.10 extra-compensation option. Confirm Click & Drop account code OTB before production.,https://www.royalmail.com/sending/international/international-tracked,2026-04-07,verified public online price 2026-05-15,12,,0.12,2026-11-17,2027-01-09,,,,,,
royal_mail_international_tracked_extra_compensation_medium_parcel,International Tracked Extra Compensation Heavier Medium Parcel,OTB,01,tracked:b2c:b2b:extra_compensation,Norway,NO:SJ,0.001,20000,0,1000.001,610,460,460,19.75,19.75,europe_zone_3,,,True,GBP,G,MM,7,False,True,250,mediumParcel,Royal Mail public online price plus published £3.10 extra-compensation option. Confirm Click & Drop account code OTB before production.,https://www.royalmail.com/sending/international/international-tracked,2026-04-07,verified public online price 2026-05-15,12,,0.12,2026-11-17,2027-01-09,,,,,,
royal_mail_international_tracked_extra_compensation_medium_parcel,International Tracked Extra Compensation Heavier Medium Parcel,OTB,01,tracked:b2c:b2b:extra_compensation,Norway,NO:SJ,0.001,20000,1000,2000.001,610,460,460,26.45,26.45,europe_zone_3,,,True,GBP,G,MM,7,False,True,250,mediumParcel,Royal Mail public online price plus published £3.10 extra-compensation option. Confirm Click & Drop account code OTB before production.,https://www.royalmail.com/sending/international/international-tracked,2026-04-07,verified public online price 2026-05-15,12,,0.12,2026-11-17,2027-01-09,,,,,,
royal_mail_international_tracked_extra_compensation_medium_parcel,International Tracked Extra Compensation Heavier Medium Parcel,OTB,01,tracked:b2c:b2b:extra_compensation,Norway,NO:SJ,0.001,20000,2000,3000.001,610,460,460,30.40,30.40,europe_zone_3,,,True,GBP,G,MM,7,False,True,250,mediumParcel,Royal Mail public online price plus published £3.10 extra-compensation option. Confirm Click & Drop account code OTB before production.,https://www.royalmail.com/sending/international/international-tracked,2026-04-07,verified public online price 2026-05-15,12,,0.12,2026-11-17,2027-01-09,,,,,,
royal_mail_international_tracked_extra_compensation_medium_parcel,International Tracked Extra Compensation Heavier Medium Parcel,OTB,01,tracked:b2c:b2b:extra_compensation,Norway,NO:SJ,0.001,20000,3000,4000.001,610,460,460,37.65,37.65,europe_zone_3,,,True,GBP,G,MM,7,False,True,250,mediumParcel,Royal Mail public online price plus published £3.10 extra-compensation option. Confirm Click & Drop account code OTB before production.,https://www.royalmail.com/sending/international/international-tracked,2026-04-07,verified public online price 2026-05-15,12,,0.12,2026-11-17,2027-01-09,,,,,,
royal_mail_international_tracked_extra_compensation_medium_parcel,International Tracked Extra Compensation Heavier Medium Parcel,OTB,01,tracked:b2c:b2b:extra_compensation,Norway,NO:SJ,0.001,20000,4000,5000.001,610,460,460,43.75,43.75,europe_zone_3,,,True,GBP,G,MM,7,False,True,250,mediumParcel,Royal Mail public online price plus published £3.10 extra-compensation option. Confirm Click & Drop account code OTB before production.,https://www.royalmail.com/sending/international/international-tracked,2026-04-07,verified public online price 2026-05-15,12,,0.12,2026-11-17,2027-01-09,,,,,,
royal_mail_international_tracked_extra_compensation_medium_parcel,International Tracked Extra Compensation Heavier Medium Parcel,OTB,01,tracked:b2c:b2b:extra_compensation,Norway,NO:SJ,0.001,20000,5000,7500.001,610,460,460,59.95,59.95,europe_zone_3,,,True,GBP,G,MM,7,False,True,250,mediumParcel,Royal Mail public online price plus published £3.10 extra-compensation option. Confirm Click & Drop account code OTB before production.,https://www.royalmail.com/sending/international/international-tracked,2026-04-07,verified public online price 2026-05-15,12,,0.12,2026-11-17,2027-01-09,,,,,,
royal_mail_international_tracked_extra_compensation_medium_parcel,International Tracked Extra Compensation Heavier Medium Parcel,OTB,01,tracked:b2c:b2b:extra_compensation,Norway,NO:SJ,0.001,20000,7500,10000.001,610,460,460,80.75,80.75,europe_zone_3,,,True,GBP,G,MM,7,False,True,250,mediumParcel,Royal Mail public online price plus published £3.10 extra-compensation option. Confirm Click & Drop account code OTB before production.,https://www.royalmail.com/sending/international/international-tracked,2026-04-07,verified public online price 2026-05-15,12,,0.12,2026-11-17,2027-01-09,,,,,,
royal_mail_international_tracked_extra_compensation_medium_parcel,International Tracked Extra Compensation Heavier Medium Parcel,OTB,01,tracked:b2c:b2b:extra_compensation,Norway,NO:SJ,0.001,20000,10000,15000.001,610,460,460,102.95,102.95,europe_zone_3,,,True,GBP,G,MM,7,False,True,250,mediumParcel,Royal Mail public online price plus published £3.10 extra-compensation option. Confirm Click & Drop account code OTB before production.,https://www.royalmail.com/sending/international/international-tracked,2026-04-07,verified public online price 2026-05-15,12,,0.12,2026-11-17,2027-01-09,,,,,,
royal_mail_international_tracked_extra_compensation_medium_parcel,International Tracked Extra Compensation Heavier Medium Parcel,OTB,01,tracked:b2c:b2b:extra_compensation,Norway,NO:SJ,0.001,20000,15000,20000.001,610,460,460,132.70,132.70,europe_zone_3,,,True,GBP,G,MM,7,False,True,250,mediumParcel,Royal Mail public online price plus published £3.10 extra-compensation option. Confirm Click & Drop account code OTB before production.,https://www.royalmail.com/sending/international/international-tracked,2026-04-07,verified public online price 2026-05-15,12,,0.12,2026-11-17,2027-01-09,,,,,,
royal_mail_international_tracked_extra_compensation_medium_parcel,International Tracked Extra Compensation Heavier Medium Parcel,OTB,01,tracked:b2c:b2b:extra_compensation,Switzerland,CH,0.001,20000,0,1000.001,610,460,460,19.45,19.45,europe_zone_3,,,True,GBP,G,MM,7,False,True,250,mediumParcel,Royal Mail public online price plus published £3.10 extra-compensation option. Confirm Click & Drop account code OTB before production.,https://www.royalmail.com/sending/international/international-tracked,2026-04-07,verified public online price 2026-05-15,12,,0.12,2026-11-17,2027-01-09,,,,,,
royal_mail_international_tracked_extra_compensation_medium_parcel,International Tracked Extra Compensation Heavier Medium Parcel,OTB,01,tracked:b2c:b2b:extra_compensation,Switzerland,CH,0.001,20000,1000,2000.001,610,460,460,24.65,24.65,europe_zone_3,,,True,GBP,G,MM,7,False,True,250,mediumParcel,Royal Mail public online price plus published £3.10 extra-compensation option. Confirm Click & Drop account code OTB before production.,https://www.royalmail.com/sending/international/international-tracked,2026-04-07,verified public online price 2026-05-15,12,,0.12,2026-11-17,2027-01-09,,,,,,
royal_mail_international_tracked_extra_compensation_medium_parcel,International Tracked Extra Compensation Heavier Medium Parcel,OTB,01,tracked:b2c:b2b:extra_compensation,Switzerland,CH,0.001,20000,2000,3000.001,610,460,460,29.90,29.90,europe_zone_3,,,True,GBP,G,MM,7,False,True,250,mediumParcel,Royal Mail public online price plus published £3.10 extra-compensation option. Confirm Click & Drop account code OTB before production.,https://www.royalmail.com/sending/international/international-tracked,2026-04-07,verified public online price 2026-05-15,12,,0.12,2026-11-17,2027-01-09,,,,,,
royal_mail_international_tracked_extra_compensation_medium_parcel,International Tracked Extra Compensation Heavier Medium Parcel,OTB,01,tracked:b2c:b2b:extra_compensation,Switzerland,CH,0.001,20000,3000,4000.001,610,460,460,36.95,36.95,europe_zone_3,,,True,GBP,G,MM,7,False,True,250,mediumParcel,Royal Mail public online price plus published £3.10 extra-compensation option. Confirm Click & Drop account code OTB before production.,https://www.royalmail.com/sending/international/international-tracked,2026-04-07,verified public online price 2026-05-15,12,,0.12,2026-11-17,2027-01-09,,,,,,
royal_mail_international_tracked_extra_compensation_medium_parcel,International Tracked Extra Compensation Heavier Medium Parcel,OTB,01,tracked:b2c:b2b:extra_compensation,Switzerland,CH,0.001,20000,4000,5000.001,610,460,460,43.00,43.00,europe_zone_3,,,True,GBP,G,MM,7,False,True,250,mediumParcel,Royal Mail public online price plus published £3.10 extra-compensation option. Confirm Click & Drop account code OTB before production.,https://www.royalmail.com/sending/international/international-tracked,2026-04-07,verified public online price 2026-05-15,12,,0.12,2026-11-17,2027-01-09,,,,,,
royal_mail_international_tracked_extra_compensation_medium_parcel,International Tracked Extra Compensation Heavier Medium Parcel,OTB,01,tracked:b2c:b2b:extra_compensation,Switzerland,CH,0.001,20000,5000,7500.001,610,460,460,53.10,53.10,europe_zone_3,,,True,GBP,G,MM,7,False,True,250,mediumParcel,Royal Mail public online price plus published £3.10 extra-compensation option. Confirm Click & Drop account code OTB before production.,https://www.royalmail.com/sending/international/international-tracked,2026-04-07,verified public online price 2026-05-15,12,,0.12,2026-11-17,2027-01-09,,,,,,
royal_mail_international_tracked_extra_compensation_medium_parcel,International Tracked Extra Compensation Heavier Medium Parcel,OTB,01,tracked:b2c:b2b:extra_compensation,Switzerland,CH,0.001,20000,7500,10000.001,610,460,460,62.10,62.10,europe_zone_3,,,True,GBP,G,MM,7,False,True,250,mediumParcel,Royal Mail public online price plus published £3.10 extra-compensation option. Confirm Click & Drop account code OTB before production.,https://www.royalmail.com/sending/international/international-tracked,2026-04-07,verified public online price 2026-05-15,12,,0.12,2026-11-17,2027-01-09,,,,,,
royal_mail_international_tracked_extra_compensation_medium_parcel,International Tracked Extra Compensation Heavier Medium Parcel,OTB,01,tracked:b2c:b2b:extra_compensation,Switzerland,CH,0.001,20000,10000,15000.001,610,460,460,78.10,78.10,europe_zone_3,,,True,GBP,G,MM,7,False,True,250,mediumParcel,Royal Mail public online price plus published £3.10 extra-compensation option. Confirm Click & Drop account code OTB before production.,https://www.royalmail.com/sending/international/international-tracked,2026-04-07,verified public online price 2026-05-15,12,,0.12,2026-11-17,2027-01-09,,,,,,
royal_mail_international_tracked_extra_compensation_medium_parcel,International Tracked Extra Compensation Heavier Medium Parcel,OTB,01,tracked:b2c:b2b:extra_compensation,Switzerland,CH,0.001,20000,15000,20000.001,610,460,460,97.10,97.10,europe_zone_3,,,True,GBP,G,MM,7,False,True,250,mediumParcel,Royal Mail public online price plus published £3.10 extra-compensation option. Confirm Click & Drop account code OTB before production.,https://www.royalmail.com/sending/international/international-tracked,2026-04-07,verified public online price 2026-05-15,12,,0.12,2026-11-17,2027-01-09,,,,,,
royal_mail_international_tracked_extra_compensation_medium_parcel,International Tracked Extra Compensation Heavier Medium Parcel,OTB,01,tracked:b2c:b2b:extra_compensation,Turkey,TR,0.001,20000,0,1000.001,610,460,460,19.40,19.40,europe_zone_3,,,True,GBP,G,MM,7,False,True,250,mediumParcel,Royal Mail public online price plus published £3.10 extra-compensation option. Confirm Click & Drop account code OTB before production.,https://www.royalmail.com/sending/international/international-tracked,2026-04-07,verified public online price 2026-05-15,12,,0.12,2026-11-17,2027-01-09,,,,,,
royal_mail_international_tracked_extra_compensation_medium_parcel,International Tracked Extra Compensation Heavier Medium Parcel,OTB,01,tracked:b2c:b2b:extra_compensation,Turkey,TR,0.001,20000,1000,2000.001,610,460,460,26.35,26.35,europe_zone_3,,,True,GBP,G,MM,7,False,True,250,mediumParcel,Royal Mail public online price plus published £3.10 extra-compensation option. Confirm Click & Drop account code OTB before production.,https://www.royalmail.com/sending/international/international-tracked,2026-04-07,verified public online price 2026-05-15,12,,0.12,2026-11-17,2027-01-09,,,,,,
royal_mail_international_tracked_extra_compensation_medium_parcel,International Tracked Extra Compensation Heavier Medium Parcel,OTB,01,tracked:b2c:b2b:extra_compensation,Turkey,TR,0.001,20000,2000,3000.001,610,460,460,30.45,30.45,europe_zone_3,,,True,GBP,G,MM,7,False,True,250,mediumParcel,Royal Mail public online price plus published £3.10 extra-compensation option. Confirm Click & Drop account code OTB before production.,https://www.royalmail.com/sending/international/international-tracked,2026-04-07,verified public online price 2026-05-15,12,,0.12,2026-11-17,2027-01-09,,,,,,
royal_mail_international_tracked_extra_compensation_medium_parcel,International Tracked Extra Compensation Heavier Medium Parcel,OTB,01,tracked:b2c:b2b:extra_compensation,Turkey,TR,0.001,20000,3000,4000.001,610,460,460,37.95,37.95,europe_zone_3,,,True,GBP,G,MM,7,False,True,250,mediumParcel,Royal Mail public online price plus published £3.10 extra-compensation option. Confirm Click & Drop account code OTB before production.,https://www.royalmail.com/sending/international/international-tracked,2026-04-07,verified public online price 2026-05-15,12,,0.12,2026-11-17,2027-01-09,,,,,,
royal_mail_international_tracked_extra_compensation_medium_parcel,International Tracked Extra Compensation Heavier Medium Parcel,OTB,01,tracked:b2c:b2b:extra_compensation,Turkey,TR,0.001,20000,4000,5000.001,610,460,460,44.35,44.35,europe_zone_3,,,True,GBP,G,MM,7,False,True,250,mediumParcel,Royal Mail public online price plus published £3.10 extra-compensation option. Confirm Click & Drop account code OTB before production.,https://www.royalmail.com/sending/international/international-tracked,2026-04-07,verified public online price 2026-05-15,12,,0.12,2026-11-17,2027-01-09,,,,,,
royal_mail_international_tracked_extra_compensation_medium_parcel,International Tracked Extra Compensation Heavier Medium Parcel,OTB,01,tracked:b2c:b2b:extra_compensation,Turkey,TR,0.001,20000,5000,7500.001,610,460,460,61.10,61.10,europe_zone_3,,,True,GBP,G,MM,7,False,True,250,mediumParcel,Royal Mail public online price plus published £3.10 extra-compensation option. Confirm Click & Drop account code OTB before production.,https://www.royalmail.com/sending/international/international-tracked,2026-04-07,verified public online price 2026-05-15,12,,0.12,2026-11-17,2027-01-09,,,,,,
royal_mail_international_tracked_extra_compensation_medium_parcel,International Tracked Extra Compensation Heavier Medium Parcel,OTB,01,tracked:b2c:b2b:extra_compensation,Turkey,TR,0.001,20000,7500,10000.001,610,460,460,82.70,82.70,europe_zone_3,,,True,GBP,G,MM,7,False,True,250,mediumParcel,Royal Mail public online price plus published £3.10 extra-compensation option. Confirm Click & Drop account code OTB before production.,https://www.royalmail.com/sending/international/international-tracked,2026-04-07,verified public online price 2026-05-15,12,,0.12,2026-11-17,2027-01-09,,,,,,
royal_mail_international_tracked_extra_compensation_medium_parcel,International Tracked Extra Compensation Heavier Medium Parcel,OTB,01,tracked:b2c:b2b:extra_compensation,Turkey,TR,0.001,20000,10000,15000.001,610,460,460,105.10,105.10,europe_zone_3,,,True,GBP,G,MM,7,False,True,250,mediumParcel,Royal Mail public online price plus published £3.10 extra-compensation option. Confirm Click & Drop account code OTB before production.,https://www.royalmail.com/sending/international/international-tracked,2026-04-07,verified public online price 2026-05-15,12,,0.12,2026-11-17,2027-01-09,,,,,,
royal_mail_international_tracked_extra_compensation_medium_parcel,International Tracked Extra Compensation Heavier Medium Parcel,OTB,01,tracked:b2c:b2b:extra_compensation,Turkey,TR,0.001,20000,15000,20000.001,610,460,460,120.10,120.10,europe_zone_3,,,True,GBP,G,MM,7,False,True,250,mediumParcel,Royal Mail public online price plus published £3.10 extra-compensation option. Confirm Click & Drop account code OTB before production.,https://www.royalmail.com/sending/international/international-tracked,2026-04-07,verified public online price 2026-05-15,12,,0.12,2026-11-17,2027-01-09,,,,,,
royal_mail_international_tracked_extra_compensation_medium_parcel,International Tracked Extra Compensation Heavier Medium Parcel,OTB,01,tracked:b2c:b2b:extra_compensation,Rest of Europe Zone 3,AL:MD:AD:ME:AM:MK:AZ:BY:RU:BA:SM:FO:RS:GE:GI:TJ:GL:IS:TM:KZ:UA:XK:UZ:KG:VA:LI,0.001,20000,0,1000.001,610,460,460,20.40,20.40,europe_zone_3,,,True,GBP,G,MM,7,False,True,250,mediumParcel,Royal Mail public online price plus published £3.10 extra-compensation option. Confirm Click & Drop account code OTB before production.,https://www.royalmail.com/sending/international/international-tracked,2026-04-07,verified public online price 2026-05-15,12,,0.12,2026-11-17,2027-01-09,,,,,,
royal_mail_international_tracked_extra_compensation_medium_parcel,International Tracked Extra Compensation Heavier Medium Parcel,OTB,01,tracked:b2c:b2b:extra_compensation,Rest of Europe Zone 3,AL:MD:AD:ME:AM:MK:AZ:BY:RU:BA:SM:FO:RS:GE:GI:TJ:GL:IS:TM:KZ:UA:XK:UZ:KG:VA:LI,0.001,20000,1000,2000.001,610,460,460,27.35,27.35,europe_zone_3,,,True,GBP,G,MM,7,False,True,250,mediumParcel,Royal Mail public online price plus published £3.10 extra-compensation option. Confirm Click & Drop account code OTB before production.,https://www.royalmail.com/sending/international/international-tracked,2026-04-07,verified public online price 2026-05-15,12,,0.12,2026-11-17,2027-01-09,,,,,,
royal_mail_international_tracked_extra_compensation_medium_parcel,International Tracked Extra Compensation Heavier Medium Parcel,OTB,01,tracked:b2c:b2b:extra_compensation,Rest of Europe Zone 3,AL:MD:AD:ME:AM:MK:AZ:BY:RU:BA:SM:FO:RS:GE:GI:TJ:GL:IS:TM:KZ:UA:XK:UZ:KG:VA:LI,0.001,20000,2000,3000.001,610,460,460,31.45,31.45,europe_zone_3,,,True,GBP,G,MM,7,False,True,250,mediumParcel,Royal Mail public online price plus published £3.10 extra-compensation option. Confirm Click & Drop account code OTB before production.,https://www.royalmail.com/sending/international/international-tracked,2026-04-07,verified public online price 2026-05-15,12,,0.12,2026-11-17,2027-01-09,,,,,,
royal_mail_international_tracked_extra_compensation_medium_parcel,International Tracked Extra Compensation Heavier Medium Parcel,OTB,01,tracked:b2c:b2b:extra_compensation,Rest of Europe Zone 3,AL:MD:AD:ME:AM:MK:AZ:BY:RU:BA:SM:FO:RS:GE:GI:TJ:GL:IS:TM:KZ:UA:XK:UZ:KG:VA:LI,0.001,20000,3000,4000.001,610,460,460,38.95,38.95,europe_zone_3,,,True,GBP,G,MM,7,False,True,250,mediumParcel,Royal Mail public online price plus published £3.10 extra-compensation option. Confirm Click & Drop account code OTB before production.,https://www.royalmail.com/sending/international/international-tracked,2026-04-07,verified public online price 2026-05-15,12,,0.12,2026-11-17,2027-01-09,,,,,,
royal_mail_international_tracked_extra_compensation_medium_parcel,International Tracked Extra Compensation Heavier Medium Parcel,OTB,01,tracked:b2c:b2b:extra_compensation,Rest of Europe Zone 3,AL:MD:AD:ME:AM:MK:AZ:BY:RU:BA:SM:FO:RS:GE:GI:TJ:GL:IS:TM:KZ:UA:XK:UZ:KG:VA:LI,0.001,20000,4000,5000.001,610,460,460,45.35,45.35,europe_zone_3,,,True,GBP,G,MM,7,False,True,250,mediumParcel,Royal Mail public online price plus published £3.10 extra-compensation option. Confirm Click & Drop account code OTB before production.,https://www.royalmail.com/sending/international/international-tracked,2026-04-07,verified public online price 2026-05-15,12,,0.12,2026-11-17,2027-01-09,,,,,,
royal_mail_international_tracked_extra_compensation_medium_parcel,International Tracked Extra Compensation Heavier Medium Parcel,OTB,01,tracked:b2c:b2b:extra_compensation,Rest of Europe Zone 3,AL:MD:AD:ME:AM:MK:AZ:BY:RU:BA:SM:FO:RS:GE:GI:TJ:GL:IS:TM:KZ:UA:XK:UZ:KG:VA:LI,0.001,20000,5000,7500.001,610,460,460,62.10,62.10,europe_zone_3,,,True,GBP,G,MM,7,False,True,250,mediumParcel,Royal Mail public online price plus published £3.10 extra-compensation option. Confirm Click & Drop account code OTB before production.,https://www.royalmail.com/sending/international/international-tracked,2026-04-07,verified public online price 2026-05-15,12,,0.12,2026-11-17,2027-01-09,,,,,,
royal_mail_international_tracked_extra_compensation_medium_parcel,International Tracked Extra Compensation Heavier Medium Parcel,OTB,01,tracked:b2c:b2b:extra_compensation,Rest of Europe Zone 3,AL:MD:AD:ME:AM:MK:AZ:BY:RU:BA:SM:FO:RS:GE:GI:TJ:GL:IS:TM:KZ:UA:XK:UZ:KG:VA:LI,0.001,20000,7500,10000.001,610,460,460,83.70,83.70,europe_zone_3,,,True,GBP,G,MM,7,False,True,250,mediumParcel,Royal Mail public online price plus published £3.10 extra-compensation option. Confirm Click & Drop account code OTB before production.,https://www.royalmail.com/sending/international/international-tracked,2026-04-07,verified public online price 2026-05-15,12,,0.12,2026-11-17,2027-01-09,,,,,,
royal_mail_international_tracked_extra_compensation_medium_parcel,International Tracked Extra Compensation Heavier Medium Parcel,OTB,01,tracked:b2c:b2b:extra_compensation,Rest of Europe Zone 3,AL:MD:AD:ME:AM:MK:AZ:BY:RU:BA:SM:FO:RS:GE:GI:TJ:GL:IS:TM:KZ:UA:XK:UZ:KG:VA:LI,0.001,20000,10000,15000.001,610,460,460,106.10,106.10,europe_zone_3,,,True,GBP,G,MM,7,False,True,250,mediumParcel,Royal Mail public online price plus published £3.10 extra-compensation option. Confirm Click & Drop account code OTB before production.,https://www.royalmail.com/sending/international/international-tracked,2026-04-07,verified public online price 2026-05-15,12,,0.12,2026-11-17,2027-01-09,,,,,,
royal_mail_international_tracked_extra_compensation_medium_parcel,International Tracked Extra Compensation Heavier Medium Parcel,OTB,01,tracked:b2c:b2b:extra_compensation,Rest of Europe Zone 3,AL:MD:AD:ME:AM:MK:AZ:BY:RU:BA:SM:FO:RS:GE:GI:TJ:GL:IS:TM:KZ:UA:XK:UZ:KG:VA:LI,0.001,20000,15000,20000.001,610,460,460,121.10,121.10,europe_zone_3,,,True,GBP,G,MM,7,False,True,250,mediumParcel,Royal Mail public online price plus published £3.10 extra-compensation option. Confirm Click & Drop account code OTB before production.,https://www.royalmail.com/sending/international/international-tracked,2026-04-07,verified public online price 2026-05-15,12,,0.12,2026-11-17,2027-01-09,,,,,,
royal_mail_international_tracked_extra_compensation_medium_parcel,International Tracked Extra Compensation Heavier Medium Parcel,OTB,01,tracked:b2c:b2b:extra_compensation,USA,US,0.001,20000,0,1000.001,610,460,460,28.30,28.30,world_zone_3,,,True,GBP,G,MM,7,False,True,250,mediumParcel,Royal Mail public online price plus published £3.10 extra-compensation option. Confirm Click & Drop account code OTB before production.,https://www.royalmail.com/sending/international/international-tracked,2026-04-07,verified public online price 2026-05-15,12,,0.12,2026-11-17,2027-01-09,,,,,,
royal_mail_international_tracked_extra_compensation_medium_parcel,International Tracked Extra Compensation Heavier Medium Parcel,OTB,01,tracked:b2c:b2b:extra_compensation,USA,US,0.001,20000,1000,2000.001,610,460,460,34.60,34.60,world_zone_3,,,True,GBP,G,MM,7,False,True,250,mediumParcel,Royal Mail public online price plus published £3.10 extra-compensation option. Confirm Click & Drop account code OTB before production.,https://www.royalmail.com/sending/international/international-tracked,2026-04-07,verified public online price 2026-05-15,12,,0.12,2026-11-17,2027-01-09,,,,,,
royal_mail_international_tracked_extra_compensation_medium_parcel,International Tracked Extra Compensation Heavier Medium Parcel,OTB,01,tracked:b2c:b2b:extra_compensation,USA,US,0.001,20000,2000,3000.001,610,460,460,35.50,35.50,world_zone_3,,,True,GBP,G,MM,7,False,True,250,mediumParcel,Royal Mail public online price plus published £3.10 extra-compensation option. Confirm Click & Drop account code OTB before production.,https://www.royalmail.com/sending/international/international-tracked,2026-04-07,verified public online price 2026-05-15,12,,0.12,2026-11-17,2027-01-09,,,,,,
royal_mail_international_tracked_extra_compensation_medium_parcel,International Tracked Extra Compensation Heavier Medium Parcel,OTB,01,tracked:b2c:b2b:extra_compensation,USA,US,0.001,20000,3000,4000.001,610,460,460,42.90,42.90,world_zone_3,,,True,GBP,G,MM,7,False,True,250,mediumParcel,Royal Mail public online price plus published £3.10 extra-compensation option. Confirm Click & Drop account code OTB before production.,https://www.royalmail.com/sending/international/international-tracked,2026-04-07,verified public online price 2026-05-15,12,,0.12,2026-11-17,2027-01-09,,,,,,
royal_mail_international_tracked_extra_compensation_medium_parcel,International Tracked Extra Compensation Heavier Medium Parcel,OTB,01,tracked:b2c:b2b:extra_compensation,USA,US,0.001,20000,4000,5000.001,610,460,460,48.60,48.60,world_zone_3,,,True,GBP,G,MM,7,False,True,250,mediumParcel,Royal Mail public online price plus published £3.10 extra-compensation option. Confirm Click & Drop account code OTB before production.,https://www.royalmail.com/sending/international/international-tracked,2026-04-07,verified public online price 2026-05-15,12,,0.12,2026-11-17,2027-01-09,,,,,,
royal_mail_international_tracked_extra_compensation_medium_parcel,International Tracked Extra Compensation Heavier Medium Parcel,OTB,01,tracked:b2c:b2b:extra_compensation,USA,US,0.001,20000,5000,7500.001,610,460,460,62.60,62.60,world_zone_3,,,True,GBP,G,MM,7,False,True,250,mediumParcel,Royal Mail public online price plus published £3.10 extra-compensation option. Confirm Click & Drop account code OTB before production.,https://www.royalmail.com/sending/international/international-tracked,2026-04-07,verified public online price 2026-05-15,12,,0.12,2026-11-17,2027-01-09,,,,,,
royal_mail_international_tracked_extra_compensation_medium_parcel,International Tracked Extra Compensation Heavier Medium Parcel,OTB,01,tracked:b2c:b2b:extra_compensation,USA,US,0.001,20000,7500,10000.001,610,460,460,79.10,79.10,world_zone_3,,,True,GBP,G,MM,7,False,True,250,mediumParcel,Royal Mail public online price plus published £3.10 extra-compensation option. Confirm Click & Drop account code OTB before production.,https://www.royalmail.com/sending/international/international-tracked,2026-04-07,verified public online price 2026-05-15,12,,0.12,2026-11-17,2027-01-09,,,,,,
royal_mail_international_tracked_extra_compensation_medium_parcel,International Tracked Extra Compensation Heavier Medium Parcel,OTB,01,tracked:b2c:b2b:extra_compensation,USA,US,0.001,20000,10000,15000.001,610,460,460,113.80,113.80,world_zone_3,,,True,GBP,G,MM,7,False,True,250,mediumParcel,Royal Mail public online price plus published £3.10 extra-compensation option. Confirm Click & Drop account code OTB before production.,https://www.royalmail.com/sending/international/international-tracked,2026-04-07,verified public online price 2026-05-15,12,,0.12,2026-11-17,2027-01-09,,,,,,
royal_mail_international_tracked_extra_compensation_medium_parcel,International Tracked Extra Compensation Heavier Medium Parcel,OTB,01,tracked:b2c:b2b:extra_compensation,USA,US,0.001,20000,15000,20000.001,610,460,460,136.10,136.10,world_zone_3,,,True,GBP,G,MM,7,False,True,250,mediumParcel,Royal Mail public online price plus published £3.10 extra-compensation option. Confirm Click & Drop account code OTB before production.,https://www.royalmail.com/sending/international/international-tracked,2026-04-07,verified public online price 2026-05-15,12,,0.12,2026-11-17,2027-01-09,,,,,,
royal_mail_international_tracked_extra_compensation_medium_parcel,International Tracked Extra Compensation Heavier Medium Parcel,OTB,01,tracked:b2c:b2b:extra_compensation,Brazil,BR,0.001,20000,0,1000.001,610,460,460,28.95,28.95,world_zone_1,,,True,GBP,G,MM,7,False,True,250,mediumParcel,Royal Mail public online price plus published £3.10 extra-compensation option. Confirm Click & Drop account code OTB before production.,https://www.royalmail.com/sending/international/international-tracked,2026-04-07,verified public online price 2026-05-15,12,,0.12,2026-11-17,2027-01-09,,,,,,
royal_mail_international_tracked_extra_compensation_medium_parcel,International Tracked Extra Compensation Heavier Medium Parcel,OTB,01,tracked:b2c:b2b:extra_compensation,Brazil,BR,0.001,20000,1000,2000.001,610,460,460,31.90,31.90,world_zone_1,,,True,GBP,G,MM,7,False,True,250,mediumParcel,Royal Mail public online price plus published £3.10 extra-compensation option. Confirm Click & Drop account code OTB before production.,https://www.royalmail.com/sending/international/international-tracked,2026-04-07,verified public online price 2026-05-15,12,,0.12,2026-11-17,2027-01-09,,,,,,
royal_mail_international_tracked_extra_compensation_medium_parcel,International Tracked Extra Compensation Heavier Medium Parcel,OTB,01,tracked:b2c:b2b:extra_compensation,Brazil,BR,0.001,20000,2000,3000.001,610,460,460,32.95,32.95,world_zone_1,,,True,GBP,G,MM,7,False,True,250,mediumParcel,Royal Mail public online price plus published £3.10 extra-compensation option. Confirm Click & Drop account code OTB before production.,https://www.royalmail.com/sending/international/international-tracked,2026-04-07,verified public online price 2026-05-15,12,,0.12,2026-11-17,2027-01-09,,,,,,
royal_mail_international_tracked_extra_compensation_medium_parcel,International Tracked Extra Compensation Heavier Medium Parcel,OTB,01,tracked:b2c:b2b:extra_compensation,Brazil,BR,0.001,20000,3000,4000.001,610,460,460,42.00,42.00,world_zone_1,,,True,GBP,G,MM,7,False,True,250,mediumParcel,Royal Mail public online price plus published £3.10 extra-compensation option. Confirm Click & Drop account code OTB before production.,https://www.royalmail.com/sending/international/international-tracked,2026-04-07,verified public online price 2026-05-15,12,,0.12,2026-11-17,2027-01-09,,,,,,
royal_mail_international_tracked_extra_compensation_medium_parcel,International Tracked Extra Compensation Heavier Medium Parcel,OTB,01,tracked:b2c:b2b:extra_compensation,Brazil,BR,0.001,20000,4000,5000.001,610,460,460,51.50,51.50,world_zone_1,,,True,GBP,G,MM,7,False,True,250,mediumParcel,Royal Mail public online price plus published £3.10 extra-compensation option. Confirm Click & Drop account code OTB before production.,https://www.royalmail.com/sending/international/international-tracked,2026-04-07,verified public online price 2026-05-15,12,,0.12,2026-11-17,2027-01-09,,,,,,
royal_mail_international_tracked_extra_compensation_medium_parcel,International Tracked Extra Compensation Heavier Medium Parcel,OTB,01,tracked:b2c:b2b:extra_compensation,Brazil,BR,0.001,20000,5000,7500.001,610,460,460,68.45,68.45,world_zone_1,,,True,GBP,G,MM,7,False,True,250,mediumParcel,Royal Mail public online price plus published £3.10 extra-compensation option. Confirm Click & Drop account code OTB before production.,https://www.royalmail.com/sending/international/international-tracked,2026-04-07,verified public online price 2026-05-15,12,,0.12,2026-11-17,2027-01-09,,,,,,
royal_mail_international_tracked_extra_compensation_medium_parcel,International Tracked Extra Compensation Heavier Medium Parcel,OTB,01,tracked:b2c:b2b:extra_compensation,Brazil,BR,0.001,20000,7500,10000.001,610,460,460,102.85,102.85,world_zone_1,,,True,GBP,G,MM,7,False,True,250,mediumParcel,Royal Mail public online price plus published £3.10 extra-compensation option. Confirm Click & Drop account code OTB before production.,https://www.royalmail.com/sending/international/international-tracked,2026-04-07,verified public online price 2026-05-15,12,,0.12,2026-11-17,2027-01-09,,,,,,
royal_mail_international_tracked_extra_compensation_medium_parcel,International Tracked Extra Compensation Heavier Medium Parcel,OTB,01,tracked:b2c:b2b:extra_compensation,Brazil,BR,0.001,20000,10000,15000.001,610,460,460,129.05,129.05,world_zone_1,,,True,GBP,G,MM,7,False,True,250,mediumParcel,Royal Mail public online price plus published £3.10 extra-compensation option. Confirm Click & Drop account code OTB before production.,https://www.royalmail.com/sending/international/international-tracked,2026-04-07,verified public online price 2026-05-15,12,,0.12,2026-11-17,2027-01-09,,,,,,
royal_mail_international_tracked_extra_compensation_medium_parcel,International Tracked Extra Compensation Heavier Medium Parcel,OTB,01,tracked:b2c:b2b:extra_compensation,Brazil,BR,0.001,20000,15000,20000.001,610,460,460,176.50,176.50,world_zone_1,,,True,GBP,G,MM,7,False,True,250,mediumParcel,Royal Mail public online price plus published £3.10 extra-compensation option. Confirm Click & Drop account code OTB before production.,https://www.royalmail.com/sending/international/international-tracked,2026-04-07,verified public online price 2026-05-15,12,,0.12,2026-11-17,2027-01-09,,,,,,
royal_mail_international_tracked_extra_compensation_medium_parcel,International Tracked Extra Compensation Heavier Medium Parcel,OTB,01,tracked:b2c:b2b:extra_compensation,Canada,CA,0.001,20000,0,1000.001,610,460,460,27.20,27.20,world_zone_1,,,True,GBP,G,MM,7,False,True,250,mediumParcel,Royal Mail public online price plus published £3.10 extra-compensation option. Confirm Click & Drop account code OTB before production.,https://www.royalmail.com/sending/international/international-tracked,2026-04-07,verified public online price 2026-05-15,12,,0.12,2026-11-17,2027-01-09,,,,,,
royal_mail_international_tracked_extra_compensation_medium_parcel,International Tracked Extra Compensation Heavier Medium Parcel,OTB,01,tracked:b2c:b2b:extra_compensation,Canada,CA,0.001,20000,1000,2000.001,610,460,460,28.15,28.15,world_zone_1,,,True,GBP,G,MM,7,False,True,250,mediumParcel,Royal Mail public online price plus published £3.10 extra-compensation option. Confirm Click & Drop account code OTB before production.,https://www.royalmail.com/sending/international/international-tracked,2026-04-07,verified public online price 2026-05-15,12,,0.12,2026-11-17,2027-01-09,,,,,,
royal_mail_international_tracked_extra_compensation_medium_parcel,International Tracked Extra Compensation Heavier Medium Parcel,OTB,01,tracked:b2c:b2b:extra_compensation,Canada,CA,0.001,20000,2000,3000.001,610,460,460,32.50,32.50,world_zone_1,,,True,GBP,G,MM,7,False,True,250,mediumParcel,Royal Mail public online price plus published £3.10 extra-compensation option. Confirm Click & Drop account code OTB before production.,https://www.royalmail.com/sending/international/international-tracked,2026-04-07,verified public online price 2026-05-15,12,,0.12,2026-11-17,2027-01-09,,,,,,
royal_mail_international_tracked_extra_compensation_medium_parcel,International Tracked Extra Compensation Heavier Medium Parcel,OTB,01,tracked:b2c:b2b:extra_compensation,Canada,CA,0.001,20000,3000,4000.001,610,460,460,35.95,35.95,world_zone_1,,,True,GBP,G,MM,7,False,True,250,mediumParcel,Royal Mail public online price plus published £3.10 extra-compensation option. Confirm Click & Drop account code OTB before production.,https://www.royalmail.com/sending/international/international-tracked,2026-04-07,verified public online price 2026-05-15,12,,0.12,2026-11-17,2027-01-09,,,,,,
royal_mail_international_tracked_extra_compensation_medium_parcel,International Tracked Extra Compensation Heavier Medium Parcel,OTB,01,tracked:b2c:b2b:extra_compensation,Canada,CA,0.001,20000,4000,5000.001,610,460,460,41.00,41.00,world_zone_1,,,True,GBP,G,MM,7,False,True,250,mediumParcel,Royal Mail public online price plus published £3.10 extra-compensation option. Confirm Click & Drop account code OTB before production.,https://www.royalmail.com/sending/international/international-tracked,2026-04-07,verified public online price 2026-05-15,12,,0.12,2026-11-17,2027-01-09,,,,,,
royal_mail_international_tracked_extra_compensation_medium_parcel,International Tracked Extra Compensation Heavier Medium Parcel,OTB,01,tracked:b2c:b2b:extra_compensation,Canada,CA,0.001,20000,5000,7500.001,610,460,460,51.35,51.35,world_zone_1,,,True,GBP,G,MM,7,False,True,250,mediumParcel,Royal Mail public online price plus published £3.10 extra-compensation option. Confirm Click & Drop account code OTB before production.,https://www.royalmail.com/sending/international/international-tracked,2026-04-07,verified public online price 2026-05-15,12,,0.12,2026-11-17,2027-01-09,,,,,,
royal_mail_international_tracked_extra_compensation_medium_parcel,International Tracked Extra Compensation Heavier Medium Parcel,OTB,01,tracked:b2c:b2b:extra_compensation,Canada,CA,0.001,20000,7500,10000.001,610,460,460,66.35,66.35,world_zone_1,,,True,GBP,G,MM,7,False,True,250,mediumParcel,Royal Mail public online price plus published £3.10 extra-compensation option. Confirm Click & Drop account code OTB before production.,https://www.royalmail.com/sending/international/international-tracked,2026-04-07,verified public online price 2026-05-15,12,,0.12,2026-11-17,2027-01-09,,,,,,
royal_mail_international_tracked_extra_compensation_medium_parcel,International Tracked Extra Compensation Heavier Medium Parcel,OTB,01,tracked:b2c:b2b:extra_compensation,Canada,CA,0.001,20000,10000,15000.001,610,460,460,68.10,68.10,world_zone_1,,,True,GBP,G,MM,7,False,True,250,mediumParcel,Royal Mail public online price plus published £3.10 extra-compensation option. Confirm Click & Drop account code OTB before production.,https://www.royalmail.com/sending/international/international-tracked,2026-04-07,verified public online price 2026-05-15,12,,0.12,2026-11-17,2027-01-09,,,,,,
royal_mail_international_tracked_extra_compensation_medium_parcel,International Tracked Extra Compensation Heavier Medium Parcel,OTB,01,tracked:b2c:b2b:extra_compensation,Canada,CA,0.001,20000,15000,20000.001,610,460,460,71.90,71.90,world_zone_1,,,True,GBP,G,MM,7,False,True,250,mediumParcel,Royal Mail public online price plus published £3.10 extra-compensation option. Confirm Click & Drop account code OTB before production.,https://www.royalmail.com/sending/international/international-tracked,2026-04-07,verified public online price 2026-05-15,12,,0.12,2026-11-17,2027-01-09,,,,,,
royal_mail_international_tracked_extra_compensation_medium_parcel,International Tracked Extra Compensation Heavier Medium Parcel,OTB,01,tracked:b2c:b2b:extra_compensation,China,CN,0.001,20000,0,1000.001,610,460,460,28.45,28.45,world_zone_1,,,True,GBP,G,MM,7,False,True,250,mediumParcel,Royal Mail public online price plus published £3.10 extra-compensation option. Confirm Click & Drop account code OTB before production.,https://www.royalmail.com/sending/international/international-tracked,2026-04-07,verified public online price 2026-05-15,12,,0.12,2026-11-17,2027-01-09,,,,,,
royal_mail_international_tracked_extra_compensation_medium_parcel,International Tracked Extra Compensation Heavier Medium Parcel,OTB,01,tracked:b2c:b2b:extra_compensation,China,CN,0.001,20000,1000,2000.001,610,460,460,31.35,31.35,world_zone_1,,,True,GBP,G,MM,7,False,True,250,mediumParcel,Royal Mail public online price plus published £3.10 extra-compensation option. Confirm Click & Drop account code OTB before production.,https://www.royalmail.com/sending/international/international-tracked,2026-04-07,verified public online price 2026-05-15,12,,0.12,2026-11-17,2027-01-09,,,,,,
royal_mail_international_tracked_extra_compensation_medium_parcel,International Tracked Extra Compensation Heavier Medium Parcel,OTB,01,tracked:b2c:b2b:extra_compensation,China,CN,0.001,20000,2000,3000.001,610,460,460,36.55,36.55,world_zone_1,,,True,GBP,G,MM,7,False,True,250,mediumParcel,Royal Mail public online price plus published £3.10 extra-compensation option. Confirm Click & Drop account code OTB before production.,https://www.royalmail.com/sending/international/international-tracked,2026-04-07,verified public online price 2026-05-15,12,,0.12,2026-11-17,2027-01-09,,,,,,
royal_mail_international_tracked_extra_compensation_medium_parcel,International Tracked Extra Compensation Heavier Medium Parcel,OTB,01,tracked:b2c:b2b:extra_compensation,China,CN,0.001,20000,3000,4000.001,610,460,460,42.25,42.25,world_zone_1,,,True,GBP,G,MM,7,False,True,250,mediumParcel,Royal Mail public online price plus published £3.10 extra-compensation option. Confirm Click & Drop account code OTB before production.,https://www.royalmail.com/sending/international/international-tracked,2026-04-07,verified public online price 2026-05-15,12,,0.12,2026-11-17,2027-01-09,,,,,,
royal_mail_international_tracked_extra_compensation_medium_parcel,International Tracked Extra Compensation Heavier Medium Parcel,OTB,01,tracked:b2c:b2b:extra_compensation,China,CN,0.001,20000,4000,5000.001,610,460,460,50.05,50.05,world_zone_1,,,True,GBP,G,MM,7,False,True,250,mediumParcel,Royal Mail public online price plus published £3.10 extra-compensation option. Confirm Click & Drop account code OTB before production.,https://www.royalmail.com/sending/international/international-tracked,2026-04-07,verified public online price 2026-05-15,12,,0.12,2026-11-17,2027-01-09,,,,,,
royal_mail_international_tracked_extra_compensation_medium_parcel,International Tracked Extra Compensation Heavier Medium Parcel,OTB,01,tracked:b2c:b2b:extra_compensation,China,CN,0.001,20000,5000,7500.001,610,460,460,57.15,57.15,world_zone_1,,,True,GBP,G,MM,7,False,True,250,mediumParcel,Royal Mail public online price plus published £3.10 extra-compensation option. Confirm Click & Drop account code OTB before production.,https://www.royalmail.com/sending/international/international-tracked,2026-04-07,verified public online price 2026-05-15,12,,0.12,2026-11-17,2027-01-09,,,,,,
royal_mail_international_tracked_extra_compensation_medium_parcel,International Tracked Extra Compensation Heavier Medium Parcel,OTB,01,tracked:b2c:b2b:extra_compensation,China,CN,0.001,20000,7500,10000.001,610,460,460,70.90,70.90,world_zone_1,,,True,GBP,G,MM,7,False,True,250,mediumParcel,Royal Mail public online price plus published £3.10 extra-compensation option. Confirm Click & Drop account code OTB before production.,https://www.royalmail.com/sending/international/international-tracked,2026-04-07,verified public online price 2026-05-15,12,,0.12,2026-11-17,2027-01-09,,,,,,
royal_mail_international_tracked_extra_compensation_medium_parcel,International Tracked Extra Compensation Heavier Medium Parcel,OTB,01,tracked:b2c:b2b:extra_compensation,China,CN,0.001,20000,10000,15000.001,610,460,460,96.60,96.60,world_zone_1,,,True,GBP,G,MM,7,False,True,250,mediumParcel,Royal Mail public online price plus published £3.10 extra-compensation option. Confirm Click & Drop account code OTB before production.,https://www.royalmail.com/sending/international/international-tracked,2026-04-07,verified public online price 2026-05-15,12,,0.12,2026-11-17,2027-01-09,,,,,,
royal_mail_international_tracked_extra_compensation_medium_parcel,International Tracked Extra Compensation Heavier Medium Parcel,OTB,01,tracked:b2c:b2b:extra_compensation,China,CN,0.001,20000,15000,20000.001,610,460,460,113.10,113.10,world_zone_1,,,True,GBP,G,MM,7,False,True,250,mediumParcel,Royal Mail public online price plus published £3.10 extra-compensation option. Confirm Click & Drop account code OTB before production.,https://www.royalmail.com/sending/international/international-tracked,2026-04-07,verified public online price 2026-05-15,12,,0.12,2026-11-17,2027-01-09,,,,,,
royal_mail_international_tracked_extra_compensation_medium_parcel,International Tracked Extra Compensation Heavier Medium Parcel,OTB,01,tracked:b2c:b2b:extra_compensation,Hong Kong,HK,0.001,20000,0,1000.001,610,460,460,29.45,29.45,world_zone_1,,,True,GBP,G,MM,7,False,True,250,mediumParcel,Royal Mail public online price plus published £3.10 extra-compensation option. Confirm Click & Drop account code OTB before production.,https://www.royalmail.com/sending/international/international-tracked,2026-04-07,verified public online price 2026-05-15,12,,0.12,2026-11-17,2027-01-09,,,,,,
royal_mail_international_tracked_extra_compensation_medium_parcel,International Tracked Extra Compensation Heavier Medium Parcel,OTB,01,tracked:b2c:b2b:extra_compensation,Hong Kong,HK,0.001,20000,1000,2000.001,610,460,460,32.50,32.50,world_zone_1,,,True,GBP,G,MM,7,False,True,250,mediumParcel,Royal Mail public online price plus published £3.10 extra-compensation option. Confirm Click & Drop account code OTB before production.,https://www.royalmail.com/sending/international/international-tracked,2026-04-07,verified public online price 2026-05-15,12,,0.12,2026-11-17,2027-01-09,,,,,,
royal_mail_international_tracked_extra_compensation_medium_parcel,International Tracked Extra Compensation Heavier Medium Parcel,OTB,01,tracked:b2c:b2b:extra_compensation,Hong Kong,HK,0.001,20000,2000,3000.001,610,460,460,34.35,34.35,world_zone_1,,,True,GBP,G,MM,7,False,True,250,mediumParcel,Royal Mail public online price plus published £3.10 extra-compensation option. Confirm Click & Drop account code OTB before production.,https://www.royalmail.com/sending/international/international-tracked,2026-04-07,verified public online price 2026-05-15,12,,0.12,2026-11-17,2027-01-09,,,,,,
royal_mail_international_tracked_extra_compensation_medium_parcel,International Tracked Extra Compensation Heavier Medium Parcel,OTB,01,tracked:b2c:b2b:extra_compensation,Hong Kong,HK,0.001,20000,3000,4000.001,610,460,460,42.80,42.80,world_zone_1,,,True,GBP,G,MM,7,False,True,250,mediumParcel,Royal Mail public online price plus published £3.10 extra-compensation option. Confirm Click & Drop account code OTB before production.,https://www.royalmail.com/sending/international/international-tracked,2026-04-07,verified public online price 2026-05-15,12,,0.12,2026-11-17,2027-01-09,,,,,,
royal_mail_international_tracked_extra_compensation_medium_parcel,International Tracked Extra Compensation Heavier Medium Parcel,OTB,01,tracked:b2c:b2b:extra_compensation,Hong Kong,HK,0.001,20000,4000,5000.001,610,460,460,50.00,50.00,world_zone_1,,,True,GBP,G,MM,7,False,True,250,mediumParcel,Royal Mail public online price plus published £3.10 extra-compensation option. Confirm Click & Drop account code OTB before production.,https://www.royalmail.com/sending/international/international-tracked,2026-04-07,verified public online price 2026-05-15,12,,0.12,2026-11-17,2027-01-09,,,,,,
royal_mail_international_tracked_extra_compensation_medium_parcel,International Tracked Extra Compensation Heavier Medium Parcel,OTB,01,tracked:b2c:b2b:extra_compensation,Hong Kong,HK,0.001,20000,5000,7500.001,610,460,460,63.45,63.45,world_zone_1,,,True,GBP,G,MM,7,False,True,250,mediumParcel,Royal Mail public online price plus published £3.10 extra-compensation option. Confirm Click & Drop account code OTB before production.,https://www.royalmail.com/sending/international/international-tracked,2026-04-07,verified public online price 2026-05-15,12,,0.12,2026-11-17,2027-01-09,,,,,,
royal_mail_international_tracked_extra_compensation_medium_parcel,International Tracked Extra Compensation Heavier Medium Parcel,OTB,01,tracked:b2c:b2b:extra_compensation,Hong Kong,HK,0.001,20000,7500,10000.001,610,460,460,82.85,82.85,world_zone_1,,,True,GBP,G,MM,7,False,True,250,mediumParcel,Royal Mail public online price plus published £3.10 extra-compensation option. Confirm Click & Drop account code OTB before production.,https://www.royalmail.com/sending/international/international-tracked,2026-04-07,verified public online price 2026-05-15,12,,0.12,2026-11-17,2027-01-09,,,,,,
royal_mail_international_tracked_extra_compensation_medium_parcel,International Tracked Extra Compensation Heavier Medium Parcel,OTB,01,tracked:b2c:b2b:extra_compensation,Hong Kong,HK,0.001,20000,10000,15000.001,610,460,460,109.05,109.05,world_zone_1,,,True,GBP,G,MM,7,False,True,250,mediumParcel,Royal Mail public online price plus published £3.10 extra-compensation option. Confirm Click & Drop account code OTB before production.,https://www.royalmail.com/sending/international/international-tracked,2026-04-07,verified public online price 2026-05-15,12,,0.12,2026-11-17,2027-01-09,,,,,,
royal_mail_international_tracked_extra_compensation_medium_parcel,International Tracked Extra Compensation Heavier Medium Parcel,OTB,01,tracked:b2c:b2b:extra_compensation,Hong Kong,HK,0.001,20000,15000,20000.001,610,460,460,136.50,136.50,world_zone_1,,,True,GBP,G,MM,7,False,True,250,mediumParcel,Royal Mail public online price plus published £3.10 extra-compensation option. Confirm Click & Drop account code OTB before production.,https://www.royalmail.com/sending/international/international-tracked,2026-04-07,verified public online price 2026-05-15,12,,0.12,2026-11-17,2027-01-09,,,,,,
royal_mail_international_tracked_extra_compensation_medium_parcel,International Tracked Extra Compensation Heavier Medium Parcel,OTB,01,tracked:b2c:b2b:extra_compensation,India,IN,0.001,20000,0,1000.001,610,460,460,28.95,28.95,world_zone_1,,,True,GBP,G,MM,7,False,True,250,mediumParcel,Royal Mail public online price plus published £3.10 extra-compensation option. Confirm Click & Drop account code OTB before production.,https://www.royalmail.com/sending/international/international-tracked,2026-04-07,verified public online price 2026-05-15,12,,0.12,2026-11-17,2027-01-09,,,,,,
royal_mail_international_tracked_extra_compensation_medium_parcel,International Tracked Extra Compensation Heavier Medium Parcel,OTB,01,tracked:b2c:b2b:extra_compensation,India,IN,0.001,20000,1000,2000.001,610,460,460,31.90,31.90,world_zone_1,,,True,GBP,G,MM,7,False,True,250,mediumParcel,Royal Mail public online price plus published £3.10 extra-compensation option. Confirm Click & Drop account code OTB before production.,https://www.royalmail.com/sending/international/international-tracked,2026-04-07,verified public online price 2026-05-15,12,,0.12,2026-11-17,2027-01-09,,,,,,
royal_mail_international_tracked_extra_compensation_medium_parcel,International Tracked Extra Compensation Heavier Medium Parcel,OTB,01,tracked:b2c:b2b:extra_compensation,India,IN,0.001,20000,2000,3000.001,610,460,460,35.60,35.60,world_zone_1,,,True,GBP,G,MM,7,False,True,250,mediumParcel,Royal Mail public online price plus published £3.10 extra-compensation option. Confirm Click & Drop account code OTB before production.,https://www.royalmail.com/sending/international/international-tracked,2026-04-07,verified public online price 2026-05-15,12,,0.12,2026-11-17,2027-01-09,,,,,,
royal_mail_international_tracked_extra_compensation_medium_parcel,International Tracked Extra Compensation Heavier Medium Parcel,OTB,01,tracked:b2c:b2b:extra_compensation,India,IN,0.001,20000,3000,4000.001,610,460,460,41.70,41.70,world_zone_1,,,True,GBP,G,MM,7,False,True,250,mediumParcel,Royal Mail public online price plus published £3.10 extra-compensation option. Confirm Click & Drop account code OTB before production.,https://www.royalmail.com/sending/international/international-tracked,2026-04-07,verified public online price 2026-05-15,12,,0.12,2026-11-17,2027-01-09,,,,,,
royal_mail_international_tracked_extra_compensation_medium_parcel,International Tracked Extra Compensation Heavier Medium Parcel,OTB,01,tracked:b2c:b2b:extra_compensation,India,IN,0.001,20000,4000,5000.001,610,460,460,52.50,52.50,world_zone_1,,,True,GBP,G,MM,7,False,True,250,mediumParcel,Royal Mail public online price plus published £3.10 extra-compensation option. Confirm Click & Drop account code OTB before production.,https://www.royalmail.com/sending/international/international-tracked,2026-04-07,verified public online price 2026-05-15,12,,0.12,2026-11-17,2027-01-09,,,,,,
royal_mail_international_tracked_extra_compensation_medium_parcel,International Tracked Extra Compensation Heavier Medium Parcel,OTB,01,tracked:b2c:b2b:extra_compensation,India,IN,0.001,20000,5000,7500.001,610,460,460,59.65,59.65,world_zone_1,,,True,GBP,G,MM,7,False,True,250,mediumParcel,Royal Mail public online price plus published £3.10 extra-compensation option. Confirm Click & Drop account code OTB before production.,https://www.royalmail.com/sending/international/international-tracked,2026-04-07,verified public online price 2026-05-15,12,,0.12,2026-11-17,2027-01-09,,,,,,
royal_mail_international_tracked_extra_compensation_medium_parcel,International Tracked Extra Compensation Heavier Medium Parcel,OTB,01,tracked:b2c:b2b:extra_compensation,India,IN,0.001,20000,7500,10000.001,610,460,460,72.85,72.85,world_zone_1,,,True,GBP,G,MM,7,False,True,250,mediumParcel,Royal Mail public online price plus published £3.10 extra-compensation option. Confirm Click & Drop account code OTB before production.,https://www.royalmail.com/sending/international/international-tracked,2026-04-07,verified public online price 2026-05-15,12,,0.12,2026-11-17,2027-01-09,,,,,,
royal_mail_international_tracked_extra_compensation_medium_parcel,International Tracked Extra Compensation Heavier Medium Parcel,OTB,01,tracked:b2c:b2b:extra_compensation,India,IN,0.001,20000,10000,15000.001,610,460,460,91.10,91.10,world_zone_1,,,True,GBP,G,MM,7,False,True,250,mediumParcel,Royal Mail public online price plus published £3.10 extra-compensation option. Confirm Click & Drop account code OTB before production.,https://www.royalmail.com/sending/international/international-tracked,2026-04-07,verified public online price 2026-05-15,12,,0.12,2026-11-17,2027-01-09,,,,,,
royal_mail_international_tracked_extra_compensation_medium_parcel,International Tracked Extra Compensation Heavier Medium Parcel,OTB,01,tracked:b2c:b2b:extra_compensation,India,IN,0.001,20000,15000,20000.001,610,460,460,112.55,112.55,world_zone_1,,,True,GBP,G,MM,7,False,True,250,mediumParcel,Royal Mail public online price plus published £3.10 extra-compensation option. Confirm Click & Drop account code OTB before production.,https://www.royalmail.com/sending/international/international-tracked,2026-04-07,verified public online price 2026-05-15,12,,0.12,2026-11-17,2027-01-09,,,,,,
royal_mail_international_tracked_extra_compensation_medium_parcel,International Tracked Extra Compensation Heavier Medium Parcel,OTB,01,tracked:b2c:b2b:extra_compensation,Japan,JP,0.001,20000,0,1000.001,610,460,460,30.50,30.50,world_zone_1,,,True,GBP,G,MM,7,False,True,250,mediumParcel,Royal Mail public online price plus published £3.10 extra-compensation option. Confirm Click & Drop account code OTB before production.,https://www.royalmail.com/sending/international/international-tracked,2026-04-07,verified public online price 2026-05-15,12,,0.12,2026-11-17,2027-01-09,,,,,,
royal_mail_international_tracked_extra_compensation_medium_parcel,International Tracked Extra Compensation Heavier Medium Parcel,OTB,01,tracked:b2c:b2b:extra_compensation,Japan,JP,0.001,20000,1000,2000.001,610,460,460,33.65,33.65,world_zone_1,,,True,GBP,G,MM,7,False,True,250,mediumParcel,Royal Mail public online price plus published £3.10 extra-compensation option. Confirm Click & Drop account code OTB before production.,https://www.royalmail.com/sending/international/international-tracked,2026-04-07,verified public online price 2026-05-15,12,,0.12,2026-11-17,2027-01-09,,,,,,
royal_mail_international_tracked_extra_compensation_medium_parcel,International Tracked Extra Compensation Heavier Medium Parcel,OTB,01,tracked:b2c:b2b:extra_compensation,Japan,JP,0.001,20000,2000,3000.001,610,460,460,34.45,34.45,world_zone_1,,,True,GBP,G,MM,7,False,True,250,mediumParcel,Royal Mail public online price plus published £3.10 extra-compensation option. Confirm Click & Drop account code OTB before production.,https://www.royalmail.com/sending/international/international-tracked,2026-04-07,verified public online price 2026-05-15,12,,0.12,2026-11-17,2027-01-09,,,,,,
royal_mail_international_tracked_extra_compensation_medium_parcel,International Tracked Extra Compensation Heavier Medium Parcel,OTB,01,tracked:b2c:b2b:extra_compensation,Japan,JP,0.001,20000,3000,4000.001,610,460,460,41.00,41.00,world_zone_1,,,True,GBP,G,MM,7,False,True,250,mediumParcel,Royal Mail public online price plus published £3.10 extra-compensation option. Confirm Click & Drop account code OTB before production.,https://www.royalmail.com/sending/international/international-tracked,2026-04-07,verified public online price 2026-05-15,12,,0.12,2026-11-17,2027-01-09,,,,,,
royal_mail_international_tracked_extra_compensation_medium_parcel,International Tracked Extra Compensation Heavier Medium Parcel,OTB,01,tracked:b2c:b2b:extra_compensation,Japan,JP,0.001,20000,4000,5000.001,610,460,460,47.50,47.50,world_zone_1,,,True,GBP,G,MM,7,False,True,250,mediumParcel,Royal Mail public online price plus published £3.10 extra-compensation option. Confirm Click & Drop account code OTB before production.,https://www.royalmail.com/sending/international/international-tracked,2026-04-07,verified public online price 2026-05-15,12,,0.12,2026-11-17,2027-01-09,,,,,,
royal_mail_international_tracked_extra_compensation_medium_parcel,International Tracked Extra Compensation Heavier Medium Parcel,OTB,01,tracked:b2c:b2b:extra_compensation,Japan,JP,0.001,20000,5000,7500.001,610,460,460,63.45,63.45,world_zone_1,,,True,GBP,G,MM,7,False,True,250,mediumParcel,Royal Mail public online price plus published £3.10 extra-compensation option. Confirm Click & Drop account code OTB before production.,https://www.royalmail.com/sending/international/international-tracked,2026-04-07,verified public online price 2026-05-15,12,,0.12,2026-11-17,2027-01-09,,,,,,
royal_mail_international_tracked_extra_compensation_medium_parcel,International Tracked Extra Compensation Heavier Medium Parcel,OTB,01,tracked:b2c:b2b:extra_compensation,Japan,JP,0.001,20000,7500,10000.001,610,460,460,77.85,77.85,world_zone_1,,,True,GBP,G,MM,7,False,True,250,mediumParcel,Royal Mail public online price plus published £3.10 extra-compensation option. Confirm Click & Drop account code OTB before production.,https://www.royalmail.com/sending/international/international-tracked,2026-04-07,verified public online price 2026-05-15,12,,0.12,2026-11-17,2027-01-09,,,,,,
royal_mail_international_tracked_extra_compensation_medium_parcel,International Tracked Extra Compensation Heavier Medium Parcel,OTB,01,tracked:b2c:b2b:extra_compensation,Japan,JP,0.001,20000,10000,15000.001,610,460,460,112.05,112.05,world_zone_1,,,True,GBP,G,MM,7,False,True,250,mediumParcel,Royal Mail public online price plus published £3.10 extra-compensation option. Confirm Click & Drop account code OTB before production.,https://www.royalmail.com/sending/international/international-tracked,2026-04-07,verified public online price 2026-05-15,12,,0.12,2026-11-17,2027-01-09,,,,,,
royal_mail_international_tracked_extra_compensation_medium_parcel,International Tracked Extra Compensation Heavier Medium Parcel,OTB,01,tracked:b2c:b2b:extra_compensation,Japan,JP,0.001,20000,15000,20000.001,610,460,460,131.50,131.50,world_zone_1,,,True,GBP,G,MM,7,False,True,250,mediumParcel,Royal Mail public online price plus published £3.10 extra-compensation option. Confirm Click & Drop account code OTB before production.,https://www.royalmail.com/sending/international/international-tracked,2026-04-07,verified public online price 2026-05-15,12,,0.12,2026-11-17,2027-01-09,,,,,,
royal_mail_international_tracked_extra_compensation_medium_parcel,International Tracked Extra Compensation Heavier Medium Parcel,OTB,01,tracked:b2c:b2b:extra_compensation,Thailand,TH,0.001,20000,0,1000.001,610,460,460,30.50,30.50,world_zone_1,,,True,GBP,G,MM,7,False,True,250,mediumParcel,Royal Mail public online price plus published £3.10 extra-compensation option. Confirm Click & Drop account code OTB before production.,https://www.royalmail.com/sending/international/international-tracked,2026-04-07,verified public online price 2026-05-15,12,,0.12,2026-11-17,2027-01-09,,,,,,
royal_mail_international_tracked_extra_compensation_medium_parcel,International Tracked Extra Compensation Heavier Medium Parcel,OTB,01,tracked:b2c:b2b:extra_compensation,Thailand,TH,0.001,20000,1000,2000.001,610,460,460,33.65,33.65,world_zone_1,,,True,GBP,G,MM,7,False,True,250,mediumParcel,Royal Mail public online price plus published £3.10 extra-compensation option. Confirm Click & Drop account code OTB before production.,https://www.royalmail.com/sending/international/international-tracked,2026-04-07,verified public online price 2026-05-15,12,,0.12,2026-11-17,2027-01-09,,,,,,
royal_mail_international_tracked_extra_compensation_medium_parcel,International Tracked Extra Compensation Heavier Medium Parcel,OTB,01,tracked:b2c:b2b:extra_compensation,Thailand,TH,0.001,20000,2000,3000.001,610,460,460,37.95,37.95,world_zone_1,,,True,GBP,G,MM,7,False,True,250,mediumParcel,Royal Mail public online price plus published £3.10 extra-compensation option. Confirm Click & Drop account code OTB before production.,https://www.royalmail.com/sending/international/international-tracked,2026-04-07,verified public online price 2026-05-15,12,,0.12,2026-11-17,2027-01-09,,,,,,
royal_mail_international_tracked_extra_compensation_medium_parcel,International Tracked Extra Compensation Heavier Medium Parcel,OTB,01,tracked:b2c:b2b:extra_compensation,Thailand,TH,0.001,20000,3000,4000.001,610,460,460,44.85,44.85,world_zone_1,,,True,GBP,G,MM,7,False,True,250,mediumParcel,Royal Mail public online price plus published £3.10 extra-compensation option. Confirm Click & Drop account code OTB before production.,https://www.royalmail.com/sending/international/international-tracked,2026-04-07,verified public online price 2026-05-15,12,,0.12,2026-11-17,2027-01-09,,,,,,
royal_mail_international_tracked_extra_compensation_medium_parcel,International Tracked Extra Compensation Heavier Medium Parcel,OTB,01,tracked:b2c:b2b:extra_compensation,Thailand,TH,0.001,20000,4000,5000.001,610,460,460,55.45,55.45,world_zone_1,,,True,GBP,G,MM,7,False,True,250,mediumParcel,Royal Mail public online price plus published £3.10 extra-compensation option. Confirm Click & Drop account code OTB before production.,https://www.royalmail.com/sending/international/international-tracked,2026-04-07,verified public online price 2026-05-15,12,,0.12,2026-11-17,2027-01-09,,,,,,
royal_mail_international_tracked_extra_compensation_medium_parcel,International Tracked Extra Compensation Heavier Medium Parcel,OTB,01,tracked:b2c:b2b:extra_compensation,Thailand,TH,0.001,20000,5000,7500.001,610,460,460,73.65,73.65,world_zone_1,,,True,GBP,G,MM,7,False,True,250,mediumParcel,Royal Mail public online price plus published £3.10 extra-compensation option. Confirm Click & Drop account code OTB before production.,https://www.royalmail.com/sending/international/international-tracked,2026-04-07,verified public online price 2026-05-15,12,,0.12,2026-11-17,2027-01-09,,,,,,
royal_mail_international_tracked_extra_compensation_medium_parcel,International Tracked Extra Compensation Heavier Medium Parcel,OTB,01,tracked:b2c:b2b:extra_compensation,Thailand,TH,0.001,20000,7500,10000.001,610,460,460,103.00,103.00,world_zone_1,,,True,GBP,G,MM,7,False,True,250,mediumParcel,Royal Mail public online price plus published £3.10 extra-compensation option. Confirm Click & Drop account code OTB before production.,https://www.royalmail.com/sending/international/international-tracked,2026-04-07,verified public online price 2026-05-15,12,,0.12,2026-11-17,2027-01-09,,,,,,
royal_mail_international_tracked_extra_compensation_medium_parcel,International Tracked Extra Compensation Heavier Medium Parcel,OTB,01,tracked:b2c:b2b:extra_compensation,Thailand,TH,0.001,20000,10000,15000.001,610,460,460,138.80,138.80,world_zone_1,,,True,GBP,G,MM,7,False,True,250,mediumParcel,Royal Mail public online price plus published £3.10 extra-compensation option. Confirm Click & Drop account code OTB before production.,https://www.royalmail.com/sending/international/international-tracked,2026-04-07,verified public online price 2026-05-15,12,,0.12,2026-11-17,2027-01-09,,,,,,
royal_mail_international_tracked_extra_compensation_medium_parcel,International Tracked Extra Compensation Heavier Medium Parcel,OTB,01,tracked:b2c:b2b:extra_compensation,Thailand,TH,0.001,20000,15000,20000.001,610,460,460,190.15,190.15,world_zone_1,,,True,GBP,G,MM,7,False,True,250,mediumParcel,Royal Mail public online price plus published £3.10 extra-compensation option. Confirm Click & Drop account code OTB before production.,https://www.royalmail.com/sending/international/international-tracked,2026-04-07,verified public online price 2026-05-15,12,,0.12,2026-11-17,2027-01-09,,,,,,
royal_mail_international_tracked_extra_compensation_medium_parcel,International Tracked Extra Compensation Heavier Medium Parcel,OTB,01,tracked:b2c:b2b:extra_compensation,Rest of World Zone 1,,0.001,20000,0,1000.001,610,460,460,31.00,31.00,world_zone_1,,,True,GBP,G,MM,7,False,True,250,mediumParcel,Royal Mail public online price plus published £3.10 extra-compensation option. Confirm Click & Drop account code OTB before production.,https://www.royalmail.com/sending/international/international-tracked,2026-04-07,verified public online price 2026-05-15,12,,0.12,2026-11-17,2027-01-09,,,,,,
royal_mail_international_tracked_extra_compensation_medium_parcel,International Tracked Extra Compensation Heavier Medium Parcel,OTB,01,tracked:b2c:b2b:extra_compensation,Rest of World Zone 1,,0.001,20000,1000,2000.001,610,460,460,34.20,34.20,world_zone_1,,,True,GBP,G,MM,7,False,True,250,mediumParcel,Royal Mail public online price plus published £3.10 extra-compensation option. Confirm Click & Drop account code OTB before production.,https://www.royalmail.com/sending/international/international-tracked,2026-04-07,verified public online price 2026-05-15,12,,0.12,2026-11-17,2027-01-09,,,,,,
royal_mail_international_tracked_extra_compensation_medium_parcel,International Tracked Extra Compensation Heavier Medium Parcel,OTB,01,tracked:b2c:b2b:extra_compensation,Rest of World Zone 1,,0.001,20000,2000,3000.001,610,460,460,38.65,38.65,world_zone_1,,,True,GBP,G,MM,7,False,True,250,mediumParcel,Royal Mail public online price plus published £3.10 extra-compensation option. Confirm Click & Drop account code OTB before production.,https://www.royalmail.com/sending/international/international-tracked,2026-04-07,verified public online price 2026-05-15,12,,0.12,2026-11-17,2027-01-09,,,,,,
royal_mail_international_tracked_extra_compensation_medium_parcel,International Tracked Extra Compensation Heavier Medium Parcel,OTB,01,tracked:b2c:b2b:extra_compensation,Rest of World Zone 1,,0.001,20000,3000,4000.001,610,460,460,45.65,45.65,world_zone_1,,,True,GBP,G,MM,7,False,True,250,mediumParcel,Royal Mail public online price plus published £3.10 extra-compensation option. Confirm Click & Drop account code OTB before production.,https://www.royalmail.com/sending/international/international-tracked,2026-04-07,verified public online price 2026-05-15,12,,0.12,2026-11-17,2027-01-09,,,,,,
royal_mail_international_tracked_extra_compensation_medium_parcel,International Tracked Extra Compensation Heavier Medium Parcel,OTB,01,tracked:b2c:b2b:extra_compensation,Rest of World Zone 1,,0.001,20000,4000,5000.001,610,460,460,56.45,56.45,world_zone_1,,,True,GBP,G,MM,7,False,True,250,mediumParcel,Royal Mail public online price plus published £3.10 extra-compensation option. Confirm Click & Drop account code OTB before production.,https://www.royalmail.com/sending/international/international-tracked,2026-04-07,verified public online price 2026-05-15,12,,0.12,2026-11-17,2027-01-09,,,,,,
royal_mail_international_tracked_extra_compensation_medium_parcel,International Tracked Extra Compensation Heavier Medium Parcel,OTB,01,tracked:b2c:b2b:extra_compensation,Rest of World Zone 1,,0.001,20000,5000,7500.001,610,460,460,74.95,74.95,world_zone_1,,,True,GBP,G,MM,7,False,True,250,mediumParcel,Royal Mail public online price plus published £3.10 extra-compensation option. Confirm Click & Drop account code OTB before production.,https://www.royalmail.com/sending/international/international-tracked,2026-04-07,verified public online price 2026-05-15,12,,0.12,2026-11-17,2027-01-09,,,,,,
royal_mail_international_tracked_extra_compensation_medium_parcel,International Tracked Extra Compensation Heavier Medium Parcel,OTB,01,tracked:b2c:b2b:extra_compensation,Rest of World Zone 1,,0.001,20000,7500,10000.001,610,460,460,110.85,110.85,world_zone_1,,,True,GBP,G,MM,7,False,True,250,mediumParcel,Royal Mail public online price plus published £3.10 extra-compensation option. Confirm Click & Drop account code OTB before production.,https://www.royalmail.com/sending/international/international-tracked,2026-04-07,verified public online price 2026-05-15,12,,0.12,2026-11-17,2027-01-09,,,,,,
royal_mail_international_tracked_extra_compensation_medium_parcel,International Tracked Extra Compensation Heavier Medium Parcel,OTB,01,tracked:b2c:b2b:extra_compensation,Rest of World Zone 1,,0.001,20000,10000,15000.001,610,460,460,141.30,141.30,world_zone_1,,,True,GBP,G,MM,7,False,True,250,mediumParcel,Royal Mail public online price plus published £3.10 extra-compensation option. Confirm Click & Drop account code OTB before production.,https://www.royalmail.com/sending/international/international-tracked,2026-04-07,verified public online price 2026-05-15,12,,0.12,2026-11-17,2027-01-09,,,,,,
royal_mail_international_tracked_extra_compensation_medium_parcel,International Tracked Extra Compensation Heavier Medium Parcel,OTB,01,tracked:b2c:b2b:extra_compensation,Rest of World Zone 1,,0.001,20000,15000,20000.001,610,460,460,193.60,193.60,world_zone_1,,,True,GBP,G,MM,7,False,True,250,mediumParcel,Royal Mail public online price plus published £3.10 extra-compensation option. Confirm Click & Drop account code OTB before production.,https://www.royalmail.com/sending/international/international-tracked,2026-04-07,verified public online price 2026-05-15,12,,0.12,2026-11-17,2027-01-09,,,,,,
royal_mail_international_tracked_extra_compensation_medium_parcel,International Tracked Extra Compensation Heavier Medium Parcel,OTB,01,tracked:b2c:b2b:extra_compensation,Australia,AU,0.001,20000,0,1000.001,610,460,460,30.60,30.60,world_zone_2,,,True,GBP,G,MM,7,False,True,250,mediumParcel,Royal Mail public online price plus published £3.10 extra-compensation option. Confirm Click & Drop account code OTB before production.,https://www.royalmail.com/sending/international/international-tracked,2026-04-07,verified public online price 2026-05-15,12,,0.12,2026-11-17,2027-01-09,,,,,,
royal_mail_international_tracked_extra_compensation_medium_parcel,International Tracked Extra Compensation Heavier Medium Parcel,OTB,01,tracked:b2c:b2b:extra_compensation,Australia,AU,0.001,20000,1000,2000.001,610,460,460,38.20,38.20,world_zone_2,,,True,GBP,G,MM,7,False,True,250,mediumParcel,Royal Mail public online price plus published £3.10 extra-compensation option. Confirm Click & Drop account code OTB before production.,https://www.royalmail.com/sending/international/international-tracked,2026-04-07,verified public online price 2026-05-15,12,,0.12,2026-11-17,2027-01-09,,,,,,
royal_mail_international_tracked_extra_compensation_medium_parcel,International Tracked Extra Compensation Heavier Medium Parcel,OTB,01,tracked:b2c:b2b:extra_compensation,Australia,AU,0.001,20000,2000,3000.001,610,460,460,41.95,41.95,world_zone_2,,,True,GBP,G,MM,7,False,True,250,mediumParcel,Royal Mail public online price plus published £3.10 extra-compensation option. Confirm Click & Drop account code OTB before production.,https://www.royalmail.com/sending/international/international-tracked,2026-04-07,verified public online price 2026-05-15,12,,0.12,2026-11-17,2027-01-09,,,,,,
royal_mail_international_tracked_extra_compensation_medium_parcel,International Tracked Extra Compensation Heavier Medium Parcel,OTB,01,tracked:b2c:b2b:extra_compensation,Australia,AU,0.001,20000,3000,4000.001,610,460,460,48.60,48.60,world_zone_2,,,True,GBP,G,MM,7,False,True,250,mediumParcel,Royal Mail public online price plus published £3.10 extra-compensation option. Confirm Click & Drop account code OTB before production.,https://www.royalmail.com/sending/international/international-tracked,2026-04-07,verified public online price 2026-05-15,12,,0.12,2026-11-17,2027-01-09,,,,,,
royal_mail_international_tracked_extra_compensation_medium_parcel,International Tracked Extra Compensation Heavier Medium Parcel,OTB,01,tracked:b2c:b2b:extra_compensation,Australia,AU,0.001,20000,4000,5000.001,610,460,460,52.60,52.60,world_zone_2,,,True,GBP,G,MM,7,False,True,250,mediumParcel,Royal Mail public online price plus published £3.10 extra-compensation option. Confirm Click & Drop account code OTB before production.,https://www.royalmail.com/sending/international/international-tracked,2026-04-07,verified public online price 2026-05-15,12,,0.12,2026-11-17,2027-01-09,,,,,,
royal_mail_international_tracked_extra_compensation_medium_parcel,International Tracked Extra Compensation Heavier Medium Parcel,OTB,01,tracked:b2c:b2b:extra_compensation,Australia,AU,0.001,20000,5000,7500.001,610,460,460,67.05,67.05,world_zone_2,,,True,GBP,G,MM,7,False,True,250,mediumParcel,Royal Mail public online price plus published £3.10 extra-compensation option. Confirm Click & Drop account code OTB before production.,https://www.royalmail.com/sending/international/international-tracked,2026-04-07,verified public online price 2026-05-15,12,,0.12,2026-11-17,2027-01-09,,,,,,
royal_mail_international_tracked_extra_compensation_medium_parcel,International Tracked Extra Compensation Heavier Medium Parcel,OTB,01,tracked:b2c:b2b:extra_compensation,Australia,AU,0.001,20000,7500,10000.001,610,460,460,83.40,83.40,world_zone_2,,,True,GBP,G,MM,7,False,True,250,mediumParcel,Royal Mail public online price plus published £3.10 extra-compensation option. Confirm Click & Drop account code OTB before production.,https://www.royalmail.com/sending/international/international-tracked,2026-04-07,verified public online price 2026-05-15,12,,0.12,2026-11-17,2027-01-09,,,,,,
royal_mail_international_tracked_extra_compensation_medium_parcel,International Tracked Extra Compensation Heavier Medium Parcel,OTB,01,tracked:b2c:b2b:extra_compensation,Australia,AU,0.001,20000,10000,15000.001,610,460,460,126.50,126.50,world_zone_2,,,True,GBP,G,MM,7,False,True,250,mediumParcel,Royal Mail public online price plus published £3.10 extra-compensation option. Confirm Click & Drop account code OTB before production.,https://www.royalmail.com/sending/international/international-tracked,2026-04-07,verified public online price 2026-05-15,12,,0.12,2026-11-17,2027-01-09,,,,,,
royal_mail_international_tracked_extra_compensation_medium_parcel,International Tracked Extra Compensation Heavier Medium Parcel,OTB,01,tracked:b2c:b2b:extra_compensation,Australia,AU,0.001,20000,15000,20000.001,610,460,460,173.10,173.10,world_zone_2,,,True,GBP,G,MM,7,False,True,250,mediumParcel,Royal Mail public online price plus published £3.10 extra-compensation option. Confirm Click & Drop account code OTB before production.,https://www.royalmail.com/sending/international/international-tracked,2026-04-07,verified public online price 2026-05-15,12,,0.12,2026-11-17,2027-01-09,,,,,,
royal_mail_international_tracked_extra_compensation_medium_parcel,International Tracked Extra Compensation Heavier Medium Parcel,OTB,01,tracked:b2c:b2b:extra_compensation,New Zealand,NZ,0.001,20000,0,1000.001,610,460,460,30.60,30.60,world_zone_2,,,True,GBP,G,MM,7,False,True,250,mediumParcel,Royal Mail public online price plus published £3.10 extra-compensation option. Confirm Click & Drop account code OTB before production.,https://www.royalmail.com/sending/international/international-tracked,2026-04-07,verified public online price 2026-05-15,12,,0.12,2026-11-17,2027-01-09,,,,,,
royal_mail_international_tracked_extra_compensation_medium_parcel,International Tracked Extra Compensation Heavier Medium Parcel,OTB,01,tracked:b2c:b2b:extra_compensation,New Zealand,NZ,0.001,20000,1000,2000.001,610,460,460,39.60,39.60,world_zone_2,,,True,GBP,G,MM,7,False,True,250,mediumParcel,Royal Mail public online price plus published £3.10 extra-compensation option. Confirm Click & Drop account code OTB before production.,https://www.royalmail.com/sending/international/international-tracked,2026-04-07,verified public online price 2026-05-15,12,,0.12,2026-11-17,2027-01-09,,,,,,
royal_mail_international_tracked_extra_compensation_medium_parcel,International Tracked Extra Compensation Heavier Medium Parcel,OTB,01,tracked:b2c:b2b:extra_compensation,New Zealand,NZ,0.001,20000,2000,3000.001,610,460,460,43.50,43.50,world_zone_2,,,True,GBP,G,MM,7,False,True,250,mediumParcel,Royal Mail public online price plus published £3.10 extra-compensation option. Confirm Click & Drop account code OTB before production.,https://www.royalmail.com/sending/international/international-tracked,2026-04-07,verified public online price 2026-05-15,12,,0.12,2026-11-17,2027-01-09,,,,,,
royal_mail_international_tracked_extra_compensation_medium_parcel,International Tracked Extra Compensation Heavier Medium Parcel,OTB,01,tracked:b2c:b2b:extra_compensation,New Zealand,NZ,0.001,20000,3000,4000.001,610,460,460,49.10,49.10,world_zone_2,,,True,GBP,G,MM,7,False,True,250,mediumParcel,Royal Mail public online price plus published £3.10 extra-compensation option. Confirm Click & Drop account code OTB before production.,https://www.royalmail.com/sending/international/international-tracked,2026-04-07,verified public online price 2026-05-15,12,,0.12,2026-11-17,2027-01-09,,,,,,
royal_mail_international_tracked_extra_compensation_medium_parcel,International Tracked Extra Compensation Heavier Medium Parcel,OTB,01,tracked:b2c:b2b:extra_compensation,New Zealand,NZ,0.001,20000,4000,5000.001,610,460,460,58.10,58.10,world_zone_2,,,True,GBP,G,MM,7,False,True,250,mediumParcel,Royal Mail public online price plus published £3.10 extra-compensation option. Confirm Click & Drop account code OTB before production.,https://www.royalmail.com/sending/international/international-tracked,2026-04-07,verified public online price 2026-05-15,12,,0.12,2026-11-17,2027-01-09,,,,,,
royal_mail_international_tracked_extra_compensation_medium_parcel,International Tracked Extra Compensation Heavier Medium Parcel,OTB,01,tracked:b2c:b2b:extra_compensation,New Zealand,NZ,0.001,20000,5000,7500.001,610,460,460,73.10,73.10,world_zone_2,,,True,GBP,G,MM,7,False,True,250,mediumParcel,Royal Mail public online price plus published £3.10 extra-compensation option. Confirm Click & Drop account code OTB before production.,https://www.royalmail.com/sending/international/international-tracked,2026-04-07,verified public online price 2026-05-15,12,,0.12,2026-11-17,2027-01-09,,,,,,
royal_mail_international_tracked_extra_compensation_medium_parcel,International Tracked Extra Compensation Heavier Medium Parcel,OTB,01,tracked:b2c:b2b:extra_compensation,New Zealand,NZ,0.001,20000,7500,10000.001,610,460,460,94.30,94.30,world_zone_2,,,True,GBP,G,MM,7,False,True,250,mediumParcel,Royal Mail public online price plus published £3.10 extra-compensation option. Confirm Click & Drop account code OTB before production.,https://www.royalmail.com/sending/international/international-tracked,2026-04-07,verified public online price 2026-05-15,12,,0.12,2026-11-17,2027-01-09,,,,,,
royal_mail_international_tracked_extra_compensation_medium_parcel,International Tracked Extra Compensation Heavier Medium Parcel,OTB,01,tracked:b2c:b2b:extra_compensation,New Zealand,NZ,0.001,20000,10000,15000.001,610,460,460,131.45,131.45,world_zone_2,,,True,GBP,G,MM,7,False,True,250,mediumParcel,Royal Mail public online price plus published £3.10 extra-compensation option. Confirm Click & Drop account code OTB before production.,https://www.royalmail.com/sending/international/international-tracked,2026-04-07,verified public online price 2026-05-15,12,,0.12,2026-11-17,2027-01-09,,,,,,
royal_mail_international_tracked_extra_compensation_medium_parcel,International Tracked Extra Compensation Heavier Medium Parcel,OTB,01,tracked:b2c:b2b:extra_compensation,New Zealand,NZ,0.001,20000,15000,20000.001,610,460,460,180.25,180.25,world_zone_2,,,True,GBP,G,MM,7,False,True,250,mediumParcel,Royal Mail public online price plus published £3.10 extra-compensation option. Confirm Click & Drop account code OTB before production.,https://www.royalmail.com/sending/international/international-tracked,2026-04-07,verified public online price 2026-05-15,12,,0.12,2026-11-17,2027-01-09,,,,,,
royal_mail_international_tracked_extra_compensation_medium_parcel,International Tracked Extra Compensation Heavier Medium Parcel,OTB,01,tracked:b2c:b2b:extra_compensation,Rest of World Zone 2,PW:IO:CX:CC:CK:FJ:PF:TF:KI:MO:NR:NC:AQ:NU:NF:BV:PG:LA:PN:SG:SB:TK:TO:TV:AS:WS,0.001,20000,0,1000.001,610,460,460,32.80,32.80,world_zone_2,,,True,GBP,G,MM,7,False,True,250,mediumParcel,Royal Mail public online price plus published £3.10 extra-compensation option. Confirm Click & Drop account code OTB before production.,https://www.royalmail.com/sending/international/international-tracked,2026-04-07,verified public online price 2026-05-15,12,,0.12,2026-11-17,2027-01-09,,,,,,
royal_mail_international_tracked_extra_compensation_medium_parcel,International Tracked Extra Compensation Heavier Medium Parcel,OTB,01,tracked:b2c:b2b:extra_compensation,Rest of World Zone 2,PW:IO:CX:CC:CK:FJ:PF:TF:KI:MO:NR:NC:AQ:NU:NF:BV:PG:LA:PN:SG:SB:TK:TO:TV:AS:WS,0.001,20000,1000,2000.001,610,460,460,41.00,41.00,world_zone_2,,,True,GBP,G,MM,7,False,True,250,mediumParcel,Royal Mail public online price plus published £3.10 extra-compensation option. Confirm Click & Drop account code OTB before production.,https://www.royalmail.com/sending/international/international-tracked,2026-04-07,verified public online price 2026-05-15,12,,0.12,2026-11-17,2027-01-09,,,,,,
royal_mail_international_tracked_extra_compensation_medium_parcel,International Tracked Extra Compensation Heavier Medium Parcel,OTB,01,tracked:b2c:b2b:extra_compensation,Rest of World Zone 2,PW:IO:CX:CC:CK:FJ:PF:TF:KI:MO:NR:NC:AQ:NU:NF:BV:PG:LA:PN:SG:SB:TK:TO:TV:AS:WS,0.001,20000,2000,3000.001,610,460,460,45.05,45.05,world_zone_2,,,True,GBP,G,MM,7,False,True,250,mediumParcel,Royal Mail public online price plus published £3.10 extra-compensation option. Confirm Click & Drop account code OTB before production.,https://www.royalmail.com/sending/international/international-tracked,2026-04-07,verified public online price 2026-05-15,12,,0.12,2026-11-17,2027-01-09,,,,,,
royal_mail_international_tracked_extra_compensation_medium_parcel,International Tracked Extra Compensation Heavier Medium Parcel,OTB,01,tracked:b2c:b2b:extra_compensation,Rest of World Zone 2,PW:IO:CX:CC:CK:FJ:PF:TF:KI:MO:NR:NC:AQ:NU:NF:BV:PG:LA:PN:SG:SB:TK:TO:TV:AS:WS,0.001,20000,3000,4000.001,610,460,460,49.70,49.70,world_zone_2,,,True,GBP,G,MM,7,False,True,250,mediumParcel,Royal Mail public online price plus published £3.10 extra-compensation option. Confirm Click & Drop account code OTB before production.,https://www.royalmail.com/sending/international/international-tracked,2026-04-07,verified public online price 2026-05-15,12,,0.12,2026-11-17,2027-01-09,,,,,,
royal_mail_international_tracked_extra_compensation_medium_parcel,International Tracked Extra Compensation Heavier Medium Parcel,OTB,01,tracked:b2c:b2b:extra_compensation,Rest of World Zone 2,PW:IO:CX:CC:CK:FJ:PF:TF:KI:MO:NR:NC:AQ:NU:NF:BV:PG:LA:PN:SG:SB:TK:TO:TV:AS:WS,0.001,20000,4000,5000.001,610,460,460,59.05,59.05,world_zone_2,,,True,GBP,G,MM,7,False,True,250,mediumParcel,Royal Mail public online price plus published £3.10 extra-compensation option. Confirm Click & Drop account code OTB before production.,https://www.royalmail.com/sending/international/international-tracked,2026-04-07,verified public online price 2026-05-15,12,,0.12,2026-11-17,2027-01-09,,,,,,
royal_mail_international_tracked_extra_compensation_medium_parcel,International Tracked Extra Compensation Heavier Medium Parcel,OTB,01,tracked:b2c:b2b:extra_compensation,Rest of World Zone 2,PW:IO:CX:CC:CK:FJ:PF:TF:KI:MO:NR:NC:AQ:NU:NF:BV:PG:LA:PN:SG:SB:TK:TO:TV:AS:WS,0.001,20000,5000,7500.001,610,460,460,79.35,79.35,world_zone_2,,,True,GBP,G,MM,7,False,True,250,mediumParcel,Royal Mail public online price plus published £3.10 extra-compensation option. Confirm Click & Drop account code OTB before production.,https://www.royalmail.com/sending/international/international-tracked,2026-04-07,verified public online price 2026-05-15,12,,0.12,2026-11-17,2027-01-09,,,,,,
royal_mail_international_tracked_extra_compensation_medium_parcel,International Tracked Extra Compensation Heavier Medium Parcel,OTB,01,tracked:b2c:b2b:extra_compensation,Rest of World Zone 2,PW:IO:CX:CC:CK:FJ:PF:TF:KI:MO:NR:NC:AQ:NU:NF:BV:PG:LA:PN:SG:SB:TK:TO:TV:AS:WS,0.001,20000,7500,10000.001,610,460,460,108.85,108.85,world_zone_2,,,True,GBP,G,MM,7,False,True,250,mediumParcel,Royal Mail public online price plus published £3.10 extra-compensation option. Confirm Click & Drop account code OTB before production.,https://www.royalmail.com/sending/international/international-tracked,2026-04-07,verified public online price 2026-05-15,12,,0.12,2026-11-17,2027-01-09,,,,,,
royal_mail_international_tracked_extra_compensation_medium_parcel,International Tracked Extra Compensation Heavier Medium Parcel,OTB,01,tracked:b2c:b2b:extra_compensation,Rest of World Zone 2,PW:IO:CX:CC:CK:FJ:PF:TF:KI:MO:NR:NC:AQ:NU:NF:BV:PG:LA:PN:SG:SB:TK:TO:TV:AS:WS,0.001,20000,10000,15000.001,610,460,460,146.30,146.30,world_zone_2,,,True,GBP,G,MM,7,False,True,250,mediumParcel,Royal Mail public online price plus published £3.10 extra-compensation option. Confirm Click & Drop account code OTB before production.,https://www.royalmail.com/sending/international/international-tracked,2026-04-07,verified public online price 2026-05-15,12,,0.12,2026-11-17,2027-01-09,,,,,,
royal_mail_international_tracked_extra_compensation_medium_parcel,International Tracked Extra Compensation Heavier Medium Parcel,OTB,01,tracked:b2c:b2b:extra_compensation,Rest of World Zone 2,PW:IO:CX:CC:CK:FJ:PF:TF:KI:MO:NR:NC:AQ:NU:NF:BV:PG:LA:PN:SG:SB:TK:TO:TV:AS:WS,0.001,20000,15000,20000.001,610,460,460,187.80,187.80,world_zone_2,,,True,GBP,G,MM,7,False,True,250,mediumParcel,Royal Mail public online price plus published £3.10 extra-compensation option. Confirm Click & Drop account code OTB before production.,https://www.royalmail.com/sending/international/international-tracked,2026-04-07,verified public online price 2026-05-15,12,,0.12,2026-11-17,2027-01-09,,,,,,
royal_mail_international_tracked_and_signed_letter,International Tracked & Signed Letter,OTC,01,tracked:signature:b2c:b2b,Europe Zone 1,IE:FR:DE:DK:MC,0.001,100,0,100.001,240,165,5,8.60,8.60,europe_zone_1,,,True,GBP,G,MM,7,False,True,20,letter,Royal Mail public online Click & Drop rate; no discounts on account/contract terms,https://www.royalmail.com/sending/international/international-tracked-signed,2026-04-07,verified public online price 2026-05-15,12,,,,,,,,,,
royal_mail_international_tracked_and_signed_letter,International Tracked & Signed Letter,OTC,01,tracked:signature:b2c:b2b,Europe Zone 2,AT:LV:PT:LT:ES:LU:BE:BG:MT:NL:HR:PL:CY:RO:CZ:SK:EE:SI:FI:GR:HU:SE:IT,0.001,100,0,100.001,240,165,5,8.60,8.60,europe_zone_2,,,True,GBP,G,MM,7,False,True,20,letter,Royal Mail public online Click & Drop rate; no discounts on account/contract terms,https://www.royalmail.com/sending/international/international-tracked-signed,2026-04-07,verified public online price 2026-05-15,12,,,,,,,,,,
royal_mail_international_tracked_and_signed_letter,International Tracked & Signed Letter,OTC,01,tracked:signature:b2c:b2b,Europe Zone 3,AL:MD:AD:ME:AM:MK:AZ:NO:SJ:BY:RU:BA:SM:FO:RS:GE:CH:GI:TJ:GL:TR:IS:TM:KZ:UA:XK:UZ:KG:VA:LI,0.001,100,0,100.001,240,165,5,8.60,8.60,europe_zone_3,,,True,GBP,G,MM,7,False,True,20,letter,Royal Mail public online Click & Drop rate; no discounts on account/contract terms,https://www.royalmail.com/sending/international/international-tracked-signed,2026-04-07,verified public online price 2026-05-15,12,,,,,,,,,,
royal_mail_international_tracked_and_signed_letter,International Tracked & Signed Letter,OTC,01,tracked:signature:b2c:b2b,World Zone 1,,0.001,100,0,100.001,240,165,5,8.60,8.60,world_zone_1,,,True,GBP,G,MM,7,False,True,20,letter,Royal Mail public online Click & Drop rate; no discounts on account/contract terms,https://www.royalmail.com/sending/international/international-tracked-signed,2026-04-07,verified public online price 2026-05-15,12,,,,,,,,,,
royal_mail_international_tracked_and_signed_letter,International Tracked & Signed Letter,OTC,01,tracked:signature:b2c:b2b,World Zone 2,AU:PW:IO:CX:CC:CK:FJ:PF:TF:KI:MO:NR:NC:NZ:AQ:NU:NF:BV:PG:LA:PN:SG:SB:TK:TO:TV:AS:WS,0.001,100,0,100.001,240,165,5,8.60,8.60,world_zone_2,,,True,GBP,G,MM,7,False,True,20,letter,Royal Mail public online Click & Drop rate; no discounts on account/contract terms,https://www.royalmail.com/sending/international/international-tracked-signed,2026-04-07,verified public online price 2026-05-15,12,,,,,,,,,,
royal_mail_international_tracked_and_signed_letter,International Tracked & Signed Letter,OTC,01,tracked:signature:b2c:b2b,World Zone 3,US,0.001,100,0,100.001,240,165,5,8.60,8.60,world_zone_3,,,True,GBP,G,MM,7,False,True,20,letter,Royal Mail public online Click & Drop rate; no discounts on account/contract terms,https://www.royalmail.com/sending/international/international-tracked-signed,2026-04-07,verified public online price 2026-05-15,12,,,,,,,,,,
royal_mail_international_tracked_and_signed_large_letter,International Tracked & Signed Large Letter,OTC,01,tracked:signature:b2c:b2b,Europe Zone 1,IE:FR:DE:DK:MC,0.001,750,0,100.001,353,250,25,9.85,9.85,europe_zone_1,,,True,GBP,G,MM,7,False,True,20,largeLetter,Royal Mail public online Click & Drop rate; no discounts on account/contract terms,https://www.royalmail.com/sending/international/international-tracked-signed,2026-04-07,verified public online price 2026-05-15,12,,0.07,2026-11-17,2027-01-09,,,,,,
royal_mail_international_tracked_and_signed_large_letter,International Tracked & Signed Large Letter,OTC,01,tracked:signature:b2c:b2b,Europe Zone 1,IE:FR:DE:DK:MC,0.001,750,100,250.001,353,250,25,10.60,10.60,europe_zone_1,,,True,GBP,G,MM,7,False,True,20,largeLetter,Royal Mail public online Click & Drop rate; no discounts on account/contract terms,https://www.royalmail.com/sending/international/international-tracked-signed,2026-04-07,verified public online price 2026-05-15,12,,0.07,2026-11-17,2027-01-09,,,,,,
royal_mail_international_tracked_and_signed_large_letter,International Tracked & Signed Large Letter,OTC,01,tracked:signature:b2c:b2b,Europe Zone 1,IE:FR:DE:DK:MC,0.001,750,250,500.001,353,250,25,11.40,11.40,europe_zone_1,,,True,GBP,G,MM,7,False,True,20,largeLetter,Royal Mail public online Click & Drop rate; no discounts on account/contract terms,https://www.royalmail.com/sending/international/international-tracked-signed,2026-04-07,verified public online price 2026-05-15,12,,0.07,2026-11-17,2027-01-09,,,,,,
royal_mail_international_tracked_and_signed_large_letter,International Tracked & Signed Large Letter,OTC,01,tracked:signature:b2c:b2b,Europe Zone 1,IE:FR:DE:DK:MC,0.001,750,500,750.001,353,250,25,11.95,11.95,europe_zone_1,,,True,GBP,G,MM,7,False,True,20,largeLetter,Royal Mail public online Click & Drop rate; no discounts on account/contract terms,https://www.royalmail.com/sending/international/international-tracked-signed,2026-04-07,verified public online price 2026-05-15,12,,0.07,2026-11-17,2027-01-09,,,,,,
royal_mail_international_tracked_and_signed_large_letter,International Tracked & Signed Large Letter,OTC,01,tracked:signature:b2c:b2b,Europe Zone 2,AT:LV:PT:LT:ES:LU:BE:BG:MT:NL:HR:PL:CY:RO:CZ:SK:EE:SI:FI:GR:HU:SE:IT,0.001,750,0,100.001,353,250,25,9.85,9.85,europe_zone_2,,,True,GBP,G,MM,7,False,True,20,largeLetter,Royal Mail public online Click & Drop rate; no discounts on account/contract terms,https://www.royalmail.com/sending/international/international-tracked-signed,2026-04-07,verified public online price 2026-05-15,12,,0.07,2026-11-17,2027-01-09,,,,,,
royal_mail_international_tracked_and_signed_large_letter,International Tracked & Signed Large Letter,OTC,01,tracked:signature:b2c:b2b,Europe Zone 2,AT:LV:PT:LT:ES:LU:BE:BG:MT:NL:HR:PL:CY:RO:CZ:SK:EE:SI:FI:GR:HU:SE:IT,0.001,750,100,250.001,353,250,25,10.60,10.60,europe_zone_2,,,True,GBP,G,MM,7,False,True,20,largeLetter,Royal Mail public online Click & Drop rate; no discounts on account/contract terms,https://www.royalmail.com/sending/international/international-tracked-signed,2026-04-07,verified public online price 2026-05-15,12,,0.07,2026-11-17,2027-01-09,,,,,,
royal_mail_international_tracked_and_signed_large_letter,International Tracked & Signed Large Letter,OTC,01,tracked:signature:b2c:b2b,Europe Zone 2,AT:LV:PT:LT:ES:LU:BE:BG:MT:NL:HR:PL:CY:RO:CZ:SK:EE:SI:FI:GR:HU:SE:IT,0.001,750,250,500.001,353,250,25,11.40,11.40,europe_zone_2,,,True,GBP,G,MM,7,False,True,20,largeLetter,Royal Mail public online Click & Drop rate; no discounts on account/contract terms,https://www.royalmail.com/sending/international/international-tracked-signed,2026-04-07,verified public online price 2026-05-15,12,,0.07,2026-11-17,2027-01-09,,,,,,
royal_mail_international_tracked_and_signed_large_letter,International Tracked & Signed Large Letter,OTC,01,tracked:signature:b2c:b2b,Europe Zone 2,AT:LV:PT:LT:ES:LU:BE:BG:MT:NL:HR:PL:CY:RO:CZ:SK:EE:SI:FI:GR:HU:SE:IT,0.001,750,500,750.001,353,250,25,11.95,11.95,europe_zone_2,,,True,GBP,G,MM,7,False,True,20,largeLetter,Royal Mail public online Click & Drop rate; no discounts on account/contract terms,https://www.royalmail.com/sending/international/international-tracked-signed,2026-04-07,verified public online price 2026-05-15,12,,0.07,2026-11-17,2027-01-09,,,,,,
royal_mail_international_tracked_and_signed_large_letter,International Tracked & Signed Large Letter,OTC,01,tracked:signature:b2c:b2b,Europe Zone 3,AL:MD:AD:ME:AM:MK:AZ:NO:SJ:BY:RU:BA:SM:FO:RS:GE:CH:GI:TJ:GL:TR:IS:TM:KZ:UA:XK:UZ:KG:VA:LI,0.001,750,0,100.001,353,250,25,9.85,9.85,europe_zone_3,,,True,GBP,G,MM,7,False,True,20,largeLetter,Royal Mail public online Click & Drop rate; no discounts on account/contract terms,https://www.royalmail.com/sending/international/international-tracked-signed,2026-04-07,verified public online price 2026-05-15,12,,0.07,2026-11-17,2027-01-09,,,,,,
royal_mail_international_tracked_and_signed_large_letter,International Tracked & Signed Large Letter,OTC,01,tracked:signature:b2c:b2b,Europe Zone 3,AL:MD:AD:ME:AM:MK:AZ:NO:SJ:BY:RU:BA:SM:FO:RS:GE:CH:GI:TJ:GL:TR:IS:TM:KZ:UA:XK:UZ:KG:VA:LI,0.001,750,100,250.001,353,250,25,10.60,10.60,europe_zone_3,,,True,GBP,G,MM,7,False,True,20,largeLetter,Royal Mail public online Click & Drop rate; no discounts on account/contract terms,https://www.royalmail.com/sending/international/international-tracked-signed,2026-04-07,verified public online price 2026-05-15,12,,0.07,2026-11-17,2027-01-09,,,,,,
royal_mail_international_tracked_and_signed_large_letter,International Tracked & Signed Large Letter,OTC,01,tracked:signature:b2c:b2b,Europe Zone 3,AL:MD:AD:ME:AM:MK:AZ:NO:SJ:BY:RU:BA:SM:FO:RS:GE:CH:GI:TJ:GL:TR:IS:TM:KZ:UA:XK:UZ:KG:VA:LI,0.001,750,250,500.001,353,250,25,11.40,11.40,europe_zone_3,,,True,GBP,G,MM,7,False,True,20,largeLetter,Royal Mail public online Click & Drop rate; no discounts on account/contract terms,https://www.royalmail.com/sending/international/international-tracked-signed,2026-04-07,verified public online price 2026-05-15,12,,0.07,2026-11-17,2027-01-09,,,,,,
royal_mail_international_tracked_and_signed_large_letter,International Tracked & Signed Large Letter,OTC,01,tracked:signature:b2c:b2b,Europe Zone 3,AL:MD:AD:ME:AM:MK:AZ:NO:SJ:BY:RU:BA:SM:FO:RS:GE:CH:GI:TJ:GL:TR:IS:TM:KZ:UA:XK:UZ:KG:VA:LI,0.001,750,500,750.001,353,250,25,11.95,11.95,europe_zone_3,,,True,GBP,G,MM,7,False,True,20,largeLetter,Royal Mail public online Click & Drop rate; no discounts on account/contract terms,https://www.royalmail.com/sending/international/international-tracked-signed,2026-04-07,verified public online price 2026-05-15,12,,0.07,2026-11-17,2027-01-09,,,,,,
royal_mail_international_tracked_and_signed_large_letter,International Tracked & Signed Large Letter,OTC,01,tracked:signature:b2c:b2b,World Zone 1,,0.001,750,0,100.001,353,250,25,11.40,11.40,world_zone_1,,,True,GBP,G,MM,7,False,True,20,largeLetter,Royal Mail public online Click & Drop rate; no discounts on account/contract terms,https://www.royalmail.com/sending/international/international-tracked-signed,2026-04-07,verified public online price 2026-05-15,12,,0.07,2026-11-17,2027-01-09,,,,,,
royal_mail_international_tracked_and_signed_large_letter,International Tracked & Signed Large Letter,OTC,01,tracked:signature:b2c:b2b,World Zone 1,,0.001,750,100,250.001,353,250,25,12.50,12.50,world_zone_1,,,True,GBP,G,MM,7,False,True,20,largeLetter,Royal Mail public online Click & Drop rate; no discounts on account/contract terms,https://www.royalmail.com/sending/international/international-tracked-signed,2026-04-07,verified public online price 2026-05-15,12,,0.07,2026-11-17,2027-01-09,,,,,,
royal_mail_international_tracked_and_signed_large_letter,International Tracked & Signed Large Letter,OTC,01,tracked:signature:b2c:b2b,World Zone 1,,0.001,750,250,500.001,353,250,25,14.60,14.60,world_zone_1,,,True,GBP,G,MM,7,False,True,20,largeLetter,Royal Mail public online Click & Drop rate; no discounts on account/contract terms,https://www.royalmail.com/sending/international/international-tracked-signed,2026-04-07,verified public online price 2026-05-15,12,,0.07,2026-11-17,2027-01-09,,,,,,
royal_mail_international_tracked_and_signed_large_letter,International Tracked & Signed Large Letter,OTC,01,tracked:signature:b2c:b2b,World Zone 1,,0.001,750,500,750.001,353,250,25,16.85,16.85,world_zone_1,,,True,GBP,G,MM,7,False,True,20,largeLetter,Royal Mail public online Click & Drop rate; no discounts on account/contract terms,https://www.royalmail.com/sending/international/international-tracked-signed,2026-04-07,verified public online price 2026-05-15,12,,0.07,2026-11-17,2027-01-09,,,,,,
royal_mail_international_tracked_and_signed_large_letter,International Tracked & Signed Large Letter,OTC,01,tracked:signature:b2c:b2b,World Zone 2,AU:PW:IO:CX:CC:CK:FJ:PF:TF:KI:MO:NR:NC:NZ:AQ:NU:NF:BV:PG:LA:PN:SG:SB:TK:TO:TV:AS:WS,0.001,750,0,100.001,353,250,25,11.65,11.65,world_zone_2,,,True,GBP,G,MM,7,False,True,20,largeLetter,Royal Mail public online Click & Drop rate; no discounts on account/contract terms,https://www.royalmail.com/sending/international/international-tracked-signed,2026-04-07,verified public online price 2026-05-15,12,,0.07,2026-11-17,2027-01-09,,,,,,
royal_mail_international_tracked_and_signed_large_letter,International Tracked & Signed Large Letter,OTC,01,tracked:signature:b2c:b2b,World Zone 2,AU:PW:IO:CX:CC:CK:FJ:PF:TF:KI:MO:NR:NC:NZ:AQ:NU:NF:BV:PG:LA:PN:SG:SB:TK:TO:TV:AS:WS,0.001,750,100,250.001,353,250,25,13.75,13.75,world_zone_2,,,True,GBP,G,MM,7,False,True,20,largeLetter,Royal Mail public online Click & Drop rate; no discounts on account/contract terms,https://www.royalmail.com/sending/international/international-tracked-signed,2026-04-07,verified public online price 2026-05-15,12,,0.07,2026-11-17,2027-01-09,,,,,,
royal_mail_international_tracked_and_signed_large_letter,International Tracked & Signed Large Letter,OTC,01,tracked:signature:b2c:b2b,World Zone 2,AU:PW:IO:CX:CC:CK:FJ:PF:TF:KI:MO:NR:NC:NZ:AQ:NU:NF:BV:PG:LA:PN:SG:SB:TK:TO:TV:AS:WS,0.001,750,250,500.001,353,250,25,16.80,16.80,world_zone_2,,,True,GBP,G,MM,7,False,True,20,largeLetter,Royal Mail public online Click & Drop rate; no discounts on account/contract terms,https://www.royalmail.com/sending/international/international-tracked-signed,2026-04-07,verified public online price 2026-05-15,12,,0.07,2026-11-17,2027-01-09,,,,,,
royal_mail_international_tracked_and_signed_large_letter,International Tracked & Signed Large Letter,OTC,01,tracked:signature:b2c:b2b,World Zone 2,AU:PW:IO:CX:CC:CK:FJ:PF:TF:KI:MO:NR:NC:NZ:AQ:NU:NF:BV:PG:LA:PN:SG:SB:TK:TO:TV:AS:WS,0.001,750,500,750.001,353,250,25,20.05,20.05,world_zone_2,,,True,GBP,G,MM,7,False,True,20,largeLetter,Royal Mail public online Click & Drop rate; no discounts on account/contract terms,https://www.royalmail.com/sending/international/international-tracked-signed,2026-04-07,verified public online price 2026-05-15,12,,0.07,2026-11-17,2027-01-09,,,,,,
royal_mail_international_tracked_and_signed_large_letter,International Tracked & Signed Large Letter,OTC,01,tracked:signature:b2c:b2b,World Zone 3,US,0.001,750,0,100.001,353,250,25,11.65,11.65,world_zone_3,,,True,GBP,G,MM,7,False,True,20,largeLetter,Royal Mail public online Click & Drop rate; no discounts on account/contract terms,https://www.royalmail.com/sending/international/international-tracked-signed,2026-04-07,verified public online price 2026-05-15,12,,0.07,2026-11-17,2027-01-09,,,,,,
royal_mail_international_tracked_and_signed_large_letter,International Tracked & Signed Large Letter,OTC,01,tracked:signature:b2c:b2b,World Zone 3,US,0.001,750,100,250.001,353,250,25,13.55,13.55,world_zone_3,,,True,GBP,G,MM,7,False,True,20,largeLetter,Royal Mail public online Click & Drop rate; no discounts on account/contract terms,https://www.royalmail.com/sending/international/international-tracked-signed,2026-04-07,verified public online price 2026-05-15,12,,0.07,2026-11-17,2027-01-09,,,,,,
royal_mail_international_tracked_and_signed_large_letter,International Tracked & Signed Large Letter,OTC,01,tracked:signature:b2c:b2b,World Zone 3,US,0.001,750,250,500.001,353,250,25,15.20,15.20,world_zone_3,,,True,GBP,G,MM,7,False,True,20,largeLetter,Royal Mail public online Click & Drop rate; no discounts on account/contract terms,https://www.royalmail.com/sending/international/international-tracked-signed,2026-04-07,verified public online price 2026-05-15,12,,0.07,2026-11-17,2027-01-09,,,,,,
royal_mail_international_tracked_and_signed_large_letter,International Tracked & Signed Large Letter,OTC,01,tracked:signature:b2c:b2b,World Zone 3,US,0.001,750,500,750.001,353,250,25,17.40,17.40,world_zone_3,,,True,GBP,G,MM,7,False,True,20,largeLetter,Royal Mail public online Click & Drop rate; no discounts on account/contract terms,https://www.royalmail.com/sending/international/international-tracked-signed,2026-04-07,verified public online price 2026-05-15,12,,0.07,2026-11-17,2027-01-09,,,,,,
royal_mail_international_standard_letter,International Standard Letter,OLA,01,b2c:b2b,Europe Zone 1,IE:FR:DE:DK:MC,0.001,100,0,100.001,240,165,5,3.60,3.60,europe_zone_1,,,True,GBP,G,MM,7,False,True,20,letter,Royal Mail public online Click & Drop rate; no discounts on account/contract terms,https://www.royalmail.com/sending/international/international-standard,2026-04-07,verified public online price 2026-05-15,12,,,,,,,,,,
royal_mail_international_standard_letter,International Standard Letter,OLA,01,b2c:b2b,Europe Zone 2,AT:LV:PT:LT:ES:LU:BE:BG:MT:NL:HR:PL:CY:RO:CZ:SK:EE:SI:FI:GR:HU:SE:IT,0.001,100,0,100.001,240,165,5,3.60,3.60,europe_zone_2,,,True,GBP,G,MM,7,False,True,20,letter,Royal Mail public online Click & Drop rate; no discounts on account/contract terms,https://www.royalmail.com/sending/international/international-standard,2026-04-07,verified public online price 2026-05-15,12,,,,,,,,,,
royal_mail_international_standard_letter,International Standard Letter,OLA,01,b2c:b2b,Europe Zone 3,AL:MD:AD:ME:AM:MK:AZ:NO:SJ:BY:RU:BA:SM:FO:RS:GE:CH:GI:TJ:GL:TR:IS:TM:KZ:UA:XK:UZ:KG:VA:LI,0.001,100,0,100.001,240,165,5,3.60,3.60,europe_zone_3,,,True,GBP,G,MM,7,False,True,20,letter,Royal Mail public online Click & Drop rate; no discounts on account/contract terms,https://www.royalmail.com/sending/international/international-standard,2026-04-07,verified public online price 2026-05-15,12,,,,,,,,,,
royal_mail_international_standard_letter,International Standard Letter,OLA,01,b2c:b2b,World Zone 1,,0.001,100,0,100.001,240,165,5,3.60,3.60,world_zone_1,,,True,GBP,G,MM,7,False,True,20,letter,Royal Mail public online Click & Drop rate; no discounts on account/contract terms,https://www.royalmail.com/sending/international/international-standard,2026-04-07,verified public online price 2026-05-15,12,,,,,,,,,,
royal_mail_international_standard_letter,International Standard Letter,OLA,01,b2c:b2b,World Zone 2,AU:PW:IO:CX:CC:CK:FJ:PF:TF:KI:MO:NR:NC:NZ:AQ:NU:NF:BV:PG:LA:PN:SG:SB:TK:TO:TV:AS:WS,0.001,100,0,100.001,240,165,5,3.60,3.60,world_zone_2,,,True,GBP,G,MM,7,False,True,20,letter,Royal Mail public online Click & Drop rate; no discounts on account/contract terms,https://www.royalmail.com/sending/international/international-standard,2026-04-07,verified public online price 2026-05-15,12,,,,,,,,,,
royal_mail_international_standard_letter,International Standard Letter,OLA,01,b2c:b2b,World Zone 3,US,0.001,100,0,100.001,240,165,5,3.60,3.60,world_zone_3,,,True,GBP,G,MM,7,False,True,20,letter,Royal Mail public online Click & Drop rate; no discounts on account/contract terms,https://www.royalmail.com/sending/international/international-standard,2026-04-07,verified public online price 2026-05-15,12,,,,,,,,,,
royal_mail_international_standard_large_letter,International Standard Large Letter,OLA,01,b2c:b2b,Europe Zone 1,IE:FR:DE:DK:MC,0.001,750,0,100.001,353,250,25,3.70,3.70,europe_zone_1,,,True,GBP,G,MM,7,False,True,20,largeLetter,Royal Mail public online Click & Drop rate; no discounts on account/contract terms,https://www.royalmail.com/sending/international/international-standard,2026-04-07,verified public online price 2026-05-15,12,,0.07,2026-11-17,2027-01-09,,,,,,
royal_mail_international_standard_large_letter,International Standard Large Letter,OLA,01,b2c:b2b,Europe Zone 1,IE:FR:DE:DK:MC,0.001,750,100,250.001,353,250,25,5.35,5.35,europe_zone_1,,,True,GBP,G,MM,7,False,True,20,largeLetter,Royal Mail public online Click & Drop rate; no discounts on account/contract terms,https://www.royalmail.com/sending/international/international-standard,2026-04-07,verified public online price 2026-05-15,12,,0.07,2026-11-17,2027-01-09,,,,,,
royal_mail_international_standard_large_letter,International Standard Large Letter,OLA,01,b2c:b2b,Europe Zone 1,IE:FR:DE:DK:MC,0.001,750,250,500.001,353,250,25,6.85,6.85,europe_zone_1,,,True,GBP,G,MM,7,False,True,20,largeLetter,Royal Mail public online Click & Drop rate; no discounts on account/contract terms,https://www.royalmail.com/sending/international/international-standard,2026-04-07,verified public online price 2026-05-15,12,,0.07,2026-11-17,2027-01-09,,,,,,
royal_mail_international_standard_large_letter,International Standard Large Letter,OLA,01,b2c:b2b,Europe Zone 1,IE:FR:DE:DK:MC,0.001,750,500,750.001,353,250,25,10.80,10.80,europe_zone_1,,,True,GBP,G,MM,7,False,True,20,largeLetter,Royal Mail public online Click & Drop rate; no discounts on account/contract terms,https://www.royalmail.com/sending/international/international-standard,2026-04-07,verified public online price 2026-05-15,12,,0.07,2026-11-17,2027-01-09,,,,,,
royal_mail_international_standard_large_letter,International Standard Large Letter,OLA,01,b2c:b2b,Europe Zone 2,AT:LV:PT:LT:ES:LU:BE:BG:MT:NL:HR:PL:CY:RO:CZ:SK:EE:SI:FI:GR:HU:SE:IT,0.001,750,0,100.001,353,250,25,3.70,3.70,europe_zone_2,,,True,GBP,G,MM,7,False,True,20,largeLetter,Royal Mail public online Click & Drop rate; no discounts on account/contract terms,https://www.royalmail.com/sending/international/international-standard,2026-04-07,verified public online price 2026-05-15,12,,0.07,2026-11-17,2027-01-09,,,,,,
royal_mail_international_standard_large_letter,International Standard Large Letter,OLA,01,b2c:b2b,Europe Zone 2,AT:LV:PT:LT:ES:LU:BE:BG:MT:NL:HR:PL:CY:RO:CZ:SK:EE:SI:FI:GR:HU:SE:IT,0.001,750,100,250.001,353,250,25,5.35,5.35,europe_zone_2,,,True,GBP,G,MM,7,False,True,20,largeLetter,Royal Mail public online Click & Drop rate; no discounts on account/contract terms,https://www.royalmail.com/sending/international/international-standard,2026-04-07,verified public online price 2026-05-15,12,,0.07,2026-11-17,2027-01-09,,,,,,
royal_mail_international_standard_large_letter,International Standard Large Letter,OLA,01,b2c:b2b,Europe Zone 2,AT:LV:PT:LT:ES:LU:BE:BG:MT:NL:HR:PL:CY:RO:CZ:SK:EE:SI:FI:GR:HU:SE:IT,0.001,750,250,500.001,353,250,25,6.85,6.85,europe_zone_2,,,True,GBP,G,MM,7,False,True,20,largeLetter,Royal Mail public online Click & Drop rate; no discounts on account/contract terms,https://www.royalmail.com/sending/international/international-standard,2026-04-07,verified public online price 2026-05-15,12,,0.07,2026-11-17,2027-01-09,,,,,,
royal_mail_international_standard_large_letter,International Standard Large Letter,OLA,01,b2c:b2b,Europe Zone 2,AT:LV:PT:LT:ES:LU:BE:BG:MT:NL:HR:PL:CY:RO:CZ:SK:EE:SI:FI:GR:HU:SE:IT,0.001,750,500,750.001,353,250,25,10.80,10.80,europe_zone_2,,,True,GBP,G,MM,7,False,True,20,largeLetter,Royal Mail public online Click & Drop rate; no discounts on account/contract terms,https://www.royalmail.com/sending/international/international-standard,2026-04-07,verified public online price 2026-05-15,12,,0.07,2026-11-17,2027-01-09,,,,,,
royal_mail_international_standard_large_letter,International Standard Large Letter,OLA,01,b2c:b2b,Europe Zone 3,AL:MD:AD:ME:AM:MK:AZ:NO:SJ:BY:RU:BA:SM:FO:RS:GE:CH:GI:TJ:GL:TR:IS:TM:KZ:UA:XK:UZ:KG:VA:LI,0.001,750,0,100.001,353,250,25,3.70,3.70,europe_zone_3,,,True,GBP,G,MM,7,False,True,20,largeLetter,Royal Mail public online Click & Drop rate; no discounts on account/contract terms,https://www.royalmail.com/sending/international/international-standard,2026-04-07,verified public online price 2026-05-15,12,,0.07,2026-11-17,2027-01-09,,,,,,
royal_mail_international_standard_large_letter,International Standard Large Letter,OLA,01,b2c:b2b,Europe Zone 3,AL:MD:AD:ME:AM:MK:AZ:NO:SJ:BY:RU:BA:SM:FO:RS:GE:CH:GI:TJ:GL:TR:IS:TM:KZ:UA:XK:UZ:KG:VA:LI,0.001,750,100,250.001,353,250,25,5.35,5.35,europe_zone_3,,,True,GBP,G,MM,7,False,True,20,largeLetter,Royal Mail public online Click & Drop rate; no discounts on account/contract terms,https://www.royalmail.com/sending/international/international-standard,2026-04-07,verified public online price 2026-05-15,12,,0.07,2026-11-17,2027-01-09,,,,,,
royal_mail_international_standard_large_letter,International Standard Large Letter,OLA,01,b2c:b2b,Europe Zone 3,AL:MD:AD:ME:AM:MK:AZ:NO:SJ:BY:RU:BA:SM:FO:RS:GE:CH:GI:TJ:GL:TR:IS:TM:KZ:UA:XK:UZ:KG:VA:LI,0.001,750,250,500.001,353,250,25,6.85,6.85,europe_zone_3,,,True,GBP,G,MM,7,False,True,20,largeLetter,Royal Mail public online Click & Drop rate; no discounts on account/contract terms,https://www.royalmail.com/sending/international/international-standard,2026-04-07,verified public online price 2026-05-15,12,,0.07,2026-11-17,2027-01-09,,,,,,
royal_mail_international_standard_large_letter,International Standard Large Letter,OLA,01,b2c:b2b,Europe Zone 3,AL:MD:AD:ME:AM:MK:AZ:NO:SJ:BY:RU:BA:SM:FO:RS:GE:CH:GI:TJ:GL:TR:IS:TM:KZ:UA:XK:UZ:KG:VA:LI,0.001,750,500,750.001,353,250,25,10.80,10.80,europe_zone_3,,,True,GBP,G,MM,7,False,True,20,largeLetter,Royal Mail public online Click & Drop rate; no discounts on account/contract terms,https://www.royalmail.com/sending/international/international-standard,2026-04-07,verified public online price 2026-05-15,12,,0.07,2026-11-17,2027-01-09,,,,,,
royal_mail_international_standard_large_letter,International Standard Large Letter,OLA,01,b2c:b2b,World Zone 1,,0.001,750,0,100.001,353,250,25,4.50,4.50,world_zone_1,,,True,GBP,G,MM,7,False,True,20,largeLetter,Royal Mail public online Click & Drop rate; no discounts on account/contract terms,https://www.royalmail.com/sending/international/international-standard,2026-04-07,verified public online price 2026-05-15,12,,0.07,2026-11-17,2027-01-09,,,,,,
royal_mail_international_standard_large_letter,International Standard Large Letter,OLA,01,b2c:b2b,World Zone 1,,0.001,750,100,250.001,353,250,25,7.35,7.35,world_zone_1,,,True,GBP,G,MM,7,False,True,20,largeLetter,Royal Mail public online Click & Drop rate; no discounts on account/contract terms,https://www.royalmail.com/sending/international/international-standard,2026-04-07,verified public online price 2026-05-15,12,,0.07,2026-11-17,2027-01-09,,,,,,
royal_mail_international_standard_large_letter,International Standard Large Letter,OLA,01,b2c:b2b,World Zone 1,,0.001,750,250,500.001,353,250,25,10.60,10.60,world_zone_1,,,True,GBP,G,MM,7,False,True,20,largeLetter,Royal Mail public online Click & Drop rate; no discounts on account/contract terms,https://www.royalmail.com/sending/international/international-standard,2026-04-07,verified public online price 2026-05-15,12,,0.07,2026-11-17,2027-01-09,,,,,,
royal_mail_international_standard_large_letter,International Standard Large Letter,OLA,01,b2c:b2b,World Zone 1,,0.001,750,500,750.001,353,250,25,14.60,14.60,world_zone_1,,,True,GBP,G,MM,7,False,True,20,largeLetter,Royal Mail public online Click & Drop rate; no discounts on account/contract terms,https://www.royalmail.com/sending/international/international-standard,2026-04-07,verified public online price 2026-05-15,12,,0.07,2026-11-17,2027-01-09,,,,,,
royal_mail_international_standard_large_letter,International Standard Large Letter,OLA,01,b2c:b2b,World Zone 2,AU:PW:IO:CX:CC:CK:FJ:PF:TF:KI:MO:NR:NC:NZ:AQ:NU:NF:BV:PG:LA:PN:SG:SB:TK:TO:TV:AS:WS,0.001,750,0,100.001,353,250,25,4.50,4.50,world_zone_2,,,True,GBP,G,MM,7,False,True,20,largeLetter,Royal Mail public online Click & Drop rate; no discounts on account/contract terms,https://www.royalmail.com/sending/international/international-standard,2026-04-07,verified public online price 2026-05-15,12,,0.07,2026-11-17,2027-01-09,,,,,,
royal_mail_international_standard_large_letter,International Standard Large Letter,OLA,01,b2c:b2b,World Zone 2,AU:PW:IO:CX:CC:CK:FJ:PF:TF:KI:MO:NR:NC:NZ:AQ:NU:NF:BV:PG:LA:PN:SG:SB:TK:TO:TV:AS:WS,0.001,750,100,250.001,353,250,25,8.75,8.75,world_zone_2,,,True,GBP,G,MM,7,False,True,20,largeLetter,Royal Mail public online Click & Drop rate; no discounts on account/contract terms,https://www.royalmail.com/sending/international/international-standard,2026-04-07,verified public online price 2026-05-15,12,,0.07,2026-11-17,2027-01-09,,,,,,
royal_mail_international_standard_large_letter,International Standard Large Letter,OLA,01,b2c:b2b,World Zone 2,AU:PW:IO:CX:CC:CK:FJ:PF:TF:KI:MO:NR:NC:NZ:AQ:NU:NF:BV:PG:LA:PN:SG:SB:TK:TO:TV:AS:WS,0.001,750,250,500.001,353,250,25,13.05,13.05,world_zone_2,,,True,GBP,G,MM,7,False,True,20,largeLetter,Royal Mail public online Click & Drop rate; no discounts on account/contract terms,https://www.royalmail.com/sending/international/international-standard,2026-04-07,verified public online price 2026-05-15,12,,0.07,2026-11-17,2027-01-09,,,,,,
royal_mail_international_standard_large_letter,International Standard Large Letter,OLA,01,b2c:b2b,World Zone 2,AU:PW:IO:CX:CC:CK:FJ:PF:TF:KI:MO:NR:NC:NZ:AQ:NU:NF:BV:PG:LA:PN:SG:SB:TK:TO:TV:AS:WS,0.001,750,500,750.001,353,250,25,16.40,16.40,world_zone_2,,,True,GBP,G,MM,7,False,True,20,largeLetter,Royal Mail public online Click & Drop rate; no discounts on account/contract terms,https://www.royalmail.com/sending/international/international-standard,2026-04-07,verified public online price 2026-05-15,12,,0.07,2026-11-17,2027-01-09,,,,,,
royal_mail_international_standard_large_letter,International Standard Large Letter,OLA,01,b2c:b2b,World Zone 3,US,0.001,750,0,100.001,353,250,25,4.50,4.50,world_zone_3,,,True,GBP,G,MM,7,False,True,20,largeLetter,Royal Mail public online Click & Drop rate; no discounts on account/contract terms,https://www.royalmail.com/sending/international/international-standard,2026-04-07,verified public online price 2026-05-15,12,,0.07,2026-11-17,2027-01-09,,,,,,
royal_mail_international_standard_large_letter,International Standard Large Letter,OLA,01,b2c:b2b,World Zone 3,US,0.001,750,100,250.001,353,250,25,7.65,7.65,world_zone_3,,,True,GBP,G,MM,7,False,True,20,largeLetter,Royal Mail public online Click & Drop rate; no discounts on account/contract terms,https://www.royalmail.com/sending/international/international-standard,2026-04-07,verified public online price 2026-05-15,12,,0.07,2026-11-17,2027-01-09,,,,,,
royal_mail_international_standard_large_letter,International Standard Large Letter,OLA,01,b2c:b2b,World Zone 3,US,0.001,750,250,500.001,353,250,25,11.35,11.35,world_zone_3,,,True,GBP,G,MM,7,False,True,20,largeLetter,Royal Mail public online Click & Drop rate; no discounts on account/contract terms,https://www.royalmail.com/sending/international/international-standard,2026-04-07,verified public online price 2026-05-15,12,,0.07,2026-11-17,2027-01-09,,,,,,
royal_mail_international_standard_large_letter,International Standard Large Letter,OLA,01,b2c:b2b,World Zone 3,US,0.001,750,500,750.001,353,250,25,17.20,17.20,world_zone_3,,,True,GBP,G,MM,7,False,True,20,largeLetter,Royal Mail public online Click & Drop rate; no discounts on account/contract terms,https://www.royalmail.com/sending/international/international-standard,2026-04-07,verified public online price 2026-05-15,12,,0.07,2026-11-17,2027-01-09,,,,,,
royal_mail_international_standard_small_parcel,International Standard Small Parcel,OLA,01,b2c:b2b,Europe Zone 1,IE:FR:DE:DK:MC,0.001,2000,0,100.001,600,600,600,6.60,6.60,europe_zone_1,,,True,GBP,G,MM,7,False,True,20,smallParcel,Royal Mail public online Click & Drop rate; no discounts on account/contract terms,https://www.royalmail.com/sending/international/international-standard,2026-04-07,verified public online price 2026-05-15,12,,0.12,2026-11-17,2027-01-09,,,,,,
royal_mail_international_standard_small_parcel,International Standard Small Parcel,OLA,01,b2c:b2b,Europe Zone 1,IE:FR:DE:DK:MC,0.001,2000,100,250.001,600,600,600,6.60,6.60,europe_zone_1,,,True,GBP,G,MM,7,False,True,20,smallParcel,Royal Mail public online Click & Drop rate; no discounts on account/contract terms,https://www.royalmail.com/sending/international/international-standard,2026-04-07,verified public online price 2026-05-15,12,,0.12,2026-11-17,2027-01-09,,,,,,
royal_mail_international_standard_small_parcel,International Standard Small Parcel,OLA,01,b2c:b2b,Europe Zone 1,IE:FR:DE:DK:MC,0.001,2000,250,500.001,600,600,600,8.80,8.80,europe_zone_1,,,True,GBP,G,MM,7,False,True,20,smallParcel,Royal Mail public online Click & Drop rate; no discounts on account/contract terms,https://www.royalmail.com/sending/international/international-standard,2026-04-07,verified public online price 2026-05-15,12,,0.12,2026-11-17,2027-01-09,,,,,,
royal_mail_international_standard_small_parcel,International Standard Small Parcel,OLA,01,b2c:b2b,Europe Zone 1,IE:FR:DE:DK:MC,0.001,2000,500,750.001,600,600,600,10.25,10.25,europe_zone_1,,,True,GBP,G,MM,7,False,True,20,smallParcel,Royal Mail public online Click & Drop rate; no discounts on account/contract terms,https://www.royalmail.com/sending/international/international-standard,2026-04-07,verified public online price 2026-05-15,12,,0.12,2026-11-17,2027-01-09,,,,,,
royal_mail_international_standard_small_parcel,International Standard Small Parcel,OLA,01,b2c:b2b,Europe Zone 1,IE:FR:DE:DK:MC,0.001,2000,750,1000.001,600,600,600,10.95,10.95,europe_zone_1,,,True,GBP,G,MM,7,False,True,20,smallParcel,Royal Mail public online Click & Drop rate; no discounts on account/contract terms,https://www.royalmail.com/sending/international/international-standard,2026-04-07,verified public online price 2026-05-15,12,,0.12,2026-11-17,2027-01-09,,,,,,
royal_mail_international_standard_small_parcel,International Standard Small Parcel,OLA,01,b2c:b2b,Europe Zone 1,IE:FR:DE:DK:MC,0.001,2000,1000,1250.001,600,600,600,11.80,11.80,europe_zone_1,,,True,GBP,G,MM,7,False,True,20,smallParcel,Royal Mail public online Click & Drop rate; no discounts on account/contract terms,https://www.royalmail.com/sending/international/international-standard,2026-04-07,verified public online price 2026-05-15,12,,0.12,2026-11-17,2027-01-09,,,,,,
royal_mail_international_standard_small_parcel,International Standard Small Parcel,OLA,01,b2c:b2b,Europe Zone 1,IE:FR:DE:DK:MC,0.001,2000,1250,1500.001,600,600,600,11.80,11.80,europe_zone_1,,,True,GBP,G,MM,7,False,True,20,smallParcel,Royal Mail public online Click & Drop rate; no discounts on account/contract terms,https://www.royalmail.com/sending/international/international-standard,2026-04-07,verified public online price 2026-05-15,12,,0.12,2026-11-17,2027-01-09,,,,,,
royal_mail_international_standard_small_parcel,International Standard Small Parcel,OLA,01,b2c:b2b,Europe Zone 1,IE:FR:DE:DK:MC,0.001,2000,1500,2000.001,600,600,600,12.00,12.00,europe_zone_1,,,True,GBP,G,MM,7,False,True,20,smallParcel,Royal Mail public online Click & Drop rate; no discounts on account/contract terms,https://www.royalmail.com/sending/international/international-standard,2026-04-07,verified public online price 2026-05-15,12,,0.12,2026-11-17,2027-01-09,,,,,,
royal_mail_international_standard_small_parcel,International Standard Small Parcel,OLA,01,b2c:b2b,Europe Zone 2,AT:LV:PT:LT:ES:LU:BE:BG:MT:NL:HR:PL:CY:RO:CZ:SK:EE:SI:FI:GR:HU:SE:IT,0.001,2000,0,100.001,600,600,600,7.20,7.20,europe_zone_2,,,True,GBP,G,MM,7,False,True,20,smallParcel,Royal Mail public online Click & Drop rate; no discounts on account/contract terms,https://www.royalmail.com/sending/international/international-standard,2026-04-07,verified public online price 2026-05-15,12,,0.12,2026-11-17,2027-01-09,,,,,,
royal_mail_international_standard_small_parcel,International Standard Small Parcel,OLA,01,b2c:b2b,Europe Zone 2,AT:LV:PT:LT:ES:LU:BE:BG:MT:NL:HR:PL:CY:RO:CZ:SK:EE:SI:FI:GR:HU:SE:IT,0.001,2000,100,250.001,600,600,600,7.20,7.20,europe_zone_2,,,True,GBP,G,MM,7,False,True,20,smallParcel,Royal Mail public online Click & Drop rate; no discounts on account/contract terms,https://www.royalmail.com/sending/international/international-standard,2026-04-07,verified public online price 2026-05-15,12,,0.12,2026-11-17,2027-01-09,,,,,,
royal_mail_international_standard_small_parcel,International Standard Small Parcel,OLA,01,b2c:b2b,Europe Zone 2,AT:LV:PT:LT:ES:LU:BE:BG:MT:NL:HR:PL:CY:RO:CZ:SK:EE:SI:FI:GR:HU:SE:IT,0.001,2000,250,500.001,600,600,600,9.70,9.70,europe_zone_2,,,True,GBP,G,MM,7,False,True,20,smallParcel,Royal Mail public online Click & Drop rate; no discounts on account/contract terms,https://www.royalmail.com/sending/international/international-standard,2026-04-07,verified public online price 2026-05-15,12,,0.12,2026-11-17,2027-01-09,,,,,,
royal_mail_international_standard_small_parcel,International Standard Small Parcel,OLA,01,b2c:b2b,Europe Zone 2,AT:LV:PT:LT:ES:LU:BE:BG:MT:NL:HR:PL:CY:RO:CZ:SK:EE:SI:FI:GR:HU:SE:IT,0.001,2000,500,750.001,600,600,600,11.35,11.35,europe_zone_2,,,True,GBP,G,MM,7,False,True,20,smallParcel,Royal Mail public online Click & Drop rate; no discounts on account/contract terms,https://www.royalmail.com/sending/international/international-standard,2026-04-07,verified public online price 2026-05-15,12,,0.12,2026-11-17,2027-01-09,,,,,,
royal_mail_international_standard_small_parcel,International Standard Small Parcel,OLA,01,b2c:b2b,Europe Zone 2,AT:LV:PT:LT:ES:LU:BE:BG:MT:NL:HR:PL:CY:RO:CZ:SK:EE:SI:FI:GR:HU:SE:IT,0.001,2000,750,1000.001,600,600,600,12.10,12.10,europe_zone_2,,,True,GBP,G,MM,7,False,True,20,smallParcel,Royal Mail public online Click & Drop rate; no discounts on account/contract terms,https://www.royalmail.com/sending/international/international-standard,2026-04-07,verified public online price 2026-05-15,12,,0.12,2026-11-17,2027-01-09,,,,,,
royal_mail_international_standard_small_parcel,International Standard Small Parcel,OLA,01,b2c:b2b,Europe Zone 2,AT:LV:PT:LT:ES:LU:BE:BG:MT:NL:HR:PL:CY:RO:CZ:SK:EE:SI:FI:GR:HU:SE:IT,0.001,2000,1000,1250.001,600,600,600,12.45,12.45,europe_zone_2,,,True,GBP,G,MM,7,False,True,20,smallParcel,Royal Mail public online Click & Drop rate; no discounts on account/contract terms,https://www.royalmail.com/sending/international/international-standard,2026-04-07,verified public online price 2026-05-15,12,,0.12,2026-11-17,2027-01-09,,,,,,
royal_mail_international_standard_small_parcel,International Standard Small Parcel,OLA,01,b2c:b2b,Europe Zone 2,AT:LV:PT:LT:ES:LU:BE:BG:MT:NL:HR:PL:CY:RO:CZ:SK:EE:SI:FI:GR:HU:SE:IT,0.001,2000,1250,1500.001,600,600,600,12.45,12.45,europe_zone_2,,,True,GBP,G,MM,7,False,True,20,smallParcel,Royal Mail public online Click & Drop rate; no discounts on account/contract terms,https://www.royalmail.com/sending/international/international-standard,2026-04-07,verified public online price 2026-05-15,12,,0.12,2026-11-17,2027-01-09,,,,,,
royal_mail_international_standard_small_parcel,International Standard Small Parcel,OLA,01,b2c:b2b,Europe Zone 2,AT:LV:PT:LT:ES:LU:BE:BG:MT:NL:HR:PL:CY:RO:CZ:SK:EE:SI:FI:GR:HU:SE:IT,0.001,2000,1500,2000.001,600,600,600,13.15,13.15,europe_zone_2,,,True,GBP,G,MM,7,False,True,20,smallParcel,Royal Mail public online Click & Drop rate; no discounts on account/contract terms,https://www.royalmail.com/sending/international/international-standard,2026-04-07,verified public online price 2026-05-15,12,,0.12,2026-11-17,2027-01-09,,,,,,
royal_mail_international_standard_small_parcel,International Standard Small Parcel,OLA,01,b2c:b2b,Europe Zone 3,AL:MD:AD:ME:AM:MK:AZ:NO:SJ:BY:RU:BA:SM:FO:RS:GE:CH:GI:TJ:GL:TR:IS:TM:KZ:UA:XK:UZ:KG:VA:LI,0.001,2000,0,100.001,600,600,600,7.95,7.95,europe_zone_3,,,True,GBP,G,MM,7,False,True,20,smallParcel,Royal Mail public online Click & Drop rate; no discounts on account/contract terms,https://www.royalmail.com/sending/international/international-standard,2026-04-07,verified public online price 2026-05-15,12,,0.12,2026-11-17,2027-01-09,,,,,,
royal_mail_international_standard_small_parcel,International Standard Small Parcel,OLA,01,b2c:b2b,Europe Zone 3,AL:MD:AD:ME:AM:MK:AZ:NO:SJ:BY:RU:BA:SM:FO:RS:GE:CH:GI:TJ:GL:TR:IS:TM:KZ:UA:XK:UZ:KG:VA:LI,0.001,2000,100,250.001,600,600,600,7.95,7.95,europe_zone_3,,,True,GBP,G,MM,7,False,True,20,smallParcel,Royal Mail public online Click & Drop rate; no discounts on account/contract terms,https://www.royalmail.com/sending/international/international-standard,2026-04-07,verified public online price 2026-05-15,12,,0.12,2026-11-17,2027-01-09,,,,,,
royal_mail_international_standard_small_parcel,International Standard Small Parcel,OLA,01,b2c:b2b,Europe Zone 3,AL:MD:AD:ME:AM:MK:AZ:NO:SJ:BY:RU:BA:SM:FO:RS:GE:CH:GI:TJ:GL:TR:IS:TM:KZ:UA:XK:UZ:KG:VA:LI,0.001,2000,250,500.001,600,600,600,10.95,10.95,europe_zone_3,,,True,GBP,G,MM,7,False,True,20,smallParcel,Royal Mail public online Click & Drop rate; no discounts on account/contract terms,https://www.royalmail.com/sending/international/international-standard,2026-04-07,verified public online price 2026-05-15,12,,0.12,2026-11-17,2027-01-09,,,,,,
royal_mail_international_standard_small_parcel,International Standard Small Parcel,OLA,01,b2c:b2b,Europe Zone 3,AL:MD:AD:ME:AM:MK:AZ:NO:SJ:BY:RU:BA:SM:FO:RS:GE:CH:GI:TJ:GL:TR:IS:TM:KZ:UA:XK:UZ:KG:VA:LI,0.001,2000,500,750.001,600,600,600,13.10,13.10,europe_zone_3,,,True,GBP,G,MM,7,False,True,20,smallParcel,Royal Mail public online Click & Drop rate; no discounts on account/contract terms,https://www.royalmail.com/sending/international/international-standard,2026-04-07,verified public online price 2026-05-15,12,,0.12,2026-11-17,2027-01-09,,,,,,
royal_mail_international_standard_small_parcel,International Standard Small Parcel,OLA,01,b2c:b2b,Europe Zone 3,AL:MD:AD:ME:AM:MK:AZ:NO:SJ:BY:RU:BA:SM:FO:RS:GE:CH:GI:TJ:GL:TR:IS:TM:KZ:UA:XK:UZ:KG:VA:LI,0.001,2000,750,1000.001,600,600,600,15.15,15.15,europe_zone_3,,,True,GBP,G,MM,7,False,True,20,smallParcel,Royal Mail public online Click & Drop rate; no discounts on account/contract terms,https://www.royalmail.com/sending/international/international-standard,2026-04-07,verified public online price 2026-05-15,12,,0.12,2026-11-17,2027-01-09,,,,,,
royal_mail_international_standard_small_parcel,International Standard Small Parcel,OLA,01,b2c:b2b,Europe Zone 3,AL:MD:AD:ME:AM:MK:AZ:NO:SJ:BY:RU:BA:SM:FO:RS:GE:CH:GI:TJ:GL:TR:IS:TM:KZ:UA:XK:UZ:KG:VA:LI,0.001,2000,1000,1250.001,600,600,600,16.75,16.75,europe_zone_3,,,True,GBP,G,MM,7,False,True,20,smallParcel,Royal Mail public online Click & Drop rate; no discounts on account/contract terms,https://www.royalmail.com/sending/international/international-standard,2026-04-07,verified public online price 2026-05-15,12,,0.12,2026-11-17,2027-01-09,,,,,,
royal_mail_international_standard_small_parcel,International Standard Small Parcel,OLA,01,b2c:b2b,Europe Zone 3,AL:MD:AD:ME:AM:MK:AZ:NO:SJ:BY:RU:BA:SM:FO:RS:GE:CH:GI:TJ:GL:TR:IS:TM:KZ:UA:XK:UZ:KG:VA:LI,0.001,2000,1250,1500.001,600,600,600,17.95,17.95,europe_zone_3,,,True,GBP,G,MM,7,False,True,20,smallParcel,Royal Mail public online Click & Drop rate; no discounts on account/contract terms,https://www.royalmail.com/sending/international/international-standard,2026-04-07,verified public online price 2026-05-15,12,,0.12,2026-11-17,2027-01-09,,,,,,
royal_mail_international_standard_small_parcel,International Standard Small Parcel,OLA,01,b2c:b2b,Europe Zone 3,AL:MD:AD:ME:AM:MK:AZ:NO:SJ:BY:RU:BA:SM:FO:RS:GE:CH:GI:TJ:GL:TR:IS:TM:KZ:UA:XK:UZ:KG:VA:LI,0.001,2000,1500,2000.001,600,600,600,18.45,18.45,europe_zone_3,,,True,GBP,G,MM,7,False,True,20,smallParcel,Royal Mail public online Click & Drop rate; no discounts on account/contract terms,https://www.royalmail.com/sending/international/international-standard,2026-04-07,verified public online price 2026-05-15,12,,0.12,2026-11-17,2027-01-09,,,,,,
royal_mail_international_standard_small_parcel,International Standard Small Parcel,OLA,01,b2c:b2b,World Zone 1,,0.001,2000,0,100.001,600,600,600,9.70,9.70,world_zone_1,,,True,GBP,G,MM,7,False,True,20,smallParcel,Royal Mail public online Click & Drop rate; no discounts on account/contract terms,https://www.royalmail.com/sending/international/international-standard,2026-04-07,verified public online price 2026-05-15,12,,0.12,2026-11-17,2027-01-09,,,,,,
royal_mail_international_standard_small_parcel,International Standard Small Parcel,OLA,01,b2c:b2b,World Zone 1,,0.001,2000,100,250.001,600,600,600,9.70,9.70,world_zone_1,,,True,GBP,G,MM,7,False,True,20,smallParcel,Royal Mail public online Click & Drop rate; no discounts on account/contract terms,https://www.royalmail.com/sending/international/international-standard,2026-04-07,verified public online price 2026-05-15,12,,0.12,2026-11-17,2027-01-09,,,,,,
royal_mail_international_standard_small_parcel,International Standard Small Parcel,OLA,01,b2c:b2b,World Zone 1,,0.001,2000,250,500.001,600,600,600,15.75,15.75,world_zone_1,,,True,GBP,G,MM,7,False,True,20,smallParcel,Royal Mail public online Click & Drop rate; no discounts on account/contract terms,https://www.royalmail.com/sending/international/international-standard,2026-04-07,verified public online price 2026-05-15,12,,0.12,2026-11-17,2027-01-09,,,,,,
royal_mail_international_standard_small_parcel,International Standard Small Parcel,OLA,01,b2c:b2b,World Zone 1,,0.001,2000,500,750.001,600,600,600,19.45,19.45,world_zone_1,,,True,GBP,G,MM,7,False,True,20,smallParcel,Royal Mail public online Click & Drop rate; no discounts on account/contract terms,https://www.royalmail.com/sending/international/international-standard,2026-04-07,verified public online price 2026-05-15,12,,0.12,2026-11-17,2027-01-09,,,,,,
royal_mail_international_standard_small_parcel,International Standard Small Parcel,OLA,01,b2c:b2b,World Zone 1,,0.001,2000,750,1000.001,600,600,600,23.00,23.00,world_zone_1,,,True,GBP,G,MM,7,False,True,20,smallParcel,Royal Mail public online Click & Drop rate; no discounts on account/contract terms,https://www.royalmail.com/sending/international/international-standard,2026-04-07,verified public online price 2026-05-15,12,,0.12,2026-11-17,2027-01-09,,,,,,
royal_mail_international_standard_small_parcel,International Standard Small Parcel,OLA,01,b2c:b2b,World Zone 1,,0.001,2000,1000,1250.001,600,600,600,25.65,25.65,world_zone_1,,,True,GBP,G,MM,7,False,True,20,smallParcel,Royal Mail public online Click & Drop rate; no discounts on account/contract terms,https://www.royalmail.com/sending/international/international-standard,2026-04-07,verified public online price 2026-05-15,12,,0.12,2026-11-17,2027-01-09,,,,,,
royal_mail_international_standard_small_parcel,International Standard Small Parcel,OLA,01,b2c:b2b,World Zone 1,,0.001,2000,1250,1500.001,600,600,600,28.00,28.00,world_zone_1,,,True,GBP,G,MM,7,False,True,20,smallParcel,Royal Mail public online Click & Drop rate; no discounts on account/contract terms,https://www.royalmail.com/sending/international/international-standard,2026-04-07,verified public online price 2026-05-15,12,,0.12,2026-11-17,2027-01-09,,,,,,
royal_mail_international_standard_small_parcel,International Standard Small Parcel,OLA,01,b2c:b2b,World Zone 1,,0.001,2000,1500,2000.001,600,600,600,29.45,29.45,world_zone_1,,,True,GBP,G,MM,7,False,True,20,smallParcel,Royal Mail public online Click & Drop rate; no discounts on account/contract terms,https://www.royalmail.com/sending/international/international-standard,2026-04-07,verified public online price 2026-05-15,12,,0.12,2026-11-17,2027-01-09,,,,,,
royal_mail_international_standard_small_parcel,International Standard Small Parcel,OLA,01,b2c:b2b,World Zone 2,AU:PW:IO:CX:CC:CK:FJ:PF:TF:KI:MO:NR:NC:NZ:AQ:NU:NF:BV:PG:LA:PN:SG:SB:TK:TO:TV:AS:WS,0.001,2000,0,100.001,600,600,600,10.80,10.80,world_zone_2,,,True,GBP,G,MM,7,False,True,20,smallParcel,Royal Mail public online Click & Drop rate; no discounts on account/contract terms,https://www.royalmail.com/sending/international/international-standard,2026-04-07,verified public online price 2026-05-15,12,,0.12,2026-11-17,2027-01-09,,,,,,
royal_mail_international_standard_small_parcel,International Standard Small Parcel,OLA,01,b2c:b2b,World Zone 2,AU:PW:IO:CX:CC:CK:FJ:PF:TF:KI:MO:NR:NC:NZ:AQ:NU:NF:BV:PG:LA:PN:SG:SB:TK:TO:TV:AS:WS,0.001,2000,100,250.001,600,600,600,10.80,10.80,world_zone_2,,,True,GBP,G,MM,7,False,True,20,smallParcel,Royal Mail public online Click & Drop rate; no discounts on account/contract terms,https://www.royalmail.com/sending/international/international-standard,2026-04-07,verified public online price 2026-05-15,12,,0.12,2026-11-17,2027-01-09,,,,,,
royal_mail_international_standard_small_parcel,International Standard Small Parcel,OLA,01,b2c:b2b,World Zone 2,AU:PW:IO:CX:CC:CK:FJ:PF:TF:KI:MO:NR:NC:NZ:AQ:NU:NF:BV:PG:LA:PN:SG:SB:TK:TO:TV:AS:WS,0.001,2000,250,500.001,600,600,600,17.75,17.75,world_zone_2,,,True,GBP,G,MM,7,False,True,20,smallParcel,Royal Mail public online Click & Drop rate; no discounts on account/contract terms,https://www.royalmail.com/sending/international/international-standard,2026-04-07,verified public online price 2026-05-15,12,,0.12,2026-11-17,2027-01-09,,,,,,
royal_mail_international_standard_small_parcel,International Standard Small Parcel,OLA,01,b2c:b2b,World Zone 2,AU:PW:IO:CX:CC:CK:FJ:PF:TF:KI:MO:NR:NC:NZ:AQ:NU:NF:BV:PG:LA:PN:SG:SB:TK:TO:TV:AS:WS,0.001,2000,500,750.001,600,600,600,21.85,21.85,world_zone_2,,,True,GBP,G,MM,7,False,True,20,smallParcel,Royal Mail public online Click & Drop rate; no discounts on account/contract terms,https://www.royalmail.com/sending/international/international-standard,2026-04-07,verified public online price 2026-05-15,12,,0.12,2026-11-17,2027-01-09,,,,,,
royal_mail_international_standard_small_parcel,International Standard Small Parcel,OLA,01,b2c:b2b,World Zone 2,AU:PW:IO:CX:CC:CK:FJ:PF:TF:KI:MO:NR:NC:NZ:AQ:NU:NF:BV:PG:LA:PN:SG:SB:TK:TO:TV:AS:WS,0.001,2000,750,1000.001,600,600,600,26.20,26.20,world_zone_2,,,True,GBP,G,MM,7,False,True,20,smallParcel,Royal Mail public online Click & Drop rate; no discounts on account/contract terms,https://www.royalmail.com/sending/international/international-standard,2026-04-07,verified public online price 2026-05-15,12,,0.12,2026-11-17,2027-01-09,,,,,,
royal_mail_international_standard_small_parcel,International Standard Small Parcel,OLA,01,b2c:b2b,World Zone 2,AU:PW:IO:CX:CC:CK:FJ:PF:TF:KI:MO:NR:NC:NZ:AQ:NU:NF:BV:PG:LA:PN:SG:SB:TK:TO:TV:AS:WS,0.001,2000,1000,1250.001,600,600,600,30.20,30.20,world_zone_2,,,True,GBP,G,MM,7,False,True,20,smallParcel,Royal Mail public online Click & Drop rate; no discounts on account/contract terms,https://www.royalmail.com/sending/international/international-standard,2026-04-07,verified public online price 2026-05-15,12,,0.12,2026-11-17,2027-01-09,,,,,,
royal_mail_international_standard_small_parcel,International Standard Small Parcel,OLA,01,b2c:b2b,World Zone 2,AU:PW:IO:CX:CC:CK:FJ:PF:TF:KI:MO:NR:NC:NZ:AQ:NU:NF:BV:PG:LA:PN:SG:SB:TK:TO:TV:AS:WS,0.001,2000,1250,1500.001,600,600,600,34.25,34.25,world_zone_2,,,True,GBP,G,MM,7,False,True,20,smallParcel,Royal Mail public online Click & Drop rate; no discounts on account/contract terms,https://www.royalmail.com/sending/international/international-standard,2026-04-07,verified public online price 2026-05-15,12,,0.12,2026-11-17,2027-01-09,,,,,,
royal_mail_international_standard_small_parcel,International Standard Small Parcel,OLA,01,b2c:b2b,World Zone 2,AU:PW:IO:CX:CC:CK:FJ:PF:TF:KI:MO:NR:NC:NZ:AQ:NU:NF:BV:PG:LA:PN:SG:SB:TK:TO:TV:AS:WS,0.001,2000,1500,2000.001,600,600,600,36.45,36.45,world_zone_2,,,True,GBP,G,MM,7,False,True,20,smallParcel,Royal Mail public online Click & Drop rate; no discounts on account/contract terms,https://www.royalmail.com/sending/international/international-standard,2026-04-07,verified public online price 2026-05-15,12,,0.12,2026-11-17,2027-01-09,,,,,,
royal_mail_international_standard_small_parcel,International Standard Small Parcel,OLA,01,b2c:b2b,World Zone 3,US,0.001,2000,0,100.001,600,600,600,13.50,13.50,world_zone_3,,,True,GBP,G,MM,7,False,True,20,smallParcel,Royal Mail public online Click & Drop rate; no discounts on account/contract terms,https://www.royalmail.com/sending/international/international-standard,2026-04-07,verified public online price 2026-05-15,12,,0.12,2026-11-17,2027-01-09,,,,,,
royal_mail_international_standard_small_parcel,International Standard Small Parcel,OLA,01,b2c:b2b,World Zone 3,US,0.001,2000,100,250.001,600,600,600,13.50,13.50,world_zone_3,,,True,GBP,G,MM,7,False,True,20,smallParcel,Royal Mail public online Click & Drop rate; no discounts on account/contract terms,https://www.royalmail.com/sending/international/international-standard,2026-04-07,verified public online price 2026-05-15,12,,0.12,2026-11-17,2027-01-09,,,,,,
royal_mail_international_standard_small_parcel,International Standard Small Parcel,OLA,01,b2c:b2b,World Zone 3,US,0.001,2000,250,500.001,600,600,600,19.40,19.40,world_zone_3,,,True,GBP,G,MM,7,False,True,20,smallParcel,Royal Mail public online Click & Drop rate; no discounts on account/contract terms,https://www.royalmail.com/sending/international/international-standard,2026-04-07,verified public online price 2026-05-15,12,,0.12,2026-11-17,2027-01-09,,,,,,
royal_mail_international_standard_small_parcel,International Standard Small Parcel,OLA,01,b2c:b2b,World Zone 3,US,0.001,2000,500,750.001,600,600,600,22.90,22.90,world_zone_3,,,True,GBP,G,MM,7,False,True,20,smallParcel,Royal Mail public online Click & Drop rate; no discounts on account/contract terms,https://www.royalmail.com/sending/international/international-standard,2026-04-07,verified public online price 2026-05-15,12,,0.12,2026-11-17,2027-01-09,,,,,,
royal_mail_international_standard_small_parcel,International Standard Small Parcel,OLA,01,b2c:b2b,World Zone 3,US,0.001,2000,750,1000.001,600,600,600,26.30,26.30,world_zone_3,,,True,GBP,G,MM,7,False,True,20,smallParcel,Royal Mail public online Click & Drop rate; no discounts on account/contract terms,https://www.royalmail.com/sending/international/international-standard,2026-04-07,verified public online price 2026-05-15,12,,0.12,2026-11-17,2027-01-09,,,,,,
royal_mail_international_standard_small_parcel,International Standard Small Parcel,OLA,01,b2c:b2b,World Zone 3,US,0.001,2000,1000,1250.001,600,600,600,30.75,30.75,world_zone_3,,,True,GBP,G,MM,7,False,True,20,smallParcel,Royal Mail public online Click & Drop rate; no discounts on account/contract terms,https://www.royalmail.com/sending/international/international-standard,2026-04-07,verified public online price 2026-05-15,12,,0.12,2026-11-17,2027-01-09,,,,,,
royal_mail_international_standard_small_parcel,International Standard Small Parcel,OLA,01,b2c:b2b,World Zone 3,US,0.001,2000,1250,1500.001,600,600,600,34.95,34.95,world_zone_3,,,True,GBP,G,MM,7,False,True,20,smallParcel,Royal Mail public online Click & Drop rate; no discounts on account/contract terms,https://www.royalmail.com/sending/international/international-standard,2026-04-07,verified public online price 2026-05-15,12,,0.12,2026-11-17,2027-01-09,,,,,,
royal_mail_international_standard_small_parcel,International Standard Small Parcel,OLA,01,b2c:b2b,World Zone 3,US,0.001,2000,1500,2000.001,600,600,600,36.50,36.50,world_zone_3,,,True,GBP,G,MM,7,False,True,20,smallParcel,Royal Mail public online Click & Drop rate; no discounts on account/contract terms,https://www.royalmail.com/sending/international/international-standard,2026-04-07,verified public online price 2026-05-15,12,,0.12,2026-11-17,2027-01-09,,,,,,
royal_mail_international_economy_letter,International Economy Letter,OLS,01,b2c:b2b,World Zone 1,,0.001,100,0,100.001,240,165,5,3.50,3.50,world_zone_1,,,True,GBP,G,MM,84,False,True,20,letter,Royal Mail Economy letters are available outside Europe only.,https://www.royalmail.com/sending/international/international-economy,2026-04-07,verified public online price 2026-05-15,,,,,,,,,,,
royal_mail_international_economy_letter,International Economy Letter,OLS,01,b2c:b2b,World Zone 2,AU:PW:IO:CX:CC:CK:FJ:PF:TF:KI:MO:NR:NC:NZ:AQ:NU:NF:BV:PG:LA:PN:SG:SB:TK:TO:TV:AS:WS,0.001,100,0,100.001,240,165,5,3.50,3.50,world_zone_2,,,True,GBP,G,MM,84,False,True,20,letter,Royal Mail Economy letters are available outside Europe only.,https://www.royalmail.com/sending/international/international-economy,2026-04-07,verified public online price 2026-05-15,,,,,,,,,,,
royal_mail_international_economy_letter,International Economy Letter,OLS,01,b2c:b2b,World Zone 3,US,0.001,100,0,100.001,240,165,5,3.50,3.50,world_zone_3,,,True,GBP,G,MM,84,False,True,20,letter,Royal Mail Economy letters are available outside Europe only.,https://www.royalmail.com/sending/international/international-economy,2026-04-07,verified public online price 2026-05-15,,,,,,,,,,,
royal_mail_international_economy_large_letter,International Economy Large Letter,OLS,01,b2c:b2b,International,,0.001,750,0,100.001,353,250,25,4.30,4.30,intl_generic,,,True,GBP,G,MM,84,False,True,20,largeLetter,Royal Mail public online Click & Drop rate; no discounts on account/contract terms,https://www.royalmail.com/sending/international/international-economy,2026-04-07,verified public online price 2026-05-15,,,,,,,,,,,
royal_mail_international_economy_large_letter,International Economy Large Letter,OLS,01,b2c:b2b,International,,0.001,750,100,250.001,353,250,25,7.85,7.85,intl_generic,,,True,GBP,G,MM,84,False,True,20,largeLetter,Royal Mail public online Click & Drop rate; no discounts on account/contract terms,https://www.royalmail.com/sending/international/international-economy,2026-04-07,verified public online price 2026-05-15,,,,,,,,,,,
royal_mail_international_economy_large_letter,International Economy Large Letter,OLS,01,b2c:b2b,International,,0.001,750,250,500.001,353,250,25,11.15,11.15,intl_generic,,,True,GBP,G,MM,84,False,True,20,largeLetter,Royal Mail public online Click & Drop rate; no discounts on account/contract terms,https://www.royalmail.com/sending/international/international-economy,2026-04-07,verified public online price 2026-05-15,,,,,,,,,,,
royal_mail_international_economy_large_letter,International Economy Large Letter,OLS,01,b2c:b2b,International,,0.001,750,500,750.001,353,250,25,19.25,19.25,intl_generic,,,True,GBP,G,MM,84,False,True,20,largeLetter,Royal Mail public online Click & Drop rate; no discounts on account/contract terms,https://www.royalmail.com/sending/international/international-economy,2026-04-07,verified public online price 2026-05-15,,,,,,,,,,,
royal_mail_international_economy_small_parcel,International Economy Small Parcel,OLS,01,b2c:b2b,International,,0.001,2000,0,100.001,600,600,600,14.70,14.70,intl_generic,,,True,GBP,G,MM,84,False,True,20,smallParcel,Royal Mail public online Click & Drop rate; no discounts on account/contract terms,https://www.royalmail.com/sending/international/international-economy,2026-04-07,verified public online price 2026-05-15,,,,,,,,,,,
royal_mail_international_economy_small_parcel,International Economy Small Parcel,OLS,01,b2c:b2b,International,,0.001,2000,100,250.001,600,600,600,15.50,15.50,intl_generic,,,True,GBP,G,MM,84,False,True,20,smallParcel,Royal Mail public online Click & Drop rate; no discounts on account/contract terms,https://www.royalmail.com/sending/international/international-economy,2026-04-07,verified public online price 2026-05-15,,,,,,,,,,,
royal_mail_international_economy_small_parcel,International Economy Small Parcel,OLS,01,b2c:b2b,International,,0.001,2000,250,500.001,600,600,600,21.65,21.65,intl_generic,,,True,GBP,G,MM,84,False,True,20,smallParcel,Royal Mail public online Click & Drop rate; no discounts on account/contract terms,https://www.royalmail.com/sending/international/international-economy,2026-04-07,verified public online price 2026-05-15,,,,,,,,,,,
royal_mail_international_economy_small_parcel,International Economy Small Parcel,OLS,01,b2c:b2b,International,,0.001,2000,500,750.001,600,600,600,25.50,25.50,intl_generic,,,True,GBP,G,MM,84,False,True,20,smallParcel,Royal Mail public online Click & Drop rate; no discounts on account/contract terms,https://www.royalmail.com/sending/international/international-economy,2026-04-07,verified public online price 2026-05-15,,,,,,,,,,,
royal_mail_international_economy_small_parcel,International Economy Small Parcel,OLS,01,b2c:b2b,International,,0.001,2000,750,1000.001,600,600,600,28.90,28.90,intl_generic,,,True,GBP,G,MM,84,False,True,20,smallParcel,Royal Mail public online Click & Drop rate; no discounts on account/contract terms,https://www.royalmail.com/sending/international/international-economy,2026-04-07,verified public online price 2026-05-15,,,,,,,,,,,
royal_mail_international_economy_small_parcel,International Economy Small Parcel,OLS,01,b2c:b2b,International,,0.001,2000,1000,1250.001,600,600,600,32.35,32.35,intl_generic,,,True,GBP,G,MM,84,False,True,20,smallParcel,Royal Mail public online Click & Drop rate; no discounts on account/contract terms,https://www.royalmail.com/sending/international/international-economy,2026-04-07,verified public online price 2026-05-15,,,,,,,,,,,
royal_mail_international_economy_small_parcel,International Economy Small Parcel,OLS,01,b2c:b2b,International,,0.001,2000,1250,1500.001,600,600,600,35.10,35.10,intl_generic,,,True,GBP,G,MM,84,False,True,20,smallParcel,Royal Mail public online Click & Drop rate; no discounts on account/contract terms,https://www.royalmail.com/sending/international/international-economy,2026-04-07,verified public online price 2026-05-15,,,,,,,,,,,
royal_mail_international_economy_small_parcel,International Economy Small Parcel,OLS,01,b2c:b2b,International,,0.001,2000,1500,2000.001,600,600,600,35.30,35.30,intl_generic,,,True,GBP,G,MM,84,False,True,20,smallParcel,Royal Mail public online Click & Drop rate; no discounts on account/contract terms,https://www.royalmail.com/sending/international/international-economy,2026-04-07,verified public online price 2026-05-15,,,,,,,,,,,
royal_mail_international_signed_letter,International Signed Letter,OSA,01,signature:b2c:b2b,Europe Zone 1,IE:FR:DE:DK:MC,0.001,100,0,100.001,240,165,5,8.50,8.50,europe_zone_1,,,True,GBP,G,MM,7,False,True,50,letter,Royal Mail public online Click & Drop rate; no discounts on account/contract terms,https://www.royalmail.com/sending/international/international-signed,2026-04-07,verified public online price 2026-05-15,12,,,,,,,,,,
royal_mail_international_signed_letter,International Signed Letter,OSA,01,signature:b2c:b2b,Europe Zone 2,AT:LV:PT:LT:ES:LU:BE:BG:MT:NL:HR:PL:CY:RO:CZ:SK:EE:SI:FI:GR:HU:SE:IT,0.001,100,0,100.001,240,165,5,8.50,8.50,europe_zone_2,,,True,GBP,G,MM,7,False,True,50,letter,Royal Mail public online Click & Drop rate; no discounts on account/contract terms,https://www.royalmail.com/sending/international/international-signed,2026-04-07,verified public online price 2026-05-15,12,,,,,,,,,,
royal_mail_international_signed_letter,International Signed Letter,OSA,01,signature:b2c:b2b,Europe Zone 3,AL:MD:AD:ME:AM:MK:AZ:NO:SJ:BY:RU:BA:SM:FO:RS:GE:CH:GI:TJ:GL:TR:IS:TM:KZ:UA:XK:UZ:KG:VA:LI,0.001,100,0,100.001,240,165,5,8.50,8.50,europe_zone_3,,,True,GBP,G,MM,7,False,True,50,letter,Royal Mail public online Click & Drop rate; no discounts on account/contract terms,https://www.royalmail.com/sending/international/international-signed,2026-04-07,verified public online price 2026-05-15,12,,,,,,,,,,
royal_mail_international_signed_letter,International Signed Letter,OSA,01,signature:b2c:b2b,World Zone 1,,0.001,100,0,100.001,240,165,5,8.50,8.50,world_zone_1,,,True,GBP,G,MM,7,False,True,50,letter,Royal Mail public online Click & Drop rate; no discounts on account/contract terms,https://www.royalmail.com/sending/international/international-signed,2026-04-07,verified public online price 2026-05-15,12,,,,,,,,,,
royal_mail_international_signed_letter,International Signed Letter,OSA,01,signature:b2c:b2b,World Zone 2,AU:PW:IO:CX:CC:CK:FJ:PF:TF:KI:MO:NR:NC:NZ:AQ:NU:NF:BV:PG:LA:PN:SG:SB:TK:TO:TV:AS:WS,0.001,100,0,100.001,240,165,5,8.50,8.50,world_zone_2,,,True,GBP,G,MM,7,False,True,50,letter,Royal Mail public online Click & Drop rate; no discounts on account/contract terms,https://www.royalmail.com/sending/international/international-signed,2026-04-07,verified public online price 2026-05-15,12,,,,,,,,,,
royal_mail_international_signed_letter,International Signed Letter,OSA,01,signature:b2c:b2b,World Zone 3,US,0.001,100,0,100.001,240,165,5,8.50,8.50,world_zone_3,,,True,GBP,G,MM,7,False,True,50,letter,Royal Mail public online Click & Drop rate; no discounts on account/contract terms,https://www.royalmail.com/sending/international/international-signed,2026-04-07,verified public online price 2026-05-15,12,,,,,,,,,,
royal_mail_international_signed_large_letter,International Signed Large Letter,OSA,01,signature:b2c:b2b,Europe Zone 1,IE:FR:DE:DK:MC,0.001,750,0,100.001,353,250,25,9.95,9.95,europe_zone_1,,,True,GBP,G,MM,7,False,True,50,largeLetter,Royal Mail public online Click & Drop rate; no discounts on account/contract terms,https://www.royalmail.com/sending/international/international-signed,2026-04-07,verified public online price 2026-05-15,12,,0.07,2026-11-17,2027-01-09,,,,,,
royal_mail_international_signed_large_letter,International Signed Large Letter,OSA,01,signature:b2c:b2b,Europe Zone 1,IE:FR:DE:DK:MC,0.001,750,100,250.001,353,250,25,10.40,10.40,europe_zone_1,,,True,GBP,G,MM,7,False,True,50,largeLetter,Royal Mail public online Click & Drop rate; no discounts on account/contract terms,https://www.royalmail.com/sending/international/international-signed,2026-04-07,verified public online price 2026-05-15,12,,0.07,2026-11-17,2027-01-09,,,,,,
royal_mail_international_signed_large_letter,International Signed Large Letter,OSA,01,signature:b2c:b2b,Europe Zone 1,IE:FR:DE:DK:MC,0.001,750,250,500.001,353,250,25,11.20,11.20,europe_zone_1,,,True,GBP,G,MM,7,False,True,50,largeLetter,Royal Mail public online Click & Drop rate; no discounts on account/contract terms,https://www.royalmail.com/sending/international/international-signed,2026-04-07,verified public online price 2026-05-15,12,,0.07,2026-11-17,2027-01-09,,,,,,
royal_mail_international_signed_large_letter,International Signed Large Letter,OSA,01,signature:b2c:b2b,Europe Zone 1,IE:FR:DE:DK:MC,0.001,750,500,750.001,353,250,25,11.70,11.70,europe_zone_1,,,True,GBP,G,MM,7,False,True,50,largeLetter,Royal Mail public online Click & Drop rate; no discounts on account/contract terms,https://www.royalmail.com/sending/international/international-signed,2026-04-07,verified public online price 2026-05-15,12,,0.07,2026-11-17,2027-01-09,,,,,,
royal_mail_international_signed_large_letter,International Signed Large Letter,OSA,01,signature:b2c:b2b,Europe Zone 2,AT:LV:PT:LT:ES:LU:BE:BG:MT:NL:HR:PL:CY:RO:CZ:SK:EE:SI:FI:GR:HU:SE:IT,0.001,750,0,100.001,353,250,25,9.95,9.95,europe_zone_2,,,True,GBP,G,MM,7,False,True,50,largeLetter,Royal Mail public online Click & Drop rate; no discounts on account/contract terms,https://www.royalmail.com/sending/international/international-signed,2026-04-07,verified public online price 2026-05-15,12,,0.07,2026-11-17,2027-01-09,,,,,,
royal_mail_international_signed_large_letter,International Signed Large Letter,OSA,01,signature:b2c:b2b,Europe Zone 2,AT:LV:PT:LT:ES:LU:BE:BG:MT:NL:HR:PL:CY:RO:CZ:SK:EE:SI:FI:GR:HU:SE:IT,0.001,750,100,250.001,353,250,25,10.40,10.40,europe_zone_2,,,True,GBP,G,MM,7,False,True,50,largeLetter,Royal Mail public online Click & Drop rate; no discounts on account/contract terms,https://www.royalmail.com/sending/international/international-signed,2026-04-07,verified public online price 2026-05-15,12,,0.07,2026-11-17,2027-01-09,,,,,,
royal_mail_international_signed_large_letter,International Signed Large Letter,OSA,01,signature:b2c:b2b,Europe Zone 2,AT:LV:PT:LT:ES:LU:BE:BG:MT:NL:HR:PL:CY:RO:CZ:SK:EE:SI:FI:GR:HU:SE:IT,0.001,750,250,500.001,353,250,25,11.20,11.20,europe_zone_2,,,True,GBP,G,MM,7,False,True,50,largeLetter,Royal Mail public online Click & Drop rate; no discounts on account/contract terms,https://www.royalmail.com/sending/international/international-signed,2026-04-07,verified public online price 2026-05-15,12,,0.07,2026-11-17,2027-01-09,,,,,,
royal_mail_international_signed_large_letter,International Signed Large Letter,OSA,01,signature:b2c:b2b,Europe Zone 2,AT:LV:PT:LT:ES:LU:BE:BG:MT:NL:HR:PL:CY:RO:CZ:SK:EE:SI:FI:GR:HU:SE:IT,0.001,750,500,750.001,353,250,25,11.70,11.70,europe_zone_2,,,True,GBP,G,MM,7,False,True,50,largeLetter,Royal Mail public online Click & Drop rate; no discounts on account/contract terms,https://www.royalmail.com/sending/international/international-signed,2026-04-07,verified public online price 2026-05-15,12,,0.07,2026-11-17,2027-01-09,,,,,,
royal_mail_international_signed_large_letter,International Signed Large Letter,OSA,01,signature:b2c:b2b,Europe Zone 3,AL:MD:AD:ME:AM:MK:AZ:NO:SJ:BY:RU:BA:SM:FO:RS:GE:CH:GI:TJ:GL:TR:IS:TM:KZ:UA:XK:UZ:KG:VA:LI,0.001,750,0,100.001,353,250,25,9.95,9.95,europe_zone_3,,,True,GBP,G,MM,7,False,True,50,largeLetter,Royal Mail public online Click & Drop rate; no discounts on account/contract terms,https://www.royalmail.com/sending/international/international-signed,2026-04-07,verified public online price 2026-05-15,12,,0.07,2026-11-17,2027-01-09,,,,,,
royal_mail_international_signed_large_letter,International Signed Large Letter,OSA,01,signature:b2c:b2b,Europe Zone 3,AL:MD:AD:ME:AM:MK:AZ:NO:SJ:BY:RU:BA:SM:FO:RS:GE:CH:GI:TJ:GL:TR:IS:TM:KZ:UA:XK:UZ:KG:VA:LI,0.001,750,100,250.001,353,250,25,10.40,10.40,europe_zone_3,,,True,GBP,G,MM,7,False,True,50,largeLetter,Royal Mail public online Click & Drop rate; no discounts on account/contract terms,https://www.royalmail.com/sending/international/international-signed,2026-04-07,verified public online price 2026-05-15,12,,0.07,2026-11-17,2027-01-09,,,,,,
royal_mail_international_signed_large_letter,International Signed Large Letter,OSA,01,signature:b2c:b2b,Europe Zone 3,AL:MD:AD:ME:AM:MK:AZ:NO:SJ:BY:RU:BA:SM:FO:RS:GE:CH:GI:TJ:GL:TR:IS:TM:KZ:UA:XK:UZ:KG:VA:LI,0.001,750,250,500.001,353,250,25,11.20,11.20,europe_zone_3,,,True,GBP,G,MM,7,False,True,50,largeLetter,Royal Mail public online Click & Drop rate; no discounts on account/contract terms,https://www.royalmail.com/sending/international/international-signed,2026-04-07,verified public online price 2026-05-15,12,,0.07,2026-11-17,2027-01-09,,,,,,
royal_mail_international_signed_large_letter,International Signed Large Letter,OSA,01,signature:b2c:b2b,Europe Zone 3,AL:MD:AD:ME:AM:MK:AZ:NO:SJ:BY:RU:BA:SM:FO:RS:GE:CH:GI:TJ:GL:TR:IS:TM:KZ:UA:XK:UZ:KG:VA:LI,0.001,750,500,750.001,353,250,25,11.70,11.70,europe_zone_3,,,True,GBP,G,MM,7,False,True,50,largeLetter,Royal Mail public online Click & Drop rate; no discounts on account/contract terms,https://www.royalmail.com/sending/international/international-signed,2026-04-07,verified public online price 2026-05-15,12,,0.07,2026-11-17,2027-01-09,,,,,,
royal_mail_international_signed_large_letter,International Signed Large Letter,OSA,01,signature:b2c:b2b,World Zone 1,,0.001,750,0,100.001,353,250,25,11.00,11.00,world_zone_1,,,True,GBP,G,MM,7,False,True,50,largeLetter,Royal Mail public online Click & Drop rate; no discounts on account/contract terms,https://www.royalmail.com/sending/international/international-signed,2026-04-07,verified public online price 2026-05-15,12,,0.07,2026-11-17,2027-01-09,,,,,,
royal_mail_international_signed_large_letter,International Signed Large Letter,OSA,01,signature:b2c:b2b,World Zone 1,,0.001,750,100,250.001,353,250,25,11.85,11.85,world_zone_1,,,True,GBP,G,MM,7,False,True,50,largeLetter,Royal Mail public online Click & Drop rate; no discounts on account/contract terms,https://www.royalmail.com/sending/international/international-signed,2026-04-07,verified public online price 2026-05-15,12,,0.07,2026-11-17,2027-01-09,,,,,,
royal_mail_international_signed_large_letter,International Signed Large Letter,OSA,01,signature:b2c:b2b,World Zone 1,,0.001,750,250,500.001,353,250,25,13.85,13.85,world_zone_1,,,True,GBP,G,MM,7,False,True,50,largeLetter,Royal Mail public online Click & Drop rate; no discounts on account/contract terms,https://www.royalmail.com/sending/international/international-signed,2026-04-07,verified public online price 2026-05-15,12,,0.07,2026-11-17,2027-01-09,,,,,,
royal_mail_international_signed_large_letter,International Signed Large Letter,OSA,01,signature:b2c:b2b,World Zone 1,,0.001,750,500,750.001,353,250,25,15.95,15.95,world_zone_1,,,True,GBP,G,MM,7,False,True,50,largeLetter,Royal Mail public online Click & Drop rate; no discounts on account/contract terms,https://www.royalmail.com/sending/international/international-signed,2026-04-07,verified public online price 2026-05-15,12,,0.07,2026-11-17,2027-01-09,,,,,,
royal_mail_international_signed_large_letter,International Signed Large Letter,OSA,01,signature:b2c:b2b,World Zone 2,AU:PW:IO:CX:CC:CK:FJ:PF:TF:KI:MO:NR:NC:NZ:AQ:NU:NF:BV:PG:LA:PN:SG:SB:TK:TO:TV:AS:WS,0.001,750,0,100.001,353,250,25,11.15,11.15,world_zone_2,,,True,GBP,G,MM,7,False,True,50,largeLetter,Royal Mail public online Click & Drop rate; no discounts on account/contract terms,https://www.royalmail.com/sending/international/international-signed,2026-04-07,verified public online price 2026-05-15,12,,0.07,2026-11-17,2027-01-09,,,,,,
royal_mail_international_signed_large_letter,International Signed Large Letter,OSA,01,signature:b2c:b2b,World Zone 2,AU:PW:IO:CX:CC:CK:FJ:PF:TF:KI:MO:NR:NC:NZ:AQ:NU:NF:BV:PG:LA:PN:SG:SB:TK:TO:TV:AS:WS,0.001,750,100,250.001,353,250,25,13.05,13.05,world_zone_2,,,True,GBP,G,MM,7,False,True,50,largeLetter,Royal Mail public online Click & Drop rate; no discounts on account/contract terms,https://www.royalmail.com/sending/international/international-signed,2026-04-07,verified public online price 2026-05-15,12,,0.07,2026-11-17,2027-01-09,,,,,,
royal_mail_international_signed_large_letter,International Signed Large Letter,OSA,01,signature:b2c:b2b,World Zone 2,AU:PW:IO:CX:CC:CK:FJ:PF:TF:KI:MO:NR:NC:NZ:AQ:NU:NF:BV:PG:LA:PN:SG:SB:TK:TO:TV:AS:WS,0.001,750,250,500.001,353,250,25,15.90,15.90,world_zone_2,,,True,GBP,G,MM,7,False,True,50,largeLetter,Royal Mail public online Click & Drop rate; no discounts on account/contract terms,https://www.royalmail.com/sending/international/international-signed,2026-04-07,verified public online price 2026-05-15,12,,0.07,2026-11-17,2027-01-09,,,,,,
royal_mail_international_signed_large_letter,International Signed Large Letter,OSA,01,signature:b2c:b2b,World Zone 2,AU:PW:IO:CX:CC:CK:FJ:PF:TF:KI:MO:NR:NC:NZ:AQ:NU:NF:BV:PG:LA:PN:SG:SB:TK:TO:TV:AS:WS,0.001,750,500,750.001,353,250,25,19.00,19.00,world_zone_2,,,True,GBP,G,MM,7,False,True,50,largeLetter,Royal Mail public online Click & Drop rate; no discounts on account/contract terms,https://www.royalmail.com/sending/international/international-signed,2026-04-07,verified public online price 2026-05-15,12,,0.07,2026-11-17,2027-01-09,,,,,,
royal_mail_international_signed_small_parcel,International Signed Small Parcel,OSA,01,signature:b2c:b2b,Europe Zone 1,IE:FR:DE:DK:MC,0.001,2000,0,100.001,600,600,600,10.65,10.65,europe_zone_1,,,True,GBP,G,MM,7,False,True,50,smallParcel,Royal Mail public online Click & Drop rate; no discounts on account/contract terms,https://www.royalmail.com/sending/international/international-signed,2026-04-07,verified public online price 2026-05-15,12,,0.12,2026-11-17,2027-01-09,,,,,,
royal_mail_international_signed_small_parcel,International Signed Small Parcel,OSA,01,signature:b2c:b2b,Europe Zone 1,IE:FR:DE:DK:MC,0.001,2000,100,250.001,600,600,600,10.65,10.65,europe_zone_1,,,True,GBP,G,MM,7,False,True,50,smallParcel,Royal Mail public online Click & Drop rate; no discounts on account/contract terms,https://www.royalmail.com/sending/international/international-signed,2026-04-07,verified public online price 2026-05-15,12,,0.12,2026-11-17,2027-01-09,,,,,,
royal_mail_international_signed_small_parcel,International Signed Small Parcel,OSA,01,signature:b2c:b2b,Europe Zone 1,IE:FR:DE:DK:MC,0.001,2000,250,500.001,600,600,600,11.90,11.90,europe_zone_1,,,True,GBP,G,MM,7,False,True,50,smallParcel,Royal Mail public online Click & Drop rate; no discounts on account/contract terms,https://www.royalmail.com/sending/international/international-signed,2026-04-07,verified public online price 2026-05-15,12,,0.12,2026-11-17,2027-01-09,,,,,,
royal_mail_international_signed_small_parcel,International Signed Small Parcel,OSA,01,signature:b2c:b2b,Europe Zone 1,IE:FR:DE:DK:MC,0.001,2000,500,750.001,600,600,600,13.00,13.00,europe_zone_1,,,True,GBP,G,MM,7,False,True,50,smallParcel,Royal Mail public online Click & Drop rate; no discounts on account/contract terms,https://www.royalmail.com/sending/international/international-signed,2026-04-07,verified public online price 2026-05-15,12,,0.12,2026-11-17,2027-01-09,,,,,,
royal_mail_international_signed_small_parcel,International Signed Small Parcel,OSA,01,signature:b2c:b2b,Europe Zone 1,IE:FR:DE:DK:MC,0.001,2000,750,1000.001,600,600,600,14.00,14.00,europe_zone_1,,,True,GBP,G,MM,7,False,True,50,smallParcel,Royal Mail public online Click & Drop rate; no discounts on account/contract terms,https://www.royalmail.com/sending/international/international-signed,2026-04-07,verified public online price 2026-05-15,12,,0.12,2026-11-17,2027-01-09,,,,,,
royal_mail_international_signed_small_parcel,International Signed Small Parcel,OSA,01,signature:b2c:b2b,Europe Zone 1,IE:FR:DE:DK:MC,0.001,2000,1000,1250.001,600,600,600,14.60,14.60,europe_zone_1,,,True,GBP,G,MM,7,False,True,50,smallParcel,Royal Mail public online Click & Drop rate; no discounts on account/contract terms,https://www.royalmail.com/sending/international/international-signed,2026-04-07,verified public online price 2026-05-15,12,,0.12,2026-11-17,2027-01-09,,,,,,
royal_mail_international_signed_small_parcel,International Signed Small Parcel,OSA,01,signature:b2c:b2b,Europe Zone 1,IE:FR:DE:DK:MC,0.001,2000,1250,1500.001,600,600,600,14.70,14.70,europe_zone_1,,,True,GBP,G,MM,7,False,True,50,smallParcel,Royal Mail public online Click & Drop rate; no discounts on account/contract terms,https://www.royalmail.com/sending/international/international-signed,2026-04-07,verified public online price 2026-05-15,12,,0.12,2026-11-17,2027-01-09,,,,,,
royal_mail_international_signed_small_parcel,International Signed Small Parcel,OSA,01,signature:b2c:b2b,Europe Zone 1,IE:FR:DE:DK:MC,0.001,2000,1500,2000.001,600,600,600,14.85,14.85,europe_zone_1,,,True,GBP,G,MM,7,False,True,50,smallParcel,Royal Mail public online Click & Drop rate; no discounts on account/contract terms,https://www.royalmail.com/sending/international/international-signed,2026-04-07,verified public online price 2026-05-15,12,,0.12,2026-11-17,2027-01-09,,,,,,
royal_mail_international_signed_small_parcel,International Signed Small Parcel,OSA,01,signature:b2c:b2b,Europe Zone 2,AT:LV:PT:LT:ES:LU:BE:BG:MT:NL:HR:PL:CY:RO:CZ:SK:EE:SI:FI:GR:HU:SE:IT,0.001,2000,0,100.001,600,600,600,10.20,10.20,europe_zone_2,,,True,GBP,G,MM,7,False,True,50,smallParcel,Royal Mail public online Click & Drop rate; no discounts on account/contract terms,https://www.royalmail.com/sending/international/international-signed,2026-04-07,verified public online price 2026-05-15,12,,0.12,2026-11-17,2027-01-09,,,,,,
royal_mail_international_signed_small_parcel,International Signed Small Parcel,OSA,01,signature:b2c:b2b,Europe Zone 2,AT:LV:PT:LT:ES:LU:BE:BG:MT:NL:HR:PL:CY:RO:CZ:SK:EE:SI:FI:GR:HU:SE:IT,0.001,2000,100,250.001,600,600,600,10.20,10.20,europe_zone_2,,,True,GBP,G,MM,7,False,True,50,smallParcel,Royal Mail public online Click & Drop rate; no discounts on account/contract terms,https://www.royalmail.com/sending/international/international-signed,2026-04-07,verified public online price 2026-05-15,12,,0.12,2026-11-17,2027-01-09,,,,,,
royal_mail_international_signed_small_parcel,International Signed Small Parcel,OSA,01,signature:b2c:b2b,Europe Zone 2,AT:LV:PT:LT:ES:LU:BE:BG:MT:NL:HR:PL:CY:RO:CZ:SK:EE:SI:FI:GR:HU:SE:IT,0.001,2000,250,500.001,600,600,600,11.80,11.80,europe_zone_2,,,True,GBP,G,MM,7,False,True,50,smallParcel,Royal Mail public online Click & Drop rate; no discounts on account/contract terms,https://www.royalmail.com/sending/international/international-signed,2026-04-07,verified public online price 2026-05-15,12,,0.12,2026-11-17,2027-01-09,,,,,,
royal_mail_international_signed_small_parcel,International Signed Small Parcel,OSA,01,signature:b2c:b2b,Europe Zone 2,AT:LV:PT:LT:ES:LU:BE:BG:MT:NL:HR:PL:CY:RO:CZ:SK:EE:SI:FI:GR:HU:SE:IT,0.001,2000,500,750.001,600,600,600,12.85,12.85,europe_zone_2,,,True,GBP,G,MM,7,False,True,50,smallParcel,Royal Mail public online Click & Drop rate; no discounts on account/contract terms,https://www.royalmail.com/sending/international/international-signed,2026-04-07,verified public online price 2026-05-15,12,,0.12,2026-11-17,2027-01-09,,,,,,
royal_mail_international_signed_small_parcel,International Signed Small Parcel,OSA,01,signature:b2c:b2b,Europe Zone 2,AT:LV:PT:LT:ES:LU:BE:BG:MT:NL:HR:PL:CY:RO:CZ:SK:EE:SI:FI:GR:HU:SE:IT,0.001,2000,750,1000.001,600,600,600,13.80,13.80,europe_zone_2,,,True,GBP,G,MM,7,False,True,50,smallParcel,Royal Mail public online Click & Drop rate; no discounts on account/contract terms,https://www.royalmail.com/sending/international/international-signed,2026-04-07,verified public online price 2026-05-15,12,,0.12,2026-11-17,2027-01-09,,,,,,
royal_mail_international_signed_small_parcel,International Signed Small Parcel,OSA,01,signature:b2c:b2b,Europe Zone 2,AT:LV:PT:LT:ES:LU:BE:BG:MT:NL:HR:PL:CY:RO:CZ:SK:EE:SI:FI:GR:HU:SE:IT,0.001,2000,1000,1250.001,600,600,600,14.10,14.10,europe_zone_2,,,True,GBP,G,MM,7,False,True,50,smallParcel,Royal Mail public online Click & Drop rate; no discounts on account/contract terms,https://www.royalmail.com/sending/international/international-signed,2026-04-07,verified public online price 2026-05-15,12,,0.12,2026-11-17,2027-01-09,,,,,,
royal_mail_international_signed_small_parcel,International Signed Small Parcel,OSA,01,signature:b2c:b2b,Europe Zone 2,AT:LV:PT:LT:ES:LU:BE:BG:MT:NL:HR:PL:CY:RO:CZ:SK:EE:SI:FI:GR:HU:SE:IT,0.001,2000,1250,1500.001,600,600,600,14.40,14.40,europe_zone_2,,,True,GBP,G,MM,7,False,True,50,smallParcel,Royal Mail public online Click & Drop rate; no discounts on account/contract terms,https://www.royalmail.com/sending/international/international-signed,2026-04-07,verified public online price 2026-05-15,12,,0.12,2026-11-17,2027-01-09,,,,,,
royal_mail_international_signed_small_parcel,International Signed Small Parcel,OSA,01,signature:b2c:b2b,Europe Zone 2,AT:LV:PT:LT:ES:LU:BE:BG:MT:NL:HR:PL:CY:RO:CZ:SK:EE:SI:FI:GR:HU:SE:IT,0.001,2000,1500,2000.001,600,600,600,14.85,14.85,europe_zone_2,,,True,GBP,G,MM,7,False,True,50,smallParcel,Royal Mail public online Click & Drop rate; no discounts on account/contract terms,https://www.royalmail.com/sending/international/international-signed,2026-04-07,verified public online price 2026-05-15,12,,0.12,2026-11-17,2027-01-09,,,,,,
royal_mail_international_signed_small_parcel,International Signed Small Parcel,OSA,01,signature:b2c:b2b,Europe Zone 3,AL:MD:AD:ME:AM:MK:AZ:NO:SJ:BY:RU:BA:SM:FO:RS:GE:CH:GI:TJ:GL:TR:IS:TM:KZ:UA:XK:UZ:KG:VA:LI,0.001,2000,0,100.001,600,600,600,11.50,11.50,europe_zone_3,,,True,GBP,G,MM,7,False,True,50,smallParcel,Royal Mail public online Click & Drop rate; no discounts on account/contract terms,https://www.royalmail.com/sending/international/international-signed,2026-04-07,verified public online price 2026-05-15,12,,0.12,2026-11-17,2027-01-09,,,,,,
royal_mail_international_signed_small_parcel,International Signed Small Parcel,OSA,01,signature:b2c:b2b,Europe Zone 3,AL:MD:AD:ME:AM:MK:AZ:NO:SJ:BY:RU:BA:SM:FO:RS:GE:CH:GI:TJ:GL:TR:IS:TM:KZ:UA:XK:UZ:KG:VA:LI,0.001,2000,100,250.001,600,600,600,11.50,11.50,europe_zone_3,,,True,GBP,G,MM,7,False,True,50,smallParcel,Royal Mail public online Click & Drop rate; no discounts on account/contract terms,https://www.royalmail.com/sending/international/international-signed,2026-04-07,verified public online price 2026-05-15,12,,0.12,2026-11-17,2027-01-09,,,,,,
royal_mail_international_signed_small_parcel,International Signed Small Parcel,OSA,01,signature:b2c:b2b,Europe Zone 3,AL:MD:AD:ME:AM:MK:AZ:NO:SJ:BY:RU:BA:SM:FO:RS:GE:CH:GI:TJ:GL:TR:IS:TM:KZ:UA:XK:UZ:KG:VA:LI,0.001,2000,250,500.001,600,600,600,13.15,13.15,europe_zone_3,,,True,GBP,G,MM,7,False,True,50,smallParcel,Royal Mail public online Click & Drop rate; no discounts on account/contract terms,https://www.royalmail.com/sending/international/international-signed,2026-04-07,verified public online price 2026-05-15,12,,0.12,2026-11-17,2027-01-09,,,,,,
royal_mail_international_signed_small_parcel,International Signed Small Parcel,OSA,01,signature:b2c:b2b,Europe Zone 3,AL:MD:AD:ME:AM:MK:AZ:NO:SJ:BY:RU:BA:SM:FO:RS:GE:CH:GI:TJ:GL:TR:IS:TM:KZ:UA:XK:UZ:KG:VA:LI,0.001,2000,500,750.001,600,600,600,14.35,14.35,europe_zone_3,,,True,GBP,G,MM,7,False,True,50,smallParcel,Royal Mail public online Click & Drop rate; no discounts on account/contract terms,https://www.royalmail.com/sending/international/international-signed,2026-04-07,verified public online price 2026-05-15,12,,0.12,2026-11-17,2027-01-09,,,,,,
royal_mail_international_signed_small_parcel,International Signed Small Parcel,OSA,01,signature:b2c:b2b,Europe Zone 3,AL:MD:AD:ME:AM:MK:AZ:NO:SJ:BY:RU:BA:SM:FO:RS:GE:CH:GI:TJ:GL:TR:IS:TM:KZ:UA:XK:UZ:KG:VA:LI,0.001,2000,750,1000.001,600,600,600,15.65,15.65,europe_zone_3,,,True,GBP,G,MM,7,False,True,50,smallParcel,Royal Mail public online Click & Drop rate; no discounts on account/contract terms,https://www.royalmail.com/sending/international/international-signed,2026-04-07,verified public online price 2026-05-15,12,,0.12,2026-11-17,2027-01-09,,,,,,
royal_mail_international_signed_small_parcel,International Signed Small Parcel,OSA,01,signature:b2c:b2b,Europe Zone 3,AL:MD:AD:ME:AM:MK:AZ:NO:SJ:BY:RU:BA:SM:FO:RS:GE:CH:GI:TJ:GL:TR:IS:TM:KZ:UA:XK:UZ:KG:VA:LI,0.001,2000,1000,1250.001,600,600,600,17.25,17.25,europe_zone_3,,,True,GBP,G,MM,7,False,True,50,smallParcel,Royal Mail public online Click & Drop rate; no discounts on account/contract terms,https://www.royalmail.com/sending/international/international-signed,2026-04-07,verified public online price 2026-05-15,12,,0.12,2026-11-17,2027-01-09,,,,,,
royal_mail_international_signed_small_parcel,International Signed Small Parcel,OSA,01,signature:b2c:b2b,Europe Zone 3,AL:MD:AD:ME:AM:MK:AZ:NO:SJ:BY:RU:BA:SM:FO:RS:GE:CH:GI:TJ:GL:TR:IS:TM:KZ:UA:XK:UZ:KG:VA:LI,0.001,2000,1250,1500.001,600,600,600,18.45,18.45,europe_zone_3,,,True,GBP,G,MM,7,False,True,50,smallParcel,Royal Mail public online Click & Drop rate; no discounts on account/contract terms,https://www.royalmail.com/sending/international/international-signed,2026-04-07,verified public online price 2026-05-15,12,,0.12,2026-11-17,2027-01-09,,,,,,
royal_mail_international_signed_small_parcel,International Signed Small Parcel,OSA,01,signature:b2c:b2b,Europe Zone 3,AL:MD:AD:ME:AM:MK:AZ:NO:SJ:BY:RU:BA:SM:FO:RS:GE:CH:GI:TJ:GL:TR:IS:TM:KZ:UA:XK:UZ:KG:VA:LI,0.001,2000,1500,2000.001,600,600,600,22.40,22.40,europe_zone_3,,,True,GBP,G,MM,7,False,True,50,smallParcel,Royal Mail public online Click & Drop rate; no discounts on account/contract terms,https://www.royalmail.com/sending/international/international-signed,2026-04-07,verified public online price 2026-05-15,12,,0.12,2026-11-17,2027-01-09,,,,,,
royal_mail_international_signed_small_parcel,International Signed Small Parcel,OSA,01,signature:b2c:b2b,World Zone 1,,0.001,2000,0,100.001,600,600,600,16.15,16.15,world_zone_1,,,True,GBP,G,MM,7,False,True,50,smallParcel,Royal Mail public online Click & Drop rate; no discounts on account/contract terms,https://www.royalmail.com/sending/international/international-signed,2026-04-07,verified public online price 2026-05-15,12,,0.12,2026-11-17,2027-01-09,,,,,,
royal_mail_international_signed_small_parcel,International Signed Small Parcel,OSA,01,signature:b2c:b2b,World Zone 1,,0.001,2000,100,250.001,600,600,600,16.55,16.55,world_zone_1,,,True,GBP,G,MM,7,False,True,50,smallParcel,Royal Mail public online Click & Drop rate; no discounts on account/contract terms,https://www.royalmail.com/sending/international/international-signed,2026-04-07,verified public online price 2026-05-15,12,,0.12,2026-11-17,2027-01-09,,,,,,
royal_mail_international_signed_small_parcel,International Signed Small Parcel,OSA,01,signature:b2c:b2b,World Zone 1,,0.001,2000,250,500.001,600,600,600,17.50,17.50,world_zone_1,,,True,GBP,G,MM,7,False,True,50,smallParcel,Royal Mail public online Click & Drop rate; no discounts on account/contract terms,https://www.royalmail.com/sending/international/international-signed,2026-04-07,verified public online price 2026-05-15,12,,0.12,2026-11-17,2027-01-09,,,,,,
royal_mail_international_signed_small_parcel,International Signed Small Parcel,OSA,01,signature:b2c:b2b,World Zone 1,,0.001,2000,500,750.001,600,600,600,20.00,20.00,world_zone_1,,,True,GBP,G,MM,7,False,True,50,smallParcel,Royal Mail public online Click & Drop rate; no discounts on account/contract terms,https://www.royalmail.com/sending/international/international-signed,2026-04-07,verified public online price 2026-05-15,12,,0.12,2026-11-17,2027-01-09,,,,,,
royal_mail_international_signed_small_parcel,International Signed Small Parcel,OSA,01,signature:b2c:b2b,World Zone 1,,0.001,2000,750,1000.001,600,600,600,22.80,22.80,world_zone_1,,,True,GBP,G,MM,7,False,True,50,smallParcel,Royal Mail public online Click & Drop rate; no discounts on account/contract terms,https://www.royalmail.com/sending/international/international-signed,2026-04-07,verified public online price 2026-05-15,12,,0.12,2026-11-17,2027-01-09,,,,,,
royal_mail_international_signed_small_parcel,International Signed Small Parcel,OSA,01,signature:b2c:b2b,World Zone 1,,0.001,2000,1000,1250.001,600,600,600,24.90,24.90,world_zone_1,,,True,GBP,G,MM,7,False,True,50,smallParcel,Royal Mail public online Click & Drop rate; no discounts on account/contract terms,https://www.royalmail.com/sending/international/international-signed,2026-04-07,verified public online price 2026-05-15,12,,0.12,2026-11-17,2027-01-09,,,,,,
royal_mail_international_signed_small_parcel,International Signed Small Parcel,OSA,01,signature:b2c:b2b,World Zone 1,,0.001,2000,1250,1500.001,600,600,600,26.75,26.75,world_zone_1,,,True,GBP,G,MM,7,False,True,50,smallParcel,Royal Mail public online Click & Drop rate; no discounts on account/contract terms,https://www.royalmail.com/sending/international/international-signed,2026-04-07,verified public online price 2026-05-15,12,,0.12,2026-11-17,2027-01-09,,,,,,
royal_mail_international_signed_small_parcel,International Signed Small Parcel,OSA,01,signature:b2c:b2b,World Zone 1,,0.001,2000,1500,2000.001,600,600,600,27.90,27.90,world_zone_1,,,True,GBP,G,MM,7,False,True,50,smallParcel,Royal Mail public online Click & Drop rate; no discounts on account/contract terms,https://www.royalmail.com/sending/international/international-signed,2026-04-07,verified public online price 2026-05-15,12,,0.12,2026-11-17,2027-01-09,,,,,,
royal_mail_international_signed_small_parcel,International Signed Small Parcel,OSA,01,signature:b2c:b2b,World Zone 2,AU:PW:IO:CX:CC:CK:FJ:PF:TF:KI:MO:NR:NC:NZ:AQ:NU:NF:BV:PG:LA:PN:SG:SB:TK:TO:TV:AS:WS,0.001,2000,0,100.001,600,600,600,13.95,13.95,world_zone_2,,,True,GBP,G,MM,7,False,True,50,smallParcel,Royal Mail public online Click & Drop rate; no discounts on account/contract terms,https://www.royalmail.com/sending/international/international-signed,2026-04-07,verified public online price 2026-05-15,12,,0.12,2026-11-17,2027-01-09,,,,,,
royal_mail_international_signed_small_parcel,International Signed Small Parcel,OSA,01,signature:b2c:b2b,World Zone 2,AU:PW:IO:CX:CC:CK:FJ:PF:TF:KI:MO:NR:NC:NZ:AQ:NU:NF:BV:PG:LA:PN:SG:SB:TK:TO:TV:AS:WS,0.001,2000,100,250.001,600,600,600,14.35,14.35,world_zone_2,,,True,GBP,G,MM,7,False,True,50,smallParcel,Royal Mail public online Click & Drop rate; no discounts on account/contract terms,https://www.royalmail.com/sending/international/international-signed,2026-04-07,verified public online price 2026-05-15,12,,0.12,2026-11-17,2027-01-09,,,,,,
royal_mail_international_signed_small_parcel,International Signed Small Parcel,OSA,01,signature:b2c:b2b,World Zone 2,AU:PW:IO:CX:CC:CK:FJ:PF:TF:KI:MO:NR:NC:NZ:AQ:NU:NF:BV:PG:LA:PN:SG:SB:TK:TO:TV:AS:WS,0.001,2000,250,500.001,600,600,600,19.05,19.05,world_zone_2,,,True,GBP,G,MM,7,False,True,50,smallParcel,Royal Mail public online Click & Drop rate; no discounts on account/contract terms,https://www.royalmail.com/sending/international/international-signed,2026-04-07,verified public online price 2026-05-15,12,,0.12,2026-11-17,2027-01-09,,,,,,
royal_mail_international_signed_small_parcel,International Signed Small Parcel,OSA,01,signature:b2c:b2b,World Zone 2,AU:PW:IO:CX:CC:CK:FJ:PF:TF:KI:MO:NR:NC:NZ:AQ:NU:NF:BV:PG:LA:PN:SG:SB:TK:TO:TV:AS:WS,0.001,2000,500,750.001,600,600,600,22.00,22.00,world_zone_2,,,True,GBP,G,MM,7,False,True,50,smallParcel,Royal Mail public online Click & Drop rate; no discounts on account/contract terms,https://www.royalmail.com/sending/international/international-signed,2026-04-07,verified public online price 2026-05-15,12,,0.12,2026-11-17,2027-01-09,,,,,,
royal_mail_international_signed_small_parcel,International Signed Small Parcel,OSA,01,signature:b2c:b2b,World Zone 2,AU:PW:IO:CX:CC:CK:FJ:PF:TF:KI:MO:NR:NC:NZ:AQ:NU:NF:BV:PG:LA:PN:SG:SB:TK:TO:TV:AS:WS,0.001,2000,750,1000.001,600,600,600,25.30,25.30,world_zone_2,,,True,GBP,G,MM,7,False,True,50,smallParcel,Royal Mail public online Click & Drop rate; no discounts on account/contract terms,https://www.royalmail.com/sending/international/international-signed,2026-04-07,verified public online price 2026-05-15,12,,0.12,2026-11-17,2027-01-09,,,,,,
royal_mail_international_signed_small_parcel,International Signed Small Parcel,OSA,01,signature:b2c:b2b,World Zone 2,AU:PW:IO:CX:CC:CK:FJ:PF:TF:KI:MO:NR:NC:NZ:AQ:NU:NF:BV:PG:LA:PN:SG:SB:TK:TO:TV:AS:WS,0.001,2000,1000,1250.001,600,600,600,28.40,28.40,world_zone_2,,,True,GBP,G,MM,7,False,True,50,smallParcel,Royal Mail public online Click & Drop rate; no discounts on account/contract terms,https://www.royalmail.com/sending/international/international-signed,2026-04-07,verified public online price 2026-05-15,12,,0.12,2026-11-17,2027-01-09,,,,,,
royal_mail_international_signed_small_parcel,International Signed Small Parcel,OSA,01,signature:b2c:b2b,World Zone 2,AU:PW:IO:CX:CC:CK:FJ:PF:TF:KI:MO:NR:NC:NZ:AQ:NU:NF:BV:PG:LA:PN:SG:SB:TK:TO:TV:AS:WS,0.001,2000,1250,1500.001,600,600,600,31.55,31.55,world_zone_2,,,True,GBP,G,MM,7,False,True,50,smallParcel,Royal Mail public online Click & Drop rate; no discounts on account/contract terms,https://www.royalmail.com/sending/international/international-signed,2026-04-07,verified public online price 2026-05-15,12,,0.12,2026-11-17,2027-01-09,,,,,,
royal_mail_international_signed_small_parcel,International Signed Small Parcel,OSA,01,signature:b2c:b2b,World Zone 2,AU:PW:IO:CX:CC:CK:FJ:PF:TF:KI:MO:NR:NC:NZ:AQ:NU:NF:BV:PG:LA:PN:SG:SB:TK:TO:TV:AS:WS,0.001,2000,1500,2000.001,600,600,600,33.70,33.70,world_zone_2,,,True,GBP,G,MM,7,False,True,50,smallParcel,Royal Mail public online Click & Drop rate; no discounts on account/contract terms,https://www.royalmail.com/sending/international/international-signed,2026-04-07,verified public online price 2026-05-15,12,,0.12,2026-11-17,2027-01-09,,,,,,
